4,0,32,100,0.064000,0.800000,0.000000,0.700000,2.000000,0.100000,0.100000,0.100000,0.100000,0.380987,0.000000,0.020932
4,0,33,100,0.066000,0.800000,0.000000,0.700000,2.000000,0.100000,0.100000,0.100000,0.100000,0.380977,0.000000,0.021012
4,0,31,100,0.062000,0.800000,0.000000,0.700000,2.000000,0.100000,0.100000,0.100000,0.100000,0.380997,0.000000,0.020850
4,0,42,100,0.084000,0.800000,0.000000,0.700000,2.000000,0.100000,0.100000,0.100000,0.100000,0.380887,0.000000,0.021637
4,0,25,100,0.050000,0.800000,0.000000,0.700000,2.000000,0.100000,0.100000,0.100000,0.100000,0.381052,0.000000,0.020310
4,0,12,100,0.024000,0.800000,0.000000,0.700000,2.000000,0.100000,0.100000,0.100000,0.100000,0.381182,0.000000,0.018683
4,0,34,100,0.068000,0.800000,0.000000,0.700000,2.000000,0.100000,0.100000,0.100000,0.100000,0.380967,0.000000,0.021090
4,0,41,100,0.082000,0.800000,0.000000,0.700000,2.000000,0.100000,0.100000,0.100000,0.100000,0.380897,0.000000,0.021576
4,0,18,100,0.036000,0.800000,0.000000,0.700000,2.000000,0.100000,0.100000,0.100000,0.100000,0.381110,0.000000,0.019556
4,0,17,100,0.034000,0.800000,0.000000,0.700000,2.000000,0.100000,0.100000,0.100000,0.100000,0.381119,0.000000,0.019431
4,0,11,100,0.022000,0.800000,0.000000,0.700000,2.000000,0.100000,0.100000,0.100000,0.100000,0.381202,0.000000,0.018491
4,0,14,100,0.028000,0.800000,0.000000,0.700000,2.000000,0.100000,0.100000,0.100000,0.100000,0.381151,0.000000,0.019016
4,0,27,100,0.054000,0.800000,0.000000,0.700000,2.000000,0.100000,0.100000,0.100000,0.100000,0.381034,0.000000,0.020499
4,0,26,100,0.052000,0.800000,0.000000,0.700000,2.000000,0.100000,0.100000,0.100000,0.100000,0.381043,0.000000,0.020406
4,0,16,100,0.032000,0.800000,0.000000,0.700000,2.000000,0.100000,0.100000,0.100000,0.100000,0.381129,0.000000,0.019301
4,0,36,100,0.072000,0.800000,0.000000,0.700000,2.000000,0.100000,0.100000,0.100000,0.100000,0.380947,0.000000,0.021239
4,0,28,100,0.056000,0.800000,0.000000,0.700000,2.000000,0.100000,0.100000,0.100000,0.100000,0.381025,0.000000,0.020590
4,0,6,100,0.012000,0.800000,0.000000,0.700000,2.000000,0.100000,0.100000,0.100000,0.100000,0.381391,0.000000,0.016816
4,0,7,100,0.014000,0.800000,0.000000,0.700000,2.000000,0.100000,0.100000,0.100000,0.100000,0.381337,0.000000,0.017327
4,0,43,100,0.086000,0.800000,0.000000,0.700000,2.000000,0.100000,0.100000,0.100000,0.100000,0.380877,0.000000,0.021696
4,0,35,100,0.070000,0.800000,0.000000,0.700000,2.000000,0.100000,0.100000,0.100000,0.100000,0.380957,0.000000,0.021166
4,0,15,100,0.030000,0.800000,0.000000,0.700000,2.000000,0.100000,0.100000,0.100000,0.100000,0.381139,0.000000,0.019163
4,0,39,100,0.078000,0.800000,0.000000,0.700000,2.000000,0.100000,0.100000,0.100000,0.100000,0.380917,0.000000,0.021447
4,0,0,100,0.000000,0.800000,0.000000,0.700000,2.000000,0.100000,0.100000,0.100000,0.100000,0.381868,0.000000,0.009074
4,0,40,100,0.080000,0.800000,0.000000,0.700000,2.000000,0.100000,0.100000,0.100000,0.100000,0.380907,0.000000,0.021513
4,0,10,100,0.020000,0.800000,0.000000,0.700000,2.000000,0.100000,0.100000,0.100000,0.100000,0.381226,0.000000,0.018272
4,0,29,100,0.058000,0.800000,0.000000,0.700000,2.000000,0.100000,0.100000,0.100000,0.100000,0.381016,0.000000,0.020679
4,0,30,100,0.060000,0.800000,0.000000,0.700000,2.000000,0.100000,0.100000,0.100000,0.100000,0.381007,0.000000,0.020766
4,0,8,100,0.016000,0.800000,0.000000,0.700000,2.000000,0.100000,0.100000,0.100000,0.100000,0.381292,0.000000,0.017711
4,0,24,100,0.048000,0.800000,0.000000,0.700000,2.000000,0.100000,0.100000,0.100000,0.100000,0.381061,0.000000,0.020212
4,0,5,100,0.010000,0.800000,0.000000,0.700000,2.000000,0.100000,0.100000,0.100000,0.100000,0.381456,0.000000,0.016094
4,0,44,100,0.088000,0.800000,0.000000,0.700000,2.000000,0.100000,0.100000,0.100000,0.100000,0.380868,0.000000,0.021754
4,0,19,100,0.038000,0.800000,0.000000,0.700000,2.000000,0.100000,0.100000,0.100000,0.100000,0.381102,0.000000,0.019675
4,0,37,100,0.074000,0.800000,0.000000,0.700000,2.000000,0.100000,0.100000,0.100000,0.100000,0.380937,0.000000,0.021311
4,0,21,100,0.042000,0.800000,0.000000,0.700000,2.000000,0.100000,0.100000,0.100000,0.100000,0.381085,0.000000,0.019900
4,0,3,100,0.006000,0.800000,0.000000,0.700000,2.000000,0.100000,0.100000,0.100000,0.100000,0.381626,0.000000,0.013354
4,0,9,100,0.018000,0.800000,0.000000,0.700000,2.000000,0.100000,0.100000,0.100000,0.100000,0.381256,0.000000,0.018018
4,0,38,100,0.076000,0.800000,0.000000,0.700000,2.000000,0.100000,0.100000,0.100000,0.100000,0.380927,0.000000,0.021380
4,0,1,100,0.002000,0.800000,0.000000,0.700000,2.000000,0.100000,0.100000,0.100000,0.100000,0.381827,0.000000,0.009423
4,0,20,100,0.040000,0.800000,0.000000,0.700000,2.000000,0.100000,0.100000,0.100000,0.100000,0.381093,0.000000,0.019789
4,0,23,100,0.046000,0.800000,0.000000,0.700000,2.000000,0.100000,0.100000,0.100000,0.100000,0.381069,0.000000,0.020111
4,0,22,100,0.044000,0.800000,0.000000,0.700000,2.000000,0.100000,0.100000,0.100000,0.100000,0.381077,0.000000,0.020007
4,0,4,100,0.008000,0.800000,0.000000,0.700000,2.000000,0.100000,0.100000,0.100000,0.100000,0.381534,0.000000,0.015006
4,0,13,100,0.026000,0.800000,0.000000,0.700000,2.000000,0.100000,0.100000,0.100000,0.100000,0.381165,0.000000,0.018857
4,0,2,100,0.004000,0.800000,0.000000,0.700000,2.000000,0.100000,0.100000,0.100000,0.100000,0.381730,0.000000,0.011191
4,1,30,100,0.060000,0.800000,0.000000,0.700000,2.000000,0.100000,0.100000,0.100000,0.100000,0.384949,0.000000,0.008134
4,1,26,100,0.052000,0.800000,0.000000,0.700000,2.000000,0.100000,0.100000,0.100000,0.100000,0.384870,0.000000,0.008168
4,1,0,100,0.000000,0.800000,0.000000,0.700000,2.000000,0.100000,0.100000,0.100000,0.100000,0.384435,0.000000,0.006939
4,1,10,100,0.020000,0.800000,0.000000,0.700000,2.000000,0.100000,0.100000,0.100000,0.100000,0.384499,0.000000,0.007477
4,1,18,100,0.036000,0.800000,0.000000,0.700000,2.000000,0.100000,0.100000,0.100000,0.100000,0.384696,0.000000,0.008032
4,1,6,100,0.012000,0.800000,0.000000,0.700000,2.000000,0.100000,0.100000,0.100000,0.100000,0.384398,0.000000,0.006990
4,1,38,100,0.076000,0.800000,0.000000,0.700000,2.000000,0.100000,0.100000,0.100000,0.100000,0.385095,0.000000,0.007942
4,1,11,100,0.022000,0.800000,0.000000,0.700000,2.000000,0.100000,0.100000,0.100000,0.100000,0.384525,0.000000,0.007574
4,1,24,100,0.048000,0.800000,0.000000,0.700000,2.000000,0.100000,0.100000,0.100000,0.100000,0.384828,0.000000,0.008163
4,1,28,100,0.056000,0.800000,0.000000,0.700000,2.000000,0.100000,0.100000,0.100000,0.100000,0.384910,0.000000,0.008158
4,1,5,100,0.010000,0.800000,0.000000,0.700000,2.000000,0.100000,0.100000,0.100000,0.100000,0.384380,0.000000,0.006831
4,1,32,100,0.064000,0.800000,0.000000,0.700000,2.000000,0.100000,0.100000,0.100000,0.100000,0.384987,0.000000,0.008100
4,0,45,100,0.090000,0.800000,0.000000,0.700000,2.000000,0.100000,0.100000,0.100000,0.100000,0.380858,0.000000,0.021809
4,1,15,100,0.030000,0.800000,0.000000,0.700000,2.000000,0.100000,0.100000,0.100000,0.100000,0.384626,0.000000,0.007883
4,1,23,100,0.046000,0.800000,0.000000,0.700000,2.000000,0.100000,0.100000,0.100000,0.100000,0.384807,0.000000,0.008154
4,1,36,100,0.072000,0.800000,0.000000,0.700000,2.000000,0.100000,0.100000,0.100000,0.100000,0.385060,0.000000,0.008002
4,1,3,100,0.006000,0.800000,0.000000,0.700000,2.000000,0.100000,0.100000,0.100000,0.100000,0.384371,0.000000,0.006452
4,1,19,100,0.038000,0.800000,0.000000,0.700000,2.000000,0.100000,0.100000,0.100000,0.100000,0.384719,0.000000,0.008068
4,1,16,100,0.032000,0.800000,0.000000,0.700000,2.000000,0.100000,0.100000,0.100000,0.100000,0.384650,0.000000,0.007940
4,1,13,100,0.026000,0.800000,0.000000,0.700000,2.000000,0.100000,0.100000,0.100000,0.100000,0.384576,0.000000,0.007745
4,0,48,100,0.096000,0.800000,0.000000,0.700000,2.000000,0.100000,0.100000,0.100000,0.100000,0.380830,0.000000,0.021963
4,1,12,100,0.024000,0.800000,0.000000,0.700000,2.000000,0.100000,0.100000,0.100000,0.100000,0.384551,0.000000,0.007664
4,1,33,100,0.066000,0.800000,0.000000,0.700000,2.000000,0.100000,0.100000,0.100000,0.100000,0.385006,0.000000,0.008079
4,1,2,100,0.004000,0.800000,0.000000,0.700000,2.000000,0.100000,0.100000,0.100000,0.100000,0.384387,0.000000,0.006313
4,1,1,100,0.002000,0.800000,0.000000,0.700000,2.000000,0.100000,0.100000,0.100000,0.100000,0.384413,0.000000,0.006404
4,1,35,100,0.070000,0.800000,0.000000,0.700000,2.000000,0.100000,0.100000,0.100000,0.100000,0.385043,0.000000,0.008030
4,1,29,100,0.058000,0.800000,0.000000,0.700000,2.000000,0.100000,0.100000,0.100000,0.100000,0.384930,0.000000,0.008147
4,1,31,100,0.062000,0.800000,0.000000,0.700000,2.000000,0.100000,0.100000,0.100000,0.100000,0.384968,0.000000,0.008118
4,1,4,100,0.008000,0.800000,0.000000,0.700000,2.000000,0.100000,0.100000,0.100000,0.100000,0.384369,0.000000,0.006647
4,1,27,100,0.054000,0.800000,0.000000,0.700000,2.000000,0.100000,0.100000,0.100000,0.100000,0.384890,0.000000,0.008164
4,0,50,100,0.100000,0.800000,0.000000,0.700000,2.000000,0.100000,0.100000,0.100000,0.100000,0.380812,0.000000,0.022056
4,1,9,100,0.018000,0.800000,0.000000,0.700000,2.000000,0.100000,0.100000,0.100000,0.100000,0.384473,0.000000,0.007371
4,1,34,100,0.068000,0.800000,0.000000,0.700000,2.000000,0.100000,0.100000,0.100000,0.100000,0.385024,0.000000,0.008055
4,0,47,100,0.094000,0.800000,0.000000,0.700000,2.000000,0.100000,0.100000,0.100000,0.100000,0.380839,0.000000,0.021913
4,1,8,100,0.016000,0.800000,0.000000,0.700000,2.000000,0.100000,0.100000,0.100000,0.100000,0.384447,0.000000,0.007256
4,0,49,100,0.098000,0.800000,0.000000,0.700000,2.000000,0.100000,0.100000,0.100000,0.100000,0.380821,0.000000,0.022011
4,1,37,100,0.074000,0.800000,0.000000,0.700000,2.000000,0.100000,0.100000,0.100000,0.100000,0.385078,0.000000,0.007973
4,1,20,100,0.040000,0.800000,0.000000,0.700000,2.000000,0.100000,0.100000,0.100000,0.100000,0.384742,0.000000,0.008098
4,1,21,100,0.042000,0.800000,0.000000,0.700000,2.000000,0.100000,0.100000,0.100000,0.100000,0.384764,0.000000,0.008122
4,1,25,100,0.050000,0.800000,0.000000,0.700000,2.000000,0.100000,0.100000,0.100000,0.100000,0.384849,0.000000,0.008167
4,1,14,100,0.028000,0.800000,0.000000,0.700000,2.000000,0.100000,0.100000,0.100000,0.100000,0.384601,0.000000,0.007818
4,0,46,100,0.092000,0.800000,0.000000,0.700000,2.000000,0.100000,0.100000,0.100000,0.100000,0.380849,0.000000,0.021862
4,1,7,100,0.014000,0.800000,0.000000,0.700000,2.000000,0.100000,0.100000,0.100000,0.100000,0.384421,0.000000,0.007130
4,1,17,100,0.034000,0.800000,0.000000,0.700000,2.000000,0.100000,0.100000,0.100000,0.100000,0.384673,0.000000,0.007990
4,1,22,100,0.044000,0.800000,0.000000,0.700000,2.000000,0.100000,0.100000,0.100000,0.100000,0.384786,0.000000,0.008141
4,2,16,100,0.032000,0.800000,0.000000,0.700000,2.000000,0.100000,0.100000,0.100000,0.100000,0.384190,0.000000,0.004830
4,1,44,100,0.088000,0.800000,0.000000,0.700000,2.000000,0.100000,0.100000,0.100000,0.100000,0.385194,0.000000,0.007726
4,2,24,100,0.048000,0.800000,0.000000,0.700000,2.000000,0.100000,0.100000,0.100000,0.100000,0.384261,0.000000,0.004729
4,2,17,100,0.034000,0.800000,0.000000,0.700000,2.000000,0.100000,0.100000,0.100000,0.100000,0.384202,0.000000,0.004789
4,1,39,100,0.078000,0.800000,0.000000,0.700000,2.000000,0.100000,0.100000,0.100000,0.100000,0.385113,0.000000,0.007909
4,2,4,100,0.008000,0.800000,0.000000,0.700000,2.000000,0.100000,0.100000,0.100000,0.100000,0.383827,0.000000,0.007036
4,2,1,100,0.002000,0.800000,0.000000,0.700000,2.000000,0.100000,0.100000,0.100000,0.100000,0.383669,0.000000,0.008303
4,2,26,100,0.052000,0.800000,0.000000,0.700000,2.000000,0.100000,0.100000,0.100000,0.100000,0.384273,0.000000,0.004759
4,1,50,100,0.100000,0.800000,0.000000,0.700000,2.000000,0.100000,0.100000,0.100000,0.100000,0.385284,0.000000,0.007475
4,2,32,100,0.064000,0.800000,0.000000,0.700000,2.000000,0.100000,0.100000,0.100000,0.100000,0.384303,0.000000,0.004904
4,2,3,100,0.006000,0.800000,0.000000,0.700000,2.000000,0.100000,0.100000,0.100000,0.100000,0.383770,0.000000,0.007489
4,1,40,100,0.080000,0.800000,0.000000,0.700000,2.000000,0.100000,0.100000,0.100000,0.100000,0.385129,0.000000,0.007875
4,2,2,100,0.004000,0.800000,0.000000,0.700000,2.000000,0.100000,0.100000,0.100000,0.100000,0.383713,0.000000,0.007929
4,1,49,100,0.098000,0.800000,0.000000,0.700000,2.000000,0.100000,0.100000,0.100000,0.100000,0.385270,0.000000,0.007518
4,2,28,100,0.056000,0.800000,0.000000,0.700000,2.000000,0.100000,0.100000,0.100000,0.100000,0.384284,0.000000,0.004800
4,2,14,100,0.028000,0.800000,0.000000,0.700000,2.000000,0.100000,0.100000,0.100000,0.100000,0.384161,0.000000,0.004948
4,2,13,100,0.026000,0.800000,0.000000,0.700000,2.000000,0.100000,0.100000,0.100000,0.100000,0.384144,0.000000,0.005028
4,1,42,100,0.084000,0.800000,0.000000,0.700000,2.000000,0.100000,0.100000,0.100000,0.100000,0.385162,0.000000,0.007803
4,2,21,100,0.042000,0.800000,0.000000,0.700000,2.000000,0.100000,0.100000,0.100000,0.100000,0.384239,0.000000,0.004716
4,2,15,100,0.030000,0.800000,0.000000,0.700000,2.000000,0.100000,0.100000,0.100000,0.100000,0.384177,0.000000,0.004883
4,2,30,100,0.060000,0.800000,0.000000,0.700000,2.000000,0.100000,0.100000,0.100000,0.100000,0.384294,0.000000,0.004849
4,2,31,100,0.062000,0.800000,0.000000,0.700000,2.000000,0.100000,0.100000,0.100000,0.100000,0.384298,0.000000,0.004876
4,2,7,100,0.014000,0.800000,0.000000,0.700000,2.000000,0.100000,0.100000,0.100000,0.100000,0.383973,0.000000,0.005985
4,2,27,100,0.054000,0.800000,0.000000,0.700000,2.000000,0.100000,0.100000,0.100000,0.100000,0.384279,0.000000,0.004778
4,2,5,100,0.010000,0.800000,0.000000,0.700000,2.000000,0.100000,0.100000,0.100000,0.100000,0.383881,0.000000,0.006625
4,1,45,100,0.090000,0.800000,0.000000,0.700000,2.000000,0.100000,0.100000,0.100000,0.100000,0.385210,0.000000,0.007686
4,1,48,100,0.096000,0.800000,0.000000,0.700000,2.000000,0.100000,0.100000,0.100000,0.100000,0.385255,0.000000,0.007561
4,1,46,100,0.092000,0.800000,0.000000,0.700000,2.000000,0.100000,0.100000,0.100000,0.100000,0.385225,0.000000,0.007645
4,2,25,100,0.050000,0.800000,0.000000,0.700000,2.000000,0.100000,0.100000,0.100000,0.100000,0.384267,0.000000,0.004742
4,2,29,100,0.058000,0.800000,0.000000,0.700000,2.000000,0.100000,0.100000,0.100000,0.100000,0.384289,0.000000,0.004824
4,2,19,100,0.038000,0.800000,0.000000,0.700000,2.000000,0.100000,0.100000,0.100000,0.100000,0.384222,0.000000,0.004736
4,1,43,100,0.086000,0.800000,0.000000,0.700000,2.000000,0.100000,0.100000,0.100000,0.100000,0.385179,0.000000,0.007765
4,2,8,100,0.016000,0.800000,0.000000,0.700000,2.000000,0.100000,0.100000,0.100000,0.100000,0.384012,0.000000,0.005745
4,2,20,100,0.040000,0.800000,0.000000,0.700000,2.000000,0.100000,0.100000,0.100000,0.100000,0.384231,0.000000,0.004723
4,2,6,100,0.012000,0.800000,0.000000,0.700000,2.000000,0.100000,0.100000,0.100000,0.100000,0.383929,0.000000,0.006275
4,2,22,100,0.044000,0.800000,0.000000,0.700000,2.000000,0.100000,0.100000,0.100000,0.100000,0.384247,0.000000,0.004715
4,2,12,100,0.024000,0.800000,0.000000,0.700000,2.000000,0.100000,0.100000,0.100000,0.100000,0.384125,0.000000,0.005125
4,2,0,100,0.000000,0.800000,0.000000,0.700000,2.000000,0.100000,0.100000,0.100000,0.100000,0.383651,0.000000,0.008729
4,2,10,100,0.020000,0.800000,0.000000,0.700000,2.000000,0.100000,0.100000,0.100000,0.100000,0.384076,0.000000,0.005380
4,2,11,100,0.022000,0.800000,0.000000,0.700000,2.000000,0.100000,0.100000,0.100000,0.100000,0.384102,0.000000,0.005242
4,2,9,100,0.018000,0.800000,0.000000,0.700000,2.000000,0.100000,0.100000,0.100000,0.100000,0.384046,0.000000,0.005546
4,1,41,100,0.082000,0.800000,0.000000,0.700000,2.000000,0.100000,0.100000,0.100000,0.100000,0.385146,0.000000,0.007839
4,2,23,100,0.046000,0.800000,0.000000,0.700000,2.000000,0.100000,0.100000,0.100000,0.100000,0.384254,0.000000,0.004720
4,2,18,100,0.036000,0.800000,0.000000,0.700000,2.000000,0.100000,0.100000,0.100000,0.100000,0.384213,0.000000,0.004758
4,1,47,100,0.094000,0.800000,0.000000,0.700000,2.000000,0.100000,0.100000,0.100000,0.100000,0.385240,0.000000,0.007603
4,2,42,100,0.084000,0.800000,0.000000,0.700000,2.000000,0.100000,0.100000,0.100000,0.100000,0.384337,0.000000,0.005190
4,3,26,100,0.052000,0.800000,0.000000,0.700000,2.000000,0.100000,0.100000,0.100000,0.100000,0.387574,0.000000,0.006423
4,3,19,100,0.038000,0.800000,0.000000,0.700000,2.000000,0.100000,0.100000,0.100000,0.100000,0.387373,0.000000,0.006998
4,3,18,100,0.036000,0.800000,0.000000,0.700000,2.000000,0.100000,0.100000,0.100000,0.100000,0.387345,0.000000,0.007154
4,3,1,100,0.002000,0.800000,0.000000,0.700000,2.000000,0.100000,0.100000,0.100000,0.100000,0.387045,0.000000,0.016754
4,2,46,100,0.092000,0.800000,0.000000,0.700000,2.000000,0.100000,0.100000,0.100000,0.100000,0.384347,0.000000,0.005295
4,2,44,100,0.088000,0.800000,0.000000,0.700000,2.000000,0.100000,0.100000,0.100000,0.100000,0.384342,0.000000,0.005244
4,2,49,100,0.098000,0.800000,0.000000,0.700000,2.000000,0.100000,0.100000,0.100000,0.100000,0.384353,0.000000,0.005367
4,3,17,100,0.034000,0.800000,0.000000,0.700000,2.000000,0.100000,0.100000,0.100000,0.100000,0.387316,0.000000,0.007342
4,3,15,100,0.030000,0.800000,0.000000,0.700000,2.000000,0.100000,0.100000,0.100000,0.100000,0.387261,0.000000,0.007829
4,2,47,100,0.094000,0.800000,0.000000,0.700000,2.000000,0.100000,0.100000,0.100000,0.100000,0.384349,0.000000,0.005320
4,2,36,100,0.072000,0.800000,0.000000,0.700000,2.000000,0.100000,0.100000,0.100000,0.100000,0.384318,0.000000,0.005019
4,3,4,100,0.008000,0.800000,0.000000,0.700000,2.000000,0.100000,0.100000,0.100000,0.100000,0.387047,0.000000,0.014969
4,2,50,100,0.100000,0.800000,0.000000,0.700000,2.000000,0.100000,0.100000,0.100000,0.100000,0.384355,0.000000,0.005389
4,3,12,100,0.024000,0.800000,0.000000,0.700000,2.000000,0.100000,0.100000,0.100000,0.100000,0.387185,0.000000,0.008929
4,2,33,100,0.066000,0.800000,0.000000,0.700000,2.000000,0.100000,0.100000,0.100000,0.100000,0.384307,0.000000,0.004932
4,2,35,100,0.070000,0.800000,0.000000,0.700000,2.000000,0.100000,0.100000,0.100000,0.100000,0.384315,0.000000,0.004990
4,3,24,100,0.048000,0.800000,0.000000,0.700000,2.000000,0.100000,0.100000,0.100000,0.100000,0.387518,0.000000,0.006525
4,3,22,100,0.044000,0.800000,0.000000,0.700000,2.000000,0.100000,0.100000,0.100000,0.100000,0.387460,0.000000,0.006667
4,3,14,100,0.028000,0.800000,0.000000,0.700000,2.000000,0.100000,0.100000,0.100000,0.100000,0.387235,0.000000,0.008141
4,2,38,100,0.076000,0.800000,0.000000,0.700000,2.000000,0.100000,0.100000,0.100000,0.100000,0.384325,0.000000,0.005077
4,3,13,100,0.026000,0.800000,0.000000,0.700000,2.000000,0.100000,0.100000,0.100000,0.100000,0.387210,0.000000,0.008506
4,2,39,100,0.078000,0.800000,0.000000,0.700000,2.000000,0.100000,0.100000,0.100000,0.100000,0.384328,0.000000,0.005106
4,2,34,100,0.068000,0.800000,0.000000,0.700000,2.000000,0.100000,0.100000,0.100000,0.100000,0.384311,0.000000,0.004961
4,3,2,100,0.004000,0.800000,0.000000,0.700000,2.000000,0.100000,0.100000,0.100000,0.100000,0.387042,0.000000,0.016550
4,2,40,100,0.080000,0.800000,0.000000,0.700000,2.000000,0.100000,0.100000,0.100000,0.100000,0.384331,0.000000,0.005135
4,2,45,100,0.090000,0.800000,0.000000,0.700000,2.000000,0.100000,0.100000,0.100000,0.100000,0.384345,0.000000,0.005270
4,3,9,100,0.018000,0.800000,0.000000,0.700000,2.000000,0.100000,0.100000,0.100000,0.100000,0.387121,0.000000,0.010609
4,3,23,100,0.046000,0.800000,0.000000,0.700000,2.000000,0.100000,0.100000,0.100000,0.100000,0.387489,0.000000,0.006590
4,2,48,100,0.096000,0.800000,0.000000,0.700000,2.000000,0.100000,0.100000,0.100000,0.100000,0.384351,0.000000,0.005343
4,3,6,100,0.012000,0.800000,0.000000,0.700000,2.000000,0.100000,0.100000,0.100000,0.100000,0.387070,0.000000,0.013014
4,3,10,100,0.020000,0.800000,0.000000,0.700000,2.000000,0.100000,0.100000,0.100000,0.100000,0.387141,0.000000,0.009976
4,3,3,100,0.006000,0.800000,0.000000,0.700000,2.000000,0.100000,0.100000,0.100000,0.100000,0.387042,0.000000,0.015884
4,2,43,100,0.086000,0.800000,0.000000,0.700000,2.000000,0.100000,0.100000,0.100000,0.100000,0.384340,0.000000,0.005217
4,3,0,100,0.000000,0.800000,0.000000,0.700000,2.000000,0.100000,0.100000,0.100000,0.100000,0.387049,0.000000,0.016316
4,2,41,100,0.082000,0.800000,0.000000,0.700000,2.000000,0.100000,0.100000,0.100000,0.100000,0.384334,0.000000,0.005163
4,3,7,100,0.014000,0.800000,0.000000,0.700000,2.000000,0.100000,0.100000,0.100000,0.100000,0.387085,0.000000,0.012125
4,3,21,100,0.042000,0.800000,0.000000,0.700000,2.000000,0.100000,0.100000,0.100000,0.100000,0.387431,0.000000,0.006758
4,3,5,100,0.010000,0.800000,0.000000,0.700000,2.000000,0.100000,0.100000,0.100000,0.100000,0.387057,0.000000,0.013978
4,3,25,100,0.050000,0.800000,0.000000,0.700000,2.000000,0.100000,0.100000,0.100000,0.100000,0.387546,0.000000,0.006470
4,3,11,100,0.022000,0.800000,0.000000,0.700000,2.000000,0.100000,0.100000,0.100000,0.100000,0.387163,0.000000,0.009418
4,3,16,100,0.032000,0.800000,0.000000,0.700000,2.000000,0.100000,0.100000,0.100000,0.100000,0.387288,0.000000,0.007565
4,3,20,100,0.040000,0.800000,0.000000,0.700000,2.000000,0.100000,0.100000,0.100000,0.100000,0.387402,0.000000,0.006867
4,2,37,100,0.074000,0.800000,0.000000,0.700000,2.000000,0.100000,0.100000,0.100000,0.100000,0.384322,0.000000,0.005048
4,3,8,100,0.016000,0.800000,0.000000,0.700000,2.000000,0.100000,0.100000,0.100000,0.100000,0.387102,0.000000,0.011324
4,3,35,100,0.070000,0.800000,0.000000,0.700000,2.000000,0.100000,0.100000,0.100000,0.100000,0.387810,0.000000,0.006159
4,3,40,100,0.080000,0.800000,0.000000,0.700000,2.000000,0.100000,0.100000,0.100000,0.100000,0.387928,0.000000,0.006049
4,3,49,100,0.098000,0.800000,0.000000,0.700000,2.000000,0.100000,0.100000,0.100000,0.100000,0.388120,0.000000,0.005858
4,3,44,100,0.088000,0.800000,0.000000,0.700000,2.000000,0.100000,0.100000,0.100000,0.100000,0.388016,0.000000,0.005963
4,3,42,100,0.084000,0.800000,0.000000,0.700000,2.000000,0.100000,0.100000,0.100000,0.100000,0.387973,0.000000,0.006006
4,3,32,100,0.064000,0.800000,0.000000,0.700000,2.000000,0.100000,0.100000,0.100000,0.100000,0.387735,0.000000,0.006229
4,3,28,100,0.056000,0.800000,0.000000,0.700000,2.000000,0.100000,0.100000,0.100000,0.100000,0.387629,0.000000,0.006345
4,4,9,100,0.018000,0.800000,0.000000,0.700000,2.000000,0.100000,0.100000,0.100000,0.100000,0.387715,0.000000,0.010902
4,3,29,100,0.058000,0.800000,0.000000,0.700000,2.000000,0.100000,0.100000,0.100000,0.100000,0.387656,0.000000,0.006312
4,4,0,100,0.000000,0.800000,0.000000,0.700000,2.000000,0.100000,0.100000,0.100000,0.100000,0.387600,0.000000,0.006905
4,4,4,100,0.008000,0.800000,0.000000,0.700000,2.000000,0.100000,0.100000,0.100000,0.100000,0.387613,0.000000,0.009991
4,3,41,100,0.082000,0.800000,0.000000,0.700000,2.000000,0.100000,0.100000,0.100000,0.100000,0.387951,0.000000,0.006027
4,3,47,100,0.094000,0.800000,0.000000,0.700000,2.000000,0.100000,0.100000,0.100000,0.100000,0.388079,0.000000,0.005899
4,4,14,100,0.028000,0.800000,0.000000,0.700000,2.000000,0.100000,0.100000,0.100000,0.100000,0.387772,0.000000,0.010106
4,3,38,100,0.076000,0.800000,0.000000,0.700000,2.000000,0.100000,0.100000,0.100000,0.100000,0.387882,0.000000,0.006092
4,4,12,100,0.024000,0.800000,0.000000,0.700000,2.000000,0.100000,0.100000,0.100000,0.100000,0.387756,0.000000,0.010468
4,4,13,100,0.026000,0.800000,0.000000,0.700000,2.000000,0.100000,0.100000,0.100000,0.100000,0.387765,0.000000,0.010289
4,4,6,100,0.012000,0.800000,0.000000,0.700000,2.000000,0.100000,0.100000,0.100000,0.100000,0.387654,0.000000,0.010810
4,3,27,100,0.054000,0.800000,0.000000,0.700000,2.000000,0.100000,0.100000,0.100000,0.100000,0.387602,0.000000,0.006381
4,4,16,100,0.032000,0.800000,0.000000,0.700000,2.000000,0.100000,0.100000,0.100000,0.100000,0.387782,0.000000,0.009746
4,3,30,100,0.060000,0.800000,0.000000,0.700000,2.000000,0.100000,0.100000,0.100000,0.100000,0.387683,0.000000,0.006283
4,4,2,100,0.004000,0.800000,0.000000,0.700000,2.000000,0.100000,0.100000,0.100000,0.100000,0.387596,0.000000,0.008237
4,4,7,100,0.014000,0.800000,0.000000,0.700000,2.000000,0.100000,0.100000,0.100000,0.100000,0.387676,0.000000,0.010946
4,4,11,100,0.022000,0.800000,0.000000,0.700000,2.000000,0.100000,0.100000,0.100000,0.100000,0.387744,0.000000,0.010637
4,4,5,100,0.010000,0.800000,0.000000,0.700000,2.000000,0.100000,0.100000,0.100000,0.100000,0.387633,0.000000,0.010510
4,3,39,100,0.078000,0.800000,0.000000,0.700000,2.000000,0.100000,0.100000,0.100000,0.100000,0.387905,0.000000,0.006070
4,4,8,100,0.016000,0.800000,0.000000,0.700000,2.000000,0.100000,0.100000,0.100000,0.100000,0.387697,0.000000,0.010964
4,4,3,100,0.006000,0.800000,0.000000,0.700000,2.000000,0.100000,0.100000,0.100000,0.100000,0.387600,0.000000,0.009217
4,3,34,100,0.068000,0.800000,0.000000,0.700000,2.000000,0.100000,0.100000,0.100000,0.100000,0.387786,0.000000,0.006181
4,3,46,100,0.092000,0.800000,0.000000,0.700000,2.000000,0.100000,0.100000,0.100000,0.100000,0.388059,0.000000,0.005920
4,3,48,100,0.096000,0.800000,0.000000,0.700000,2.000000,0.100000,0.100000,0.100000,0.100000,0.388100,0.000000,0.005878
4,4,20,100,0.040000,0.800000,0.000000,0.700000,2.000000,0.100000,0.100000,0.100000,0.100000,0.387785,0.000000,0.009102
4,3,50,100,0.100000,0.800000,0.000000,0.700000,2.000000,0.100000,0.100000,0.100000,0.100000,0.388140,0.000000,0.005837
4,4,10,100,0.020000,0.800000,0.000000,0.700000,2.000000,0.100000,0.100000,0.100000,0.100000,0.387731,0.000000,0.010787
4,4,17,100,0.034000,0.800000,0.000000,0.700000,2.000000,0.100000,0.100000,0.100000,0.100000,0.387784,0.000000,0.009574
4,3,33,100,0.066000,0.800000,0.000000,0.700000,2.000000,0.100000,0.100000,0.100000,0.100000,0.387761,0.000000,0.006205
4,3,31,100,0.062000,0.800000,0.000000,0.700000,2.000000,0.100000,0.100000,0.100000,0.100000,0.387709,0.000000,0.006255
4,4,15,100,0.030000,0.800000,0.000000,0.700000,2.000000,0.100000,0.100000,0.100000,0.100000,0.387778,0.000000,0.009924
4,3,43,100,0.086000,0.800000,0.000000,0.700000,2.000000,0.100000,0.100000,0.100000,0.100000,0.387995,0.000000,0.005984
4,3,45,100,0.090000,0.800000,0.000000,0.700000,2.000000,0.100000,0.100000,0.100000,0.100000,0.388038,0.000000,0.005941
4,4,18,100,0.036000,0.800000,0.000000,0.700000,2.000000,0.100000,0.100000,0.100000,0.100000,0.387785,0.000000,0.009408
4,4,1,100,0.002000,0.800000,0.000000,0.700000,2.000000,0.100000,0.100000,0.100000,0.100000,0.387600,0.000000,0.007314
4,3,36,100,0.072000,0.800000,0.000000,0.700000,2.000000,0.100000,0.100000,0.100000,0.100000,0.387835,0.000000,0.006136
4,3,37,100,0.074000,0.800000,0.000000,0.700000,2.000000,0.100000,0.100000,0.100000,0.100000,0.387859,0.000000,0.006114
4,4,19,100,0.038000,0.800000,0.000000,0.700000,2.000000,0.100000,0.100000,0.100000,0.100000,0.387786,0.000000,0.009251
4,5,3,100,0.006000,0.800000,0.000000,0.700000,2.000000,0.100000,0.100000,0.100000,0.100000,0.387446,0.000000,0.010640
4,4,43,100,0.086000,0.800000,0.000000,0.700000,2.000000,0.100000,0.100000,0.100000,0.100000,0.387673,0.000000,0.007418
4,5,9,100,0.018000,0.800000,0.000000,0.700000,2.000000,0.100000,0.100000,0.100000,0.100000,0.387213,0.000000,0.011029
4,4,44,100,0.088000,0.800000,0.000000,0.700000,2.000000,0.100000,0.100000,0.100000,0.100000,0.387667,0.000000,0.007391
4,5,2,100,0.004000,0.800000,0.000000,0.700000,2.000000,0.100000,0.100000,0.100000,0.100000,0.387493,0.000000,0.010718
4,4,35,100,0.070000,0.800000,0.000000,0.700000,2.000000,0.100000,0.100000,0.100000,0.100000,0.387721,0.000000,0.007726
4,4,49,100,0.098000,0.800000,0.000000,0.700000,2.000000,0.100000,0.100000,0.100000,0.100000,0.387636,0.000000,0.007280
4,4,29,100,0.058000,0.800000,0.000000,0.700000,2.000000,0.100000,0.100000,0.100000,0.100000,0.387754,0.000000,0.008111
4,4,45,100,0.090000,0.800000,0.000000,0.700000,2.000000,0.100000,0.100000,0.100000,0.100000,0.387660,0.000000,0.007365
4,5,5,100,0.010000,0.800000,0.000000,0.700000,2.000000,0.100000,0.100000,0.100000,0.100000,0.387359,0.000000,0.010712
4,4,22,100,0.044000,0.800000,0.000000,0.700000,2.000000,0.100000,0.100000,0.100000,0.100000,0.387782,0.000000,0.008828
4,5,10,100,0.020000,0.800000,0.000000,0.700000,2.000000,0.100000,0.100000,0.100000,0.100000,0.387181,0.000000,0.011029
4,5,13,100,0.026000,0.800000,0.000000,0.700000,2.000000,0.100000,0.100000,0.100000,0.100000,0.387100,0.000000,0.010798
4,4,27,100,0.054000,0.800000,0.000000,0.700000,2.000000,0.100000,0.100000,0.100000,0.100000,0.387764,0.000000,0.008282
4,4,25,100,0.050000,0.800000,0.000000,0.700000,2.000000,0.100000,0.100000,0.100000,0.100000,0.387772,0.000000,0.008479
4,4,40,100,0.080000,0.800000,0.000000,0.700000,2.000000,0.100000,0.100000,0.100000,0.100000,0.387691,0.000000,0.007513
4,4,38,100,0.076000,0.800000,0.000000,0.700000,2.000000,0.100000,0.100000,0.100000,0.100000,0.387703,0.000000,0.007589
4,4,39,100,0.078000,0.800000,0.000000,0.700000,2.000000,0.100000,0.100000,0.100000,0.100000,0.387697,0.000000,0.007549
4,5,6,100,0.012000,0.800000,0.000000,0.700000,2.000000,0.100000,0.100000,0.100000,0.100000,0.387319,0.000000,0.010812
4,4,50,100,0.100000,0.800000,0.000000,0.700000,2.000000,0.100000,0.100000,0.100000,0.100000,0.387630,0.000000,0.007262
4,4,21,100,0.042000,0.800000,0.000000,0.700000,2.000000,0.100000,0.100000,0.100000,0.100000,0.387784,0.000000,0.008961
4,4,26,100,0.052000,0.800000,0.000000,0.700000,2.000000,0.100000,0.100000,0.100000,0.100000,0.387768,0.000000,0.008377
4,4,32,100,0.064000,0.800000,0.000000,0.700000,2.000000,0.100000,0.100000,0.100000,0.100000,0.387738,0.000000,0.007897
4,5,1,100,0.002000,0.800000,0.000000,0.700000,2.000000,0.100000,0.100000,0.100000,0.100000,0.387538,0.000000,0.010839
4,5,4,100,0.008000,0.800000,0.000000,0.700000,2.000000,0.100000,0.100000,0.100000,0.100000,0.387401,0.000000,0.010643
4,4,36,100,0.072000,0.800000,0.000000,0.700000,2.000000,0.100000,0.100000,0.100000,0.100000,0.387715,0.000000,0.007677
4,5,0,100,0.000000,0.800000,0.000000,0.700000,2.000000,0.100000,0.100000,0.100000,0.100000,0.387567,0.000000,0.010915
4,4,23,100,0.046000,0.800000,0.000000,0.700000,2.000000,0.100000,0.100000,0.100000,0.100000,0.387779,0.000000,0.008704
4,4,46,100,0.092000,0.800000,0.000000,0.700000,2.000000,0.100000,0.100000,0.100000,0.100000,0.387654,0.000000,0.007342
4,5,11,100,0.022000,0.800000,0.000000,0.700000,2.000000,0.100000,0.100000,0.100000,0.100000,0.387152,0.000000,0.010987
4,4,24,100,0.048000,0.800000,0.000000,0.700000,2.000000,0.100000,0.100000,0.100000,0.100000,0.387776,0.000000,0.008588
4,4,30,100,0.060000,0.800000,0.000000,0.700000,2.000000,0.100000,0.100000,0.100000,0.100000,0.387749,0.000000,0.008035
4,5,14,100,0.028000,0.800000,0.000000,0.700000,2.000000,0.100000,0.100000,0.100000,0.100000,0.387078,0.000000,0.010661
4,5,12,100,0.024000,0.800000,0.000000,0.700000,2.000000,0.100000,0.100000,0.100000,0.100000,0.387125,0.000000,0.010909
4,4,41,100,0.082000,0.800000,0.000000,0.700000,2.000000,0.100000,0.100000,0.100000,0.100000,0.387685,0.000000,0.007479
4,4,48,100,0.096000,0.800000,0.000000,0.700000,2.000000,0.100000,0.100000,0.100000,0.100000,0.387642,0.000000,0.007299
4,4,31,100,0.062000,0.800000,0.000000,0.700000,2.000000,0.100000,0.100000,0.100000,0.100000,0.387744,0.000000,0.007964
4,4,28,100,0.056000,0.800000,0.000000,0.700000,2.000000,0.100000,0.100000,0.100000,0.100000,0.387759,0.000000,0.008194
4,4,37,100,0.074000,0.800000,0.000000,0.700000,2.000000,0.100000,0.100000,0.100000,0.100000,0.387709,0.000000,0.007631
4,4,42,100,0.084000,0.800000,0.000000,0.700000,2.000000,0.100000,0.100000,0.100000,0.100000,0.387679,0.000000,0.007447
4,4,33,100,0.066000,0.800000,0.000000,0.700000,2.000000,0.100000,0.100000,0.100000,0.100000,0.387733,0.000000,0.007836
4,4,34,100,0.068000,0.800000,0.000000,0.700000,2.000000,0.100000,0.100000,0.100000,0.100000,0.387727,0.000000,0.007779
4,4,47,100,0.094000,0.800000,0.000000,0.700000,2.000000,0.100000,0.100000,0.100000,0.100000,0.387648,0.000000,0.007320
4,5,8,100,0.016000,0.800000,0.000000,0.700000,2.000000,0.100000,0.100000,0.100000,0.100000,0.387246,0.000000,0.010988
4,5,7,100,0.014000,0.800000,0.000000,0.700000,2.000000,0.100000,0.100000,0.100000,0.100000,0.387282,0.000000,0.010912
4,6,8,100,0.016000,0.800000,0.000000,0.700000,2.000000,0.100000,0.100000,0.100000,0.100000,0.392968,0.000000,0.006525
4,6,0,100,0.000000,0.800000,0.000000,0.700000,2.000000,0.100000,0.100000,0.100000,0.100000,0.392390,0.000000,0.006054
4,5,31,100,0.062000,0.800000,0.000000,0.700000,2.000000,0.100000,0.100000,0.100000,0.100000,0.386950,0.000000,0.007669
4,5,41,100,0.082000,0.800000,0.000000,0.700000,2.000000,0.100000,0.100000,0.100000,0.100000,0.387019,0.000000,0.006659
4,5,37,100,0.074000,0.800000,0.000000,0.700000,2.000000,0.100000,0.100000,0.100000,0.100000,0.386984,0.000000,0.006990
4,6,2,100,0.004000,0.800000,0.000000,0.700000,2.000000,0.100000,0.100000,0.100000,0.100000,0.392391,0.000000,0.007954
4,5,27,100,0.054000,0.800000,0.000000,0.700000,2.000000,0.100000,0.100000,0.100000,0.100000,0.386945,0.000000,0.008263
4,5,33,100,0.066000,0.800000,0.000000,0.700000,2.000000,0.100000,0.100000,0.100000,0.100000,0.386959,0.000000,0.007416
4,5,44,100,0.088000,0.800000,0.000000,0.700000,2.000000,0.100000,0.100000,0.100000,0.100000,0.387050,0.000000,0.006464
4,5,15,100,0.030000,0.800000,0.000000,0.700000,2.000000,0.100000,0.100000,0.100000,0.100000,0.387057,0.000000,0.010502
4,5,22,100,0.044000,0.800000,0.000000,0.700000,2.000000,0.100000,0.100000,0.100000,0.100000,0.386965,0.000000,0.009160
4,6,3,100,0.006000,0.800000,0.000000,0.700000,2.000000,0.100000,0.100000,0.100000,0.100000,0.392429,0.000000,0.008129
4,5,19,100,0.038000,0.800000,0.000000,0.700000,2.000000,0.100000,0.100000,0.100000,0.100000,0.386994,0.000000,0.009752
4,6,6,100,0.012000,0.800000,0.000000,0.700000,2.000000,0.100000,0.100000,0.100000,0.100000,0.392713,0.000000,0.007193
4,6,5,100,0.010000,0.800000,0.000000,0.700000,2.000000,0.100000,0.100000,0.100000,0.100000,0.392598,0.000000,0.007562
4,5,45,100,0.090000,0.800000,0.000000,0.700000,2.000000,0.100000,0.100000,0.100000,0.100000,0.387061,0.000000,0.006407
4,5,38,100,0.076000,0.800000,0.000000,0.700000,2.000000,0.100000,0.100000,0.100000,0.100000,0.386992,0.000000,0.006899
4,5,17,100,0.034000,0.800000,0.000000,0.700000,2.000000,0.100000,0.100000,0.100000,0.100000,0.387022,0.000000,0.010142
4,5,25,100,0.050000,0.800000,0.000000,0.700000,2.000000,0.100000,0.100000,0.100000,0.100000,0.386949,0.000000,0.008603
4,5,50,100,0.100000,0.800000,0.000000,0.700000,2.000000,0.100000,0.100000,0.100000,0.100000,0.387121,0.000000,0.006181
4,5,47,100,0.094000,0.800000,0.000000,0.700000,2.000000,0.100000,0.100000,0.100000,0.100000,0.387084,0.000000,0.006306
4,5,36,100,0.072000,0.800000,0.000000,0.700000,2.000000,0.100000,0.100000,0.100000,0.100000,0.386977,0.000000,0.007087
4,5,24,100,0.048000,0.800000,0.000000,0.700000,2.000000,0.100000,0.100000,0.100000,0.100000,0.386953,0.000000,0.008783
4,5,20,100,0.040000,0.800000,0.000000,0.700000,2.000000,0.100000,0.100000,0.100000,0.100000,0.386983,0.000000,0.009553
4,6,7,100,0.014000,0.800000,0.000000,0.700000,2.000000,0.100000,0.100000,0.100000,0.100000,0.392838,0.000000,0.006843
4,5,21,100,0.042000,0.800000,0.000000,0.700000,2.000000,0.100000,0.100000,0.100000,0.100000,0.386973,0.000000,0.009355
4,5,34,100,0.068000,0.800000,0.000000,0.700000,2.000000,0.100000,0.100000,0.100000,0.100000,0.386964,0.000000,0.007300
4,5,28,100,0.056000,0.800000,0.000000,0.700000,2.000000,0.100000,0.100000,0.100000,0.100000,0.386945,0.000000,0.008103
4,5,26,100,0.052000,0.800000,0.000000,0.700000,2.000000,0.100000,0.100000,0.100000,0.100000,0.386947,0.000000,0.008429
4,5,43,100,0.086000,0.800000,0.000000,0.700000,2.000000,0.100000,0.100000,0.100000,0.100000,0.387039,0.000000,0.006524
4,5,23,100,0.046000,0.800000,0.000000,0.700000,2.000000,0.100000,0.100000,0.100000,0.100000,0.386958,0.000000,0.008969
4,5,18,100,0.036000,0.800000,0.000000,0.700000,2.000000,0.100000,0.100000,0.100000,0.100000,0.387007,0.000000,0.009949
4,5,30,100,0.060000,0.800000,0.000000,0.700000,2.000000,0.100000,0.100000,0.100000,0.100000,0.386948,0.000000,0.007807
4,5,48,100,0.096000,0.800000,0.000000,0.700000,2.000000,0.100000,0.100000,0.100000,0.100000,0.387096,0.000000,0.006261
4,5,39,100,0.078000,0.800000,0.000000,0.700000,2.000000,0.100000,0.100000,0.100000,0.100000,0.387000,0.000000,0.006814
4,5,40,100,0.080000,0.800000,0.000000,0.700000,2.000000,0.100000,0.100000,0.100000,0.100000,0.387010,0.000000,0.006734
4,5,35,100,0.070000,0.800000,0.000000,0.700000,2.000000,0.100000,0.100000,0.100000,0.100000,0.386970,0.000000,0.007190
4,5,49,100,0.098000,0.800000,0.000000,0.700000,2.000000,0.100000,0.100000,0.100000,0.100000,0.387108,0.000000,0.006220
4,5,42,100,0.084000,0.800000,0.000000,0.700000,2.000000,0.100000,0.100000,0.100000,0.100000,0.387029,0.000000,0.006589
4,6,4,100,0.008000,0.800000,0.000000,0.700000,2.000000,0.100000,0.100000,0.100000,0.100000,0.392500,0.000000,0.007911
4,5,46,100,0.092000,0.800000,0.000000,0.700000,2.000000,0.100000,0.100000,0.100000,0.100000,0.387073,0.000000,0.006355
4,5,29,100,0.058000,0.800000,0.000000,0.700000,2.000000,0.100000,0.100000,0.100000,0.100000,0.386946,0.000000,0.007951
4,5,16,100,0.032000,0.800000,0.000000,0.700000,2.000000,0.100000,0.100000,0.100000,0.100000,0.387038,0.000000,0.010328
4,6,1,100,0.002000,0.800000,0.000000,0.700000,2.000000,0.100000,0.100000,0.100000,0.100000,0.392385,0.000000,0.007094
4,5,32,100,0.064000,0.800000,0.000000,0.700000,2.000000,0.100000,0.100000,0.100000,0.100000,0.386954,0.000000,0.007539
4,7,2,100,0.004000,0.800000,0.000000,0.700000,2.000000,0.100000,0.100000,0.100000,0.100000,0.390854,0.000000,0.013446
4,6,21,100,0.042000,0.800000,0.000000,0.700000,2.000000,0.100000,0.100000,0.100000,0.100000,0.394358,0.000000,0.004879
4,6,37,100,0.074000,0.800000,0.000000,0.700000,2.000000,0.100000,0.100000,0.100000,0.100000,0.395169,0.000000,0.005247
4,6,9,100,0.018000,0.800000,0.000000,0.700000,2.000000,0.100000,0.100000,0.100000,0.100000,0.393099,0.000000,0.006240
4,6,24,100,0.048000,0.800000,0.000000,0.700000,2.000000,0.100000,0.100000,0.100000,0.100000,0.394566,0.000000,0.004877
4,6,25,100,0.050000,0.800000,0.000000,0.700000,2.000000,0.100000,0.100000,0.100000,0.100000,0.394628,0.000000,0.004889
4,6,41,100,0.082000,0.800000,0.000000,0.700000,2.000000,0.100000,0.100000,0.100000,0.100000,0.395293,0.000000,0.005388
4,6,29,100,0.058000,0.800000,0.000000,0.700000,2.000000,0.100000,0.100000,0.100000,0.100000,0.394845,0.000000,0.004979
4,6,13,100,0.026000,0.800000,0.000000,0.700000,2.000000,0.100000,0.100000,0.100000,0.100000,0.393598,0.000000,0.005425
4,6,42,100,0.084000,0.800000,0.000000,0.700000,2.000000,0.100000,0.100000,0.100000,0.100000,0.395322,0.000000,0.005423
4,6,50,100,0.100000,0.800000,0.000000,0.700000,2.000000,0.100000,0.100000,0.100000,0.100000,0.395514,0.000000,0.005675
4,6,38,100,0.076000,0.800000,0.000000,0.700000,2.000000,0.100000,0.100000,0.100000,0.100000,0.395202,0.000000,0.005283
4,6,23,100,0.046000,0.800000,0.000000,0.700000,2.000000,0.100000,0.100000,0.100000,0.100000,0.394501,0.000000,0.004870
4,6,34,100,0.068000,0.800000,0.000000,0.700000,2.000000,0.100000,0.100000,0.100000,0.100000,0.395062,0.000000,0.005141
4,6,39,100,0.078000,0.800000,0.000000,0.700000,2.000000,0.100000,0.100000,0.100000,0.100000,0.395234,0.000000,0.005318
4,6,35,100,0.070000,0.800000,0.000000,0.700000,2.000000,0.100000,0.100000,0.100000,0.100000,0.395099,0.000000,0.005176
4,6,36,100,0.072000,0.800000,0.000000,0.700000,2.000000,0.100000,0.100000,0.100000,0.100000,0.395135,0.000000,0.005212
4,6,44,100,0.088000,0.800000,0.000000,0.700000,2.000000,0.100000,0.100000,0.100000,0.100000,0.395375,0.000000,0.005490
4,7,1,100,0.002000,0.800000,0.000000,0.700000,2.000000,0.100000,0.100000,0.100000,0.100000,0.390955,0.000000,0.012901
4,6,18,100,0.036000,0.800000,0.000000,0.700000,2.000000,0.100000,0.100000,0.100000,0.100000,0.394111,0.000000,0.004966
4,6,19,100,0.038000,0.800000,0.000000,0.700000,2.000000,0.100000,0.100000,0.100000,0.100000,0.394198,0.000000,0.004925
4,6,48,100,0.096000,0.800000,0.000000,0.700000,2.000000,0.100000,0.100000,0.100000,0.100000,0.395471,0.000000,0.005616
4,6,45,100,0.090000,0.800000,0.000000,0.700000,2.000000,0.100000,0.100000,0.100000,0.100000,0.395400,0.000000,0.005523
4,6,22,100,0.044000,0.800000,0.000000,0.700000,2.000000,0.100000,0.100000,0.100000,0.100000,0.394431,0.000000,0.004871
4,6,11,100,0.022000,0.800000,0.000000,0.700000,2.000000,0.100000,0.100000,0.100000,0.100000,0.393356,0.000000,0.005772
4,6,30,100,0.060000,0.800000,0.000000,0.700000,2.000000,0.100000,0.100000,0.100000,0.100000,0.394893,0.000000,0.005008
4,6,47,100,0.094000,0.800000,0.000000,0.700000,2.000000,0.100000,0.100000,0.100000,0.100000,0.395448,0.000000,0.005586
4,6,12,100,0.024000,0.800000,0.000000,0.700000,2.000000,0.100000,0.100000,0.100000,0.100000,0.393479,0.000000,0.005584
4,6,20,100,0.040000,0.800000,0.000000,0.700000,2.000000,0.100000,0.100000,0.100000,0.100000,0.394280,0.000000,0.004897
4,6,31,100,0.062000,0.800000,0.000000,0.700000,2.000000,0.100000,0.100000,0.100000,0.100000,0.394938,0.000000,0.005039
4,6,33,100,0.066000,0.800000,0.000000,0.700000,2.000000,0.100000,0.100000,0.100000,0.100000,0.395022,0.000000,0.005106
4,6,27,100,0.054000,0.800000,0.000000,0.700000,2.000000,0.100000,0.100000,0.100000,0.100000,0.394742,0.000000,0.004927
4,6,26,100,0.052000,0.800000,0.000000,0.700000,2.000000,0.100000,0.100000,0.100000,0.100000,0.394687,0.000000,0.004906
4,6,32,100,0.064000,0.800000,0.000000,0.700000,2.000000,0.100000,0.100000,0.100000,0.100000,0.394981,0.000000,0.005072
4,6,49,100,0.098000,0.800000,0.000000,0.700000,2.000000,0.100000,0.100000,0.100000,0.100000,0.395493,0.000000,0.005646
4,6,14,100,0.028000,0.800000,0.000000,0.700000,2.000000,0.100000,0.100000,0.100000,0.100000,0.393711,0.000000,0.005292
4,6,43,100,0.086000,0.800000,0.000000,0.700000,2.000000,0.100000,0.100000,0.100000,0.100000,0.395349,0.000000,0.005457
4,6,40,100,0.080000,0.800000,0.000000,0.700000,2.000000,0.100000,0.100000,0.100000,0.100000,0.395264,0.000000,0.005354
4,6,15,100,0.030000,0.800000,0.000000,0.700000,2.000000,0.100000,0.100000,0.100000,0.100000,0.393819,0.000000,0.005181
4,6,28,100,0.056000,0.800000,0.000000,0.700000,2.000000,0.100000,0.100000,0.100000,0.100000,0.394795,0.000000,0.004951
4,6,46,100,0.092000,0.800000,0.000000,0.700000,2.000000,0.100000,0.100000,0.100000,0.100000,0.395424,0.000000,0.005555
4,6,10,100,0.020000,0.800000,0.000000,0.700000,2.000000,0.100000,0.100000,0.100000,0.100000,0.393229,0.000000,0.005989
4,6,17,100,0.034000,0.800000,0.000000,0.700000,2.000000,0.100000,0.100000,0.100000,0.100000,0.394019,0.000000,0.005021
4,6,16,100,0.032000,0.800000,0.000000,0.700000,2.000000,0.100000,0.100000,0.100000,0.100000,0.393922,0.000000,0.005092
4,7,0,100,0.000000,0.800000,0.000000,0.700000,2.000000,0.100000,0.100000,0.100000,0.100000,0.390986,0.000000,0.011606
4,7,28,100,0.056000,0.800000,0.000000,0.700000,2.000000,0.100000,0.100000,0.100000,0.100000,0.391645,0.000000,0.012040
4,7,44,100,0.088000,0.800000,0.000000,0.700000,2.000000,0.100000,0.100000,0.100000,0.100000,0.392008,0.000000,0.011784
4,7,25,100,0.050000,0.800000,0.000000,0.700000,2.000000,0.100000,0.100000,0.100000,0.100000,0.391538,0.000000,0.012099
4,7,38,100,0.076000,0.800000,0.000000,0.700000,2.000000,0.100000,0.100000,0.100000,0.100000,0.391905,0.000000,0.011862
4,7,5,100,0.010000,0.800000,0.000000,0.700000,2.000000,0.100000,0.100000,0.100000,0.100000,0.390587,0.000000,0.012829
4,7,27,100,0.054000,0.800000,0.000000,0.700000,2.000000,0.100000,0.100000,0.100000,0.100000,0.391611,0.000000,0.012060
4,7,7,100,0.014000,0.800000,0.000000,0.700000,2.000000,0.100000,0.100000,0.100000,0.100000,0.390594,0.000000,0.012411
4,7,9,100,0.018000,0.800000,0.000000,0.700000,2.000000,0.100000,0.100000,0.100000,0.100000,0.390686,0.000000,0.012237
4,7,41,100,0.082000,0.800000,0.000000,0.700000,2.000000,0.100000,0.100000,0.100000,0.100000,0.391961,0.000000,0.011820
4,7,10,100,0.020000,0.800000,0.000000,0.700000,2.000000,0.100000,0.100000,0.100000,0.100000,0.390745,0.000000,0.012203
4,7,42,100,0.084000,0.800000,0.000000,0.700000,2.000000,0.100000,0.100000,0.100000,0.100000,0.391978,0.000000,0.011808
4,7,3,100,0.006000,0.800000,0.000000,0.700000,2.000000,0.100000,0.100000,0.100000,0.100000,0.390734,0.000000,0.013413
4,7,21,100,0.042000,0.800000,0.000000,0.700000,2.000000,0.100000,0.100000,0.100000,0.100000,0.391371,0.000000,0.012165
4,7,43,100,0.086000,0.800000,0.000000,0.700000,2.000000,0.100000,0.100000,0.100000,0.100000,0.391993,0.000000,0.011796
4,7,32,100,0.064000,0.800000,0.000000,0.700000,2.000000,0.100000,0.100000,0.100000,0.100000,0.391765,0.000000,0.011963
4,7,11,100,0.022000,0.800000,0.000000,0.700000,2.000000,0.100000,0.100000,0.100000,0.100000,0.390807,0.000000,0.012189
4,7,17,100,0.034000,0.800000,0.000000,0.700000,2.000000,0.100000,0.100000,0.100000,0.100000,0.391169,0.000000,0.012197
4,7,15,100,0.030000,0.800000,0.000000,0.700000,2.000000,0.100000,0.100000,0.100000,0.100000,0.391056,0.000000,0.012196
4,7,6,100,0.012000,0.800000,0.000000,0.700000,2.000000,0.100000,0.100000,0.100000,0.100000,0.390575,0.000000,0.012583
4,7,24,100,0.048000,0.800000,0.000000,0.700000,2.000000,0.100000,0.100000,0.100000,0.100000,0.391499,0.000000,0.012117
4,7,14,100,0.028000,0.800000,0.000000,0.700000,2.000000,0.100000,0.100000,0.100000,0.100000,0.390995,0.000000,0.012192
4,7,34,100,0.068000,0.800000,0.000000,0.700000,2.000000,0.100000,0.100000,0.100000,0.100000,0.391817,0.000000,0.011927
4,7,19,100,0.038000,0.800000,0.000000,0.700000,2.000000,0.100000,0.100000,0.100000,0.100000,0.391274,0.000000,0.012186
4,7,31,100,0.062000,0.800000,0.000000,0.700000,2.000000,0.100000,0.100000,0.100000,0.100000,0.391737,0.000000,0.011982
4,7,18,100,0.036000,0.800000,0.000000,0.700000,2.000000,0.100000,0.100000,0.100000,0.100000,0.391223,0.000000,0.012193
4,7,36,100,0.072000,0.800000,0.000000,0.700000,2.000000,0.100000,0.100000,0.100000,0.100000,0.391863,0.000000,0.011893
4,7,16,100,0.032000,0.800000,0.000000,0.700000,2.000000,0.100000,0.100000,0.100000,0.100000,0.391114,0.000000,0.012198
4,7,8,100,0.016000,0.800000,0.000000,0.700000,2.000000,0.100000,0.100000,0.100000,0.100000,0.390634,0.000000,0.012301
4,7,46,100,0.092000,0.800000,0.000000,0.700000,2.000000,0.100000,0.100000,0.100000,0.100000,0.392036,0.000000,0.011764
4,7,39,100,0.078000,0.800000,0.000000,0.700000,2.000000,0.100000,0.100000,0.100000,0.100000,0.391925,0.000000,0.011847
4,7,37,100,0.074000,0.800000,0.000000,0.700000,2.000000,0.100000,0.100000,0.100000,0.100000,0.391885,0.000000,0.011877
4,7,29,100,0.058000,0.800000,0.000000,0.700000,2.000000,0.100000,0.100000,0.100000,0.100000,0.391677,0.000000,0.012020
4,7,47,100,0.094000,0.800000,0.000000,0.700000,2.000000,0.100000,0.100000,0.100000,0.100000,0.392049,0.000000,0.011754
4,7,40,100,0.080000,0.800000,0.000000,0.700000,2.000000,0.100000,0.100000,0.100000,0.100000,0.391943,0.000000,0.011833
4,7,23,100,0.046000,0.800000,0.000000,0.700000,2.000000,0.100000,0.100000,0.100000,0.100000,0.391458,0.000000,0.012134
4,7,35,100,0.070000,0.800000,0.000000,0.700000,2.000000,0.100000,0.100000,0.100000,0.100000,0.391841,0.000000,0.011909
4,7,13,100,0.026000,0.800000,0.000000,0.700000,2.000000,0.100000,0.100000,0.100000,0.100000,0.390934,0.000000,0.012188
4,7,45,100,0.090000,0.800000,0.000000,0.700000,2.000000,0.100000,0.100000,0.100000,0.100000,0.392022,0.000000,0.011774
4,7,26,100,0.052000,0.800000,0.000000,0.700000,2.000000,0.100000,0.100000,0.100000,0.100000,0.391576,0.000000,0.012079
4,7,20,100,0.040000,0.800000,0.000000,0.700000,2.000000,0.100000,0.100000,0.100000,0.100000,0.391324,0.000000,0.012177
4,7,33,100,0.066000,0.800000,0.000000,0.700000,2.000000,0.100000,0.100000,0.100000,0.100000,0.391792,0.000000,0.011944
4,7,22,100,0.044000,0.800000,0.000000,0.700000,2.000000,0.100000,0.100000,0.100000,0.100000,0.391416,0.000000,0.012150
4,7,4,100,0.008000,0.800000,0.000000,0.700000,2.000000,0.100000,0.100000,0.100000,0.100000,0.390640,0.000000,0.013134
4,7,12,100,0.024000,0.800000,0.000000,0.700000,2.000000,0.100000,0.100000,0.100000,0.100000,0.390870,0.000000,0.012186
4,7,30,100,0.060000,0.800000,0.000000,0.700000,2.000000,0.100000,0.100000,0.100000,0.100000,0.391708,0.000000,0.012001
4,8,9,100,0.018000,0.800000,0.000000,0.700000,2.000000,0.100000,0.100000,0.100000,0.100000,0.386200,0.000000,0.014201
4,8,0,100,0.000000,0.800000,0.000000,0.700000,2.000000,0.100000,0.100000,0.100000,0.100000,0.386564,0.000000,0.006326
4,8,31,100,0.062000,0.800000,0.000000,0.700000,2.000000,0.100000,0.100000,0.100000,0.100000,0.385977,0.000000,0.014265
4,8,21,100,0.042000,0.800000,0.000000,0.700000,2.000000,0.100000,0.100000,0.100000,0.100000,0.386063,0.000000,0.014476
4,8,14,100,0.028000,0.800000,0.000000,0.700000,2.000000,0.100000,0.100000,0.100000,0.100000,0.386129,0.000000,0.014630
4,8,33,100,0.066000,0.800000,0.000000,0.700000,2.000000,0.100000,0.100000,0.100000,0.100000,0.385961,0.000000,0.014240
4,8,29,100,0.058000,0.800000,0.000000,0.700000,2.000000,0.100000,0.100000,0.100000,0.100000,0.385993,0.000000,0.014295
4,8,17,100,0.034000,0.800000,0.000000,0.700000,2.000000,0.100000,0.100000,0.100000,0.100000,0.386100,0.000000,0.014585
4,8,2,100,0.004000,0.800000,0.000000,0.700000,2.000000,0.100000,0.100000,0.100000,0.100000,0.386501,0.000000,0.007510
4,8,35,100,0.070000,0.800000,0.000000,0.700000,2.000000,0.100000,0.100000,0.100000,0.100000,0.385947,0.000000,0.014220
4,8,3,100,0.006000,0.800000,0.000000,0.700000,2.000000,0.100000,0.100000,0.100000,0.100000,0.386446,0.000000,0.008871
4,8,38,100,0.076000,0.800000,0.000000,0.700000,2.000000,0.100000,0.100000,0.100000,0.100000,0.385927,0.000000,0.014198
4,8,32,100,0.064000,0.800000,0.000000,0.700000,2.000000,0.100000,0.100000,0.100000,0.100000,0.385969,0.000000,0.014252
4,8,15,100,0.030000,0.800000,0.000000,0.700000,2.000000,0.100000,0.100000,0.100000,0.100000,0.386118,0.000000,0.014623
4,7,49,100,0.098000,0.800000,0.000000,0.700000,2.000000,0.100000,0.100000,0.100000,0.100000,0.392072,0.000000,0.011736
4,8,22,100,0.044000,0.800000,0.000000,0.700000,2.000000,0.100000,0.100000,0.100000,0.100000,0.386054,0.000000,0.014449
4,8,10,100,0.020000,0.800000,0.000000,0.700000,2.000000,0.100000,0.100000,0.100000,0.100000,0.386181,0.000000,0.014401
4,8,1,100,0.002000,0.800000,0.000000,0.700000,2.000000,0.100000,0.100000,0.100000,0.100000,0.386543,0.000000,0.006584
4,8,25,100,0.050000,0.800000,0.000000,0.700000,2.000000,0.100000,0.100000,0.100000,0.100000,0.386028,0.000000,0.014374
4,8,28,100,0.056000,0.800000,0.000000,0.700000,2.000000,0.100000,0.100000,0.100000,0.100000,0.386002,0.000000,0.014313
4,8,5,100,0.010000,0.800000,0.000000,0.700000,2.000000,0.100000,0.100000,0.100000,0.100000,0.386335,0.000000,0.011651
4,8,18,100,0.036000,0.800000,0.000000,0.700000,2.000000,0.100000,0.100000,0.100000,0.100000,0.386090,0.000000,0.014560
4,8,12,100,0.024000,0.800000,0.000000,0.700000,2.000000,0.100000,0.100000,0.100000,0.100000,0.386151,0.000000,0.014589
4,8,26,100,0.052000,0.800000,0.000000,0.700000,2.000000,0.100000,0.100000,0.100000,0.100000,0.386019,0.000000,0.014352
4,8,11,100,0.022000,0.800000,0.000000,0.700000,2.000000,0.100000,0.100000,0.100000,0.100000,0.386165,0.000000,0.014522
4,8,41,100,0.082000,0.800000,0.000000,0.700000,2.000000,0.100000,0.100000,0.100000,0.100000,0.385910,0.000000,0.014185
4,8,4,100,0.008000,0.800000,0.000000,0.700000,2.000000,0.100000,0.100000,0.100000,0.100000,0.386388,0.000000,0.010343
4,8,8,100,0.016000,0.800000,0.000000,0.700000,2.000000,0.100000,0.100000,0.100000,0.100000,0.386223,0.000000,0.013882
4,8,19,100,0.038000,0.800000,0.000000,0.700000,2.000000,0.100000,0.100000,0.100000,0.100000,0.386081,0.000000,0.014532
4,8,36,100,0.072000,0.800000,0.000000,0.700000,2.000000,0.100000,0.100000,0.100000,0.100000,0.385940,0.000000,0.014211
4,8,30,100,0.060000,0.800000,0.000000,0.700000,2.000000,0.100000,0.100000,0.100000,0.100000,0.385985,0.000000,0.014279
4,8,39,100,0.078000,0.800000,0.000000,0.700000,2.000000,0.100000,0.100000,0.100000,0.100000,0.385921,0.000000,0.014193
4,8,6,100,0.012000,0.800000,0.000000,0.700000,2.000000,0.100000,0.100000,0.100000,0.100000,0.386290,0.000000,0.012667
4,8,37,100,0.074000,0.800000,0.000000,0.700000,2.000000,0.100000,0.100000,0.100000,0.100000,0.385933,0.000000,0.014204
4,7,48,100,0.096000,0.800000,0.000000,0.700000,2.000000,0.100000,0.100000,0.100000,0.100000,0.392061,0.000000,0.011745
4,8,23,100,0.046000,0.800000,0.000000,0.700000,2.000000,0.100000,0.100000,0.100000,0.100000,0.386045,0.000000,0.014423
4,8,16,100,0.032000,0.800000,0.000000,0.700000,2.000000,0.100000,0.100000,0.100000,0.100000,0.386109,0.000000,0.014607
4,8,24,100,0.048000,0.800000,0.000000,0.700000,2.000000,0.100000,0.100000,0.100000,0.100000,0.386036,0.000000,0.014398
4,8,13,100,0.026000,0.800000,0.000000,0.700000,2.000000,0.100000,0.100000,0.100000,0.100000,0.386139,0.000000,0.014621
4,7,50,100,0.100000,0.800000,0.000000,0.700000,2.000000,0.100000,0.100000,0.100000,0.100000,0.392083,0.000000,0.011728
4,8,20,100,0.040000,0.800000,0.000000,0.700000,2.000000,0.100000,0.100000,0.100000,0.100000,0.386072,0.000000,0.014504
4,8,27,100,0.054000,0.800000,0.000000,0.700000,2.000000,0.100000,0.100000,0.100000,0.100000,0.386010,0.000000,0.014332
4,8,34,100,0.068000,0.800000,0.000000,0.700000,2.000000,0.100000,0.100000,0.100000,0.100000,0.385954,0.000000,0.014229
4,8,7,100,0.014000,0.800000,0.000000,0.700000,2.000000,0.100000,0.100000,0.100000,0.100000,0.386253,0.000000,0.013392
4,8,40,100,0.080000,0.800000,0.000000,0.700000,2.000000,0.100000,0.100000,0.100000,0.100000,0.385915,0.000000,0.014188
4,8,42,100,0.084000,0.800000,0.000000,0.700000,2.000000,0.100000,0.100000,0.100000,0.100000,0.385904,0.000000,0.014182
4,8,44,100,0.088000,0.800000,0.000000,0.700000,2.000000,0.100000,0.100000,0.100000,0.100000,0.385895,0.000000,0.014179
4,9,17,100,0.034000,0.800000,0.000000,0.700000,2.000000,0.100000,0.100000,0.100000,0.100000,0.383528,0.000000,0.011948
4,9,24,100,0.048000,0.800000,0.000000,0.700000,2.000000,0.100000,0.100000,0.100000,0.100000,0.383561,0.000000,0.010526
4,9,16,100,0.032000,0.800000,0.000000,0.700000,2.000000,0.100000,0.100000,0.100000,0.100000,0.383523,0.000000,0.012110
4,9,23,100,0.046000,0.800000,0.000000,0.700000,2.000000,0.100000,0.100000,0.100000,0.100000,0.383555,0.000000,0.010749
4,9,0,100,0.000000,0.800000,0.000000,0.700000,2.000000,0.100000,0.100000,0.100000,0.100000,0.383333,0.000000,0.011319
4,9,32,100,0.064000,0.800000,0.000000,0.700000,2.000000,0.100000,0.100000,0.100000,0.100000,0.383621,0.000000,0.008751
4,9,12,100,0.024000,0.800000,0.000000,0.700000,2.000000,0.100000,0.100000,0.100000,0.100000,0.383491,0.000000,0.012604
4,9,9,100,0.018000,0.800000,0.000000,0.700000,2.000000,0.100000,0.100000,0.100000,0.100000,0.383444,0.000000,0.012803
4,9,4,100,0.008000,0.800000,0.000000,0.700000,2.000000,0.100000,0.100000,0.100000,0.100000,0.383289,0.000000,0.012897
4,8,49,100,0.098000,0.800000,0.000000,0.700000,2.000000,0.100000,0.100000,0.100000,0.100000,0.385875,0.000000,0.014179
4,9,2,100,0.004000,0.800000,0.000000,0.700000,2.000000,0.100000,0.100000,0.100000,0.100000,0.383267,0.000000,0.012397
4,8,48,100,0.096000,0.800000,0.000000,0.700000,2.000000,0.100000,0.100000,0.100000,0.100000,0.385878,0.000000,0.014178
4,9,25,100,0.050000,0.800000,0.000000,0.700000,2.000000,0.100000,0.100000,0.100000,0.100000,0.383566,0.000000,0.010301
4,9,22,100,0.044000,0.800000,0.000000,0.700000,2.000000,0.100000,0.100000,0.100000,0.100000,0.383550,0.000000,0.010967
4,9,19,100,0.038000,0.800000,0.000000,0.700000,2.000000,0.100000,0.100000,0.100000,0.100000,0.383537,0.000000,0.011584
4,9,29,100,0.058000,0.800000,0.000000,0.700000,2.000000,0.100000,0.100000,0.100000,0.100000,0.383594,0.000000,0.009401
4,9,34,100,0.068000,0.800000,0.000000,0.700000,2.000000,0.100000,0.100000,0.100000,0.100000,0.383642,0.000000,0.008340
4,8,46,100,0.092000,0.800000,0.000000,0.700000,2.000000,0.100000,0.100000,0.100000,0.100000,0.385886,0.000000,0.014177
4,8,47,100,0.094000,0.800000,0.000000,0.700000,2.000000,0.100000,0.100000,0.100000,0.100000,0.385882,0.000000,0.014178
4,9,10,100,0.020000,0.800000,0.000000,0.700000,2.000000,0.100000,0.100000,0.100000,0.100000,0.383463,0.000000,0.012751
4,9,5,100,0.010000,0.800000,0.000000,0.700000,2.000000,0.100000,0.100000,0.100000,0.100000,0.383323,0.000000,0.012920
4,9,30,100,0.060000,0.800000,0.000000,0.700000,2.000000,0.100000,0.100000,0.100000,0.100000,0.383603,0.000000,0.009181
4,9,18,100,0.036000,0.800000,0.000000,0.700000,2.000000,0.100000,0.100000,0.100000,0.100000,0.383533,0.000000,0.011772
4,9,15,100,0.030000,0.800000,0.000000,0.700000,2.000000,0.100000,0.100000,0.100000,0.100000,0.383517,0.000000,0.012258
4,9,14,100,0.028000,0.800000,0.000000,0.700000,2.000000,0.100000,0.100000,0.100000,0.100000,0.383510,0.000000,0.012391
4,9,26,100,0.052000,0.800000,0.000000,0.700000,2.000000,0.100000,0.100000,0.100000,0.100000,0.383573,0.000000,0.010075
4,9,28,100,0.056000,0.800000,0.000000,0.700000,2.000000,0.100000,0.100000,0.100000,0.100000,0.383587,0.000000,0.009624
4,9,11,100,0.022000,0.800000,0.000000,0.700000,2.000000,0.100000,0.100000,0.100000,0.100000,0.383478,0.000000,0.012686
4,9,35,100,0.070000,0.800000,0.000000,0.700000,2.000000,0.100000,0.100000,0.100000,0.100000,0.383654,0.000000,0.008143
4,9,27,100,0.054000,0.800000,0.000000,0.700000,2.000000,0.100000,0.100000,0.100000,0.100000,0.383579,0.000000,0.009849
4,8,45,100,0.090000,0.800000,0.000000,0.700000,2.000000,0.100000,0.100000,0.100000,0.100000,0.385890,0.000000,0.014178
4,9,1,100,0.002000,0.800000,0.000000,0.700000,2.000000,0.100000,0.100000,0.100000,0.100000,0.383293,0.000000,0.011830
4,9,8,100,0.016000,0.800000,0.000000,0.700000,2.000000,0.100000,0.100000,0.100000,0.100000,0.383420,0.000000,0.012843
4,9,7,100,0.014000,0.800000,0.000000,0.700000,2.000000,0.100000,0.100000,0.100000,0.100000,0.383392,0.000000,0.012877
4,9,13,100,0.026000,0.800000,0.000000,0.700000,2.000000,0.100000,0.100000,0.100000,0.100000,0.383501,0.000000,0.012506
4,9,3,100,0.006000,0.800000,0.000000,0.700000,2.000000,0.100000,0.100000,0.100000,0.100000,0.383267,0.000000,0.012758
4,8,50,100,0.100000,0.800000,0.000000,0.700000,2.000000,0.100000,0.100000,0.100000,0.100000,0.385871,0.000000,0.014181
4,9,6,100,0.012000,0.800000,0.000000,0.700000,2.000000,0.100000,0.100000,0.100000,0.100000,0.383359,0.000000,0.012904
4,9,20,100,0.040000,0.800000,0.000000,0.700000,2.000000,0.100000,0.100000,0.100000,0.100000,0.383541,0.000000,0.011386
4,8,43,100,0.086000,0.800000,0.000000,0.700000,2.000000,0.100000,0.100000,0.100000,0.100000,0.385899,0.000000,0.014180
4,9,21,100,0.042000,0.800000,0.000000,0.700000,2.000000,0.100000,0.100000,0.100000,0.100000,0.383546,0.000000,0.011180
4,9,31,100,0.062000,0.800000,0.000000,0.700000,2.000000,0.100000,0.100000,0.100000,0.100000,0.383612,0.000000,0.008964
4,9,33,100,0.066000,0.800000,0.000000,0.700000,2.000000,0.100000,0.100000,0.100000,0.100000,0.383632,0.000000,0.008543
4,9,39,100,0.078000,0.800000,0.000000,0.700000,2.000000,0.100000,0.100000,0.100000,0.100000,0.383704,0.000000,0.007413
4,9,40,100,0.080000,0.800000,0.000000,0.700000,2.000000,0.100000,0.100000,0.100000,0.100000,0.383718,0.000000,0.007246
4,9,42,100,0.084000,0.800000,0.000000,0.700000,2.000000,0.100000,0.100000,0.100000,0.100000,0.383746,0.000000,0.006931
4,9,43,100,0.086000,0.800000,0.000000,0.700000,2.000000,0.100000,0.100000,0.100000,0.100000,0.383761,0.000000,0.006783
4,9,37,100,0.074000,0.800000,0.000000,0.700000,2.000000,0.100000,0.100000,0.100000,0.100000,0.383678,0.000000,0.007765
4,9,47,100,0.094000,0.800000,0.000000,0.700000,2.000000,0.100000,0.100000,0.100000,0.100000,0.383823,0.000000,0.006250
4,9,46,100,0.092000,0.800000,0.000000,0.700000,2.000000,0.100000,0.100000,0.100000,0.100000,0.383807,0.000000,0.006374
4,9,36,100,0.072000,0.800000,0.000000,0.700000,2.000000,0.100000,0.100000,0.100000,0.100000,0.383666,0.000000,0.007951
4,9,41,100,0.082000,0.800000,0.000000,0.700000,2.000000,0.100000,0.100000,0.100000,0.100000,0.383732,0.000000,0.007085
4,9,44,100,0.088000,0.800000,0.000000,0.700000,2.000000,0.100000,0.100000,0.100000,0.100000,0.383776,0.000000,0.006641
4,9,45,100,0.090000,0.800000,0.000000,0.700000,2.000000,0.100000,0.100000,0.100000,0.100000,0.383792,0.000000,0.006504
4,9,49,100,0.098000,0.800000,0.000000,0.700000,2.000000,0.100000,0.100000,0.100000,0.100000,0.383855,0.000000,0.006017
4,9,50,100,0.100000,0.800000,0.000000,0.700000,2.000000,0.100000,0.100000,0.100000,0.100000,0.383871,0.000000,0.005909
4,9,38,100,0.076000,0.800000,0.000000,0.700000,2.000000,0.100000,0.100000,0.100000,0.100000,0.383691,0.000000,0.007586
4,9,48,100,0.096000,0.800000,0.000000,0.700000,2.000000,0.100000,0.100000,0.100000,0.100000,0.383839,0.000000,0.006131
