4,0,9,100,0.800000,0.360000,0.000000,0.700000,2.000000,0.100000,0.100000,0.100000,0.100000,0.381197,0.000000,0.013924
4,0,43,100,0.800000,1.720000,0.000000,0.700000,2.000000,0.100000,0.100000,0.100000,0.100000,0.407823,0.000000,0.010928
4,0,26,100,0.800000,1.040000,0.000000,0.700000,2.000000,0.100000,0.100000,0.100000,0.100000,0.384758,0.000000,0.010932
4,0,44,100,0.800000,1.760000,0.000000,0.700000,2.000000,0.100000,0.100000,0.100000,0.100000,0.401214,0.000000,0.014360
4,0,10,100,0.800000,0.400000,0.000000,0.700000,2.000000,0.100000,0.100000,0.100000,0.100000,0.381191,0.000000,0.014289
4,0,42,100,0.800000,1.680000,0.000000,0.700000,2.000000,0.100000,0.100000,0.100000,0.100000,0.414490,0.000000,0.010681
4,0,38,100,0.800000,1.520000,0.000000,0.700000,2.000000,0.100000,0.100000,0.100000,0.100000,0.407204,0.000000,0.013269
4,0,0,100,0.800000,0.000000,0.000000,0.700000,2.000000,0.100000,0.100000,0.100000,0.100000,0.381850,0.000000,0.010928
4,0,19,100,0.800000,0.760000,0.000000,0.700000,2.000000,0.100000,0.100000,0.100000,0.100000,0.381372,0.000000,0.020572
4,0,6,100,0.800000,0.240000,0.000000,0.700000,2.000000,0.100000,0.100000,0.100000,0.100000,0.381322,0.000000,0.013011
4,0,8,100,0.800000,0.320000,0.000000,0.700000,2.000000,0.100000,0.100000,0.100000,0.100000,0.381248,0.000000,0.013519
4,0,40,100,0.800000,1.600000,0.000000,0.700000,2.000000,0.100000,0.100000,0.100000,0.100000,0.401376,0.000000,0.007580
4,0,4,100,0.800000,0.160000,0.000000,0.700000,2.000000,0.100000,0.100000,0.100000,0.100000,0.381300,0.000000,0.012551
4,0,7,100,0.800000,0.280000,0.000000,0.700000,2.000000,0.100000,0.100000,0.100000,0.100000,0.381301,0.000000,0.013205
4,0,22,100,0.800000,0.880000,0.000000,0.700000,2.000000,0.100000,0.100000,0.100000,0.100000,0.381890,0.000000,0.017421
4,0,31,100,0.800000,1.240000,0.000000,0.700000,2.000000,0.100000,0.100000,0.100000,0.100000,0.397251,0.000000,0.008927
4,0,3,100,0.800000,0.120000,0.000000,0.700000,2.000000,0.100000,0.100000,0.100000,0.100000,0.381356,0.000000,0.011766
4,0,14,100,0.800000,0.560000,0.000000,0.700000,2.000000,0.100000,0.100000,0.100000,0.100000,0.381232,0.000000,0.016563
4,0,39,100,0.800000,1.560000,0.000000,0.700000,2.000000,0.100000,0.100000,0.100000,0.100000,0.401417,0.000000,0.007219
4,0,41,100,0.800000,1.640000,0.000000,0.700000,2.000000,0.100000,0.100000,0.100000,0.100000,0.407076,0.000000,0.006622
4,0,24,100,0.800000,0.960000,0.000000,0.700000,2.000000,0.100000,0.100000,0.100000,0.100000,0.382351,0.000000,0.016027
4,0,11,100,0.800000,0.440000,0.000000,0.700000,2.000000,0.100000,0.100000,0.100000,0.100000,0.381223,0.000000,0.014593
4,0,12,100,0.800000,0.480000,0.000000,0.700000,2.000000,0.100000,0.100000,0.100000,0.100000,0.381260,0.000000,0.014943
4,0,30,100,0.800000,1.200000,0.000000,0.700000,2.000000,0.100000,0.100000,0.100000,0.100000,0.395696,0.000000,0.008102
4,0,13,100,0.800000,0.520000,0.000000,0.700000,2.000000,0.100000,0.100000,0.100000,0.100000,0.381271,0.000000,0.015524
4,0,37,100,0.800000,1.480000,0.000000,0.700000,2.000000,0.100000,0.100000,0.100000,0.100000,0.398414,0.000000,0.008142
4,0,17,100,0.800000,0.680000,0.000000,0.700000,2.000000,0.100000,0.100000,0.100000,0.100000,0.381011,0.000000,0.021404
4,0,35,100,0.800000,1.400000,0.000000,0.700000,2.000000,0.100000,0.100000,0.100000,0.100000,0.393844,0.000000,0.008164
4,0,32,100,0.800000,1.280000,0.000000,0.700000,2.000000,0.100000,0.100000,0.100000,0.100000,0.397767,0.000000,0.008933
4,0,29,100,0.800000,1.160000,0.000000,0.700000,2.000000,0.100000,0.100000,0.100000,0.100000,0.394174,0.000000,0.006232
4,0,16,100,0.800000,0.640000,0.000000,0.700000,2.000000,0.100000,0.100000,0.100000,0.100000,0.381034,0.000000,0.020092
4,0,28,100,0.800000,1.120000,0.000000,0.700000,2.000000,0.100000,0.100000,0.100000,0.100000,0.392586,0.000000,0.005321
4,0,36,100,0.800000,1.440000,0.000000,0.700000,2.000000,0.100000,0.100000,0.100000,0.100000,0.394668,0.000000,0.004794
4,0,15,100,0.800000,0.600000,0.000000,0.700000,2.000000,0.100000,0.100000,0.100000,0.100000,0.381139,0.000000,0.018189
4,0,23,100,0.800000,0.920000,0.000000,0.700000,2.000000,0.100000,0.100000,0.100000,0.100000,0.382043,0.000000,0.016647
4,0,33,100,0.800000,1.320000,0.000000,0.700000,2.000000,0.100000,0.100000,0.100000,0.100000,0.395901,0.000000,0.009682
4,0,18,100,0.800000,0.720000,0.000000,0.700000,2.000000,0.100000,0.100000,0.100000,0.100000,0.381139,0.000000,0.021469
4,0,21,100,0.800000,0.840000,0.000000,0.700000,2.000000,0.100000,0.100000,0.100000,0.100000,0.381782,0.000000,0.018368
4,0,25,100,0.800000,1.000000,0.000000,0.700000,2.000000,0.100000,0.100000,0.100000,0.100000,0.383126,0.000000,0.014168
4,0,34,100,0.800000,1.360000,0.000000,0.700000,2.000000,0.100000,0.100000,0.100000,0.100000,0.392722,0.000000,0.009200
4,0,20,100,0.800000,0.800000,0.000000,0.700000,2.000000,0.100000,0.100000,0.100000,0.100000,0.381609,0.000000,0.019405
4,0,5,100,0.800000,0.200000,0.000000,0.700000,2.000000,0.100000,0.100000,0.100000,0.100000,0.381314,0.000000,0.012848
4,0,2,100,0.800000,0.080000,0.000000,0.700000,2.000000,0.100000,0.100000,0.100000,0.100000,0.381553,0.000000,0.010640
4,0,27,100,0.800000,1.080000,0.000000,0.700000,2.000000,0.100000,0.100000,0.100000,0.100000,0.390204,0.000000,0.006659
4,0,1,100,0.800000,0.040000,0.000000,0.700000,2.000000,0.100000,0.100000,0.100000,0.100000,0.381684,0.000000,0.010292
4,0,47,100,0.800000,1.880000,0.000000,0.700000,2.000000,0.100000,0.100000,0.100000,0.100000,0.405889,0.000000,0.009108
4,0,48,100,0.800000,1.920000,0.000000,0.700000,2.000000,0.100000,0.100000,0.100000,0.100000,0.402689,0.000000,0.007851
4,1,12,100,0.800000,0.480000,0.000000,0.700000,2.000000,0.100000,0.100000,0.100000,0.100000,0.385056,0.000000,0.005032
4,1,4,100,0.800000,0.160000,0.000000,0.700000,2.000000,0.100000,0.100000,0.100000,0.100000,0.384768,0.000000,0.007221
4,0,46,100,0.800000,1.840000,0.000000,0.700000,2.000000,0.100000,0.100000,0.100000,0.100000,0.409407,0.000000,0.014286
4,1,37,100,0.800000,1.480000,0.000000,0.700000,2.000000,0.100000,0.100000,0.100000,0.100000,0.401570,0.000000,0.002454
4,1,3,100,0.800000,0.120000,0.000000,0.700000,2.000000,0.100000,0.100000,0.100000,0.100000,0.384777,0.000000,0.007282
4,1,34,100,0.800000,1.360000,0.000000,0.700000,2.000000,0.100000,0.100000,0.100000,0.100000,0.411969,0.000000,0.007493
4,1,35,100,0.800000,1.400000,0.000000,0.700000,2.000000,0.100000,0.100000,0.100000,0.100000,0.401410,0.000000,0.008383
4,1,14,100,0.800000,0.560000,0.000000,0.700000,2.000000,0.100000,0.100000,0.100000,0.100000,0.385341,0.000000,0.004276
4,1,13,100,0.800000,0.520000,0.000000,0.700000,2.000000,0.100000,0.100000,0.100000,0.100000,0.385182,0.000000,0.004692
4,1,22,100,0.800000,0.880000,0.000000,0.700000,2.000000,0.100000,0.100000,0.100000,0.100000,0.390025,0.000000,0.003452
4,1,9,100,0.800000,0.360000,0.000000,0.700000,2.000000,0.100000,0.100000,0.100000,0.100000,0.384733,0.000000,0.006307
4,1,25,100,0.800000,1.000000,0.000000,0.700000,2.000000,0.100000,0.100000,0.100000,0.100000,0.394647,0.000000,0.004642
4,1,32,100,0.800000,1.280000,0.000000,0.700000,2.000000,0.100000,0.100000,0.100000,0.100000,0.404867,0.000000,0.014452
4,0,45,100,0.800000,1.800000,0.000000,0.700000,2.000000,0.100000,0.100000,0.100000,0.100000,0.406365,0.000000,0.006385
4,1,10,100,0.800000,0.400000,0.000000,0.700000,2.000000,0.100000,0.100000,0.100000,0.100000,0.384815,0.000000,0.005855
4,1,0,100,0.800000,0.000000,0.000000,0.700000,2.000000,0.100000,0.100000,0.100000,0.100000,0.384585,0.000000,0.008550
4,0,50,100,0.800000,2.000000,0.000000,0.700000,2.000000,0.100000,0.100000,0.100000,0.100000,0.403803,0.000000,0.008204
4,1,5,100,0.800000,0.200000,0.000000,0.700000,2.000000,0.100000,0.100000,0.100000,0.100000,0.384730,0.000000,0.007075
4,1,38,100,0.800000,1.520000,0.000000,0.700000,2.000000,0.100000,0.100000,0.100000,0.100000,0.406826,0.000000,0.009783
4,1,28,100,0.800000,1.120000,0.000000,0.700000,2.000000,0.100000,0.100000,0.100000,0.100000,0.403007,0.000000,0.007059
4,1,21,100,0.800000,0.840000,0.000000,0.700000,2.000000,0.100000,0.100000,0.100000,0.100000,0.388839,0.000000,0.003060
4,1,1,100,0.800000,0.040000,0.000000,0.700000,2.000000,0.100000,0.100000,0.100000,0.100000,0.384733,0.000000,0.007282
4,1,6,100,0.800000,0.240000,0.000000,0.700000,2.000000,0.100000,0.100000,0.100000,0.100000,0.384689,0.000000,0.006898
4,1,16,100,0.800000,0.640000,0.000000,0.700000,2.000000,0.100000,0.100000,0.100000,0.100000,0.385974,0.000000,0.003473
4,1,27,100,0.800000,1.080000,0.000000,0.700000,2.000000,0.100000,0.100000,0.100000,0.100000,0.398445,0.000000,0.006442
4,0,49,100,0.800000,1.960000,0.000000,0.700000,2.000000,0.100000,0.100000,0.100000,0.100000,0.395902,0.000000,0.004994
4,1,24,100,0.800000,0.960000,0.000000,0.700000,2.000000,0.100000,0.100000,0.100000,0.100000,0.393259,0.000000,0.004353
4,1,19,100,0.800000,0.760000,0.000000,0.700000,2.000000,0.100000,0.100000,0.100000,0.100000,0.387230,0.000000,0.003254
4,1,15,100,0.800000,0.600000,0.000000,0.700000,2.000000,0.100000,0.100000,0.100000,0.100000,0.385594,0.000000,0.003817
4,1,17,100,0.800000,0.680000,0.000000,0.700000,2.000000,0.100000,0.100000,0.100000,0.100000,0.386408,0.000000,0.003336
4,1,20,100,0.800000,0.800000,0.000000,0.700000,2.000000,0.100000,0.100000,0.100000,0.100000,0.387879,0.000000,0.003158
4,1,7,100,0.800000,0.280000,0.000000,0.700000,2.000000,0.100000,0.100000,0.100000,0.100000,0.384674,0.000000,0.006748
4,1,8,100,0.800000,0.320000,0.000000,0.700000,2.000000,0.100000,0.100000,0.100000,0.100000,0.384688,0.000000,0.006591
4,1,23,100,0.800000,0.920000,0.000000,0.700000,2.000000,0.100000,0.100000,0.100000,0.100000,0.391532,0.000000,0.004035
4,1,29,100,0.800000,1.160000,0.000000,0.700000,2.000000,0.100000,0.100000,0.100000,0.100000,0.409164,0.000000,0.006573
4,1,36,100,0.800000,1.440000,0.000000,0.700000,2.000000,0.100000,0.100000,0.100000,0.100000,0.413849,0.000000,0.005062
4,1,2,100,0.800000,0.080000,0.000000,0.700000,2.000000,0.100000,0.100000,0.100000,0.100000,0.384767,0.000000,0.007281
4,1,31,100,0.800000,1.240000,0.000000,0.700000,2.000000,0.100000,0.100000,0.100000,0.100000,0.405615,0.000000,0.007870
4,1,11,100,0.800000,0.440000,0.000000,0.700000,2.000000,0.100000,0.100000,0.100000,0.100000,0.384931,0.000000,0.005393
4,1,33,100,0.800000,1.320000,0.000000,0.700000,2.000000,0.100000,0.100000,0.100000,0.100000,0.402145,0.000000,0.020784
4,1,26,100,0.800000,1.040000,0.000000,0.700000,2.000000,0.100000,0.100000,0.100000,0.100000,0.395952,0.000000,0.005478
4,1,18,100,0.800000,0.720000,0.000000,0.700000,2.000000,0.100000,0.100000,0.100000,0.100000,0.386801,0.000000,0.003295
4,1,30,100,0.800000,1.200000,0.000000,0.700000,2.000000,0.100000,0.100000,0.100000,0.100000,0.410287,0.000000,0.007135
4,1,50,100,0.800000,2.000000,0.000000,0.700000,2.000000,0.100000,0.100000,0.100000,0.100000,0.400845,0.000000,0.011195
4,2,32,100,0.800000,1.280000,0.000000,0.700000,2.000000,0.100000,0.100000,0.100000,0.100000,0.390657,0.000000,0.009452
4,1,40,100,0.800000,1.600000,0.000000,0.700000,2.000000,0.100000,0.100000,0.100000,0.100000,0.400412,0.000000,0.002710
4,2,4,100,0.800000,0.160000,0.000000,0.700000,2.000000,0.100000,0.100000,0.100000,0.100000,0.384299,0.000000,0.006465
4,2,30,100,0.800000,1.200000,0.000000,0.700000,2.000000,0.100000,0.100000,0.100000,0.100000,0.396925,0.000000,0.011837
4,2,17,100,0.800000,0.680000,0.000000,0.700000,2.000000,0.100000,0.100000,0.100000,0.100000,0.384645,0.000000,0.004612
4,2,31,100,0.800000,1.240000,0.000000,0.700000,2.000000,0.100000,0.100000,0.100000,0.100000,0.391687,0.000000,0.010902
4,2,7,100,0.800000,0.280000,0.000000,0.700000,2.000000,0.100000,0.100000,0.100000,0.100000,0.384411,0.000000,0.005831
4,2,11,100,0.800000,0.440000,0.000000,0.700000,2.000000,0.100000,0.100000,0.100000,0.100000,0.384439,0.000000,0.005195
4,2,14,100,0.800000,0.560000,0.000000,0.700000,2.000000,0.100000,0.100000,0.100000,0.100000,0.384421,0.000000,0.004459
4,2,25,100,0.800000,1.000000,0.000000,0.700000,2.000000,0.100000,0.100000,0.100000,0.100000,0.390524,0.000000,0.008952
4,2,0,100,0.800000,0.000000,0.000000,0.700000,2.000000,0.100000,0.100000,0.100000,0.100000,0.384062,0.000000,0.012770
4,1,47,100,0.800000,1.880000,0.000000,0.700000,2.000000,0.100000,0.100000,0.100000,0.100000,0.410978,0.000000,0.010091
4,2,9,100,0.800000,0.360000,0.000000,0.700000,2.000000,0.100000,0.100000,0.100000,0.100000,0.384432,0.000000,0.005546
4,1,49,100,0.800000,1.960000,0.000000,0.700000,2.000000,0.100000,0.100000,0.100000,0.100000,0.394425,0.000000,0.006704
4,1,44,100,0.800000,1.760000,0.000000,0.700000,2.000000,0.100000,0.100000,0.100000,0.100000,0.410277,0.000000,0.007102
4,2,21,100,0.800000,0.840000,0.000000,0.700000,2.000000,0.100000,0.100000,0.100000,0.100000,0.385632,0.000000,0.005069
4,1,46,100,0.800000,1.840000,0.000000,0.700000,2.000000,0.100000,0.100000,0.100000,0.100000,0.398980,0.000000,0.015527
4,2,16,100,0.800000,0.640000,0.000000,0.700000,2.000000,0.100000,0.100000,0.100000,0.100000,0.384569,0.000000,0.004513
4,2,10,100,0.800000,0.400000,0.000000,0.700000,2.000000,0.100000,0.100000,0.100000,0.100000,0.384442,0.000000,0.005392
4,1,48,100,0.800000,1.920000,0.000000,0.700000,2.000000,0.100000,0.100000,0.100000,0.100000,0.411565,0.000000,0.016970
4,2,1,100,0.800000,0.040000,0.000000,0.700000,2.000000,0.100000,0.100000,0.100000,0.100000,0.383956,0.000000,0.011239
4,2,8,100,0.800000,0.320000,0.000000,0.700000,2.000000,0.100000,0.100000,0.100000,0.100000,0.384418,0.000000,0.005685
4,2,15,100,0.800000,0.600000,0.000000,0.700000,2.000000,0.100000,0.100000,0.100000,0.100000,0.384480,0.000000,0.004399
4,2,2,100,0.800000,0.080000,0.000000,0.700000,2.000000,0.100000,0.100000,0.100000,0.100000,0.383964,0.000000,0.009656
4,2,18,100,0.800000,0.720000,0.000000,0.700000,2.000000,0.100000,0.100000,0.100000,0.100000,0.384677,0.000000,0.004453
4,2,3,100,0.800000,0.120000,0.000000,0.700000,2.000000,0.100000,0.100000,0.100000,0.100000,0.384105,0.000000,0.007295
4,2,20,100,0.800000,0.800000,0.000000,0.700000,2.000000,0.100000,0.100000,0.100000,0.100000,0.385071,0.000000,0.004112
4,2,13,100,0.800000,0.520000,0.000000,0.700000,2.000000,0.100000,0.100000,0.100000,0.100000,0.384406,0.000000,0.004674
4,1,45,100,0.800000,1.800000,0.000000,0.700000,2.000000,0.100000,0.100000,0.100000,0.100000,0.402744,0.000000,0.007700
4,2,28,100,0.800000,1.120000,0.000000,0.700000,2.000000,0.100000,0.100000,0.100000,0.100000,0.398869,0.000000,0.006174
4,2,5,100,0.800000,0.200000,0.000000,0.700000,2.000000,0.100000,0.100000,0.100000,0.100000,0.384393,0.000000,0.006189
4,1,39,100,0.800000,1.560000,0.000000,0.700000,2.000000,0.100000,0.100000,0.100000,0.100000,0.405207,0.000000,0.005223
4,2,24,100,0.800000,0.960000,0.000000,0.700000,2.000000,0.100000,0.100000,0.100000,0.100000,0.388583,0.000000,0.009877
4,2,23,100,0.800000,0.920000,0.000000,0.700000,2.000000,0.100000,0.100000,0.100000,0.100000,0.387300,0.000000,0.009287
4,2,22,100,0.800000,0.880000,0.000000,0.700000,2.000000,0.100000,0.100000,0.100000,0.100000,0.386410,0.000000,0.007190
4,2,12,100,0.800000,0.480000,0.000000,0.700000,2.000000,0.100000,0.100000,0.100000,0.100000,0.384421,0.000000,0.004944
4,2,6,100,0.800000,0.240000,0.000000,0.700000,2.000000,0.100000,0.100000,0.100000,0.100000,0.384411,0.000000,0.005998
4,1,41,100,0.800000,1.640000,0.000000,0.700000,2.000000,0.100000,0.100000,0.100000,0.100000,0.403717,0.000000,0.002740
4,2,26,100,0.800000,1.040000,0.000000,0.700000,2.000000,0.100000,0.100000,0.100000,0.100000,0.392891,0.000000,0.007889
4,1,43,100,0.800000,1.720000,0.000000,0.700000,2.000000,0.100000,0.100000,0.100000,0.100000,0.405838,0.000000,0.003648
4,1,42,100,0.800000,1.680000,0.000000,0.700000,2.000000,0.100000,0.100000,0.100000,0.100000,0.400597,0.000000,0.018385
4,2,29,100,0.800000,1.160000,0.000000,0.700000,2.000000,0.100000,0.100000,0.100000,0.100000,0.397557,0.000000,0.006162
4,2,27,100,0.800000,1.080000,0.000000,0.700000,2.000000,0.100000,0.100000,0.100000,0.100000,0.395190,0.000000,0.006741
4,2,19,100,0.800000,0.760000,0.000000,0.700000,2.000000,0.100000,0.100000,0.100000,0.100000,0.384771,0.000000,0.004127
4,2,47,100,0.800000,1.880000,0.000000,0.700000,2.000000,0.100000,0.100000,0.100000,0.100000,0.418014,0.000000,0.005949
4,2,48,100,0.800000,1.920000,0.000000,0.700000,2.000000,0.100000,0.100000,0.100000,0.100000,0.409242,0.000000,0.010632
4,3,16,100,0.800000,0.640000,0.000000,0.700000,2.000000,0.100000,0.100000,0.100000,0.100000,0.388535,0.000000,0.008471
4,2,45,100,0.800000,1.800000,0.000000,0.700000,2.000000,0.100000,0.100000,0.100000,0.100000,0.412250,0.000000,0.004531
4,3,23,100,0.800000,0.920000,0.000000,0.700000,2.000000,0.100000,0.100000,0.100000,0.100000,0.392594,0.000000,0.015079
4,3,8,100,0.800000,0.320000,0.000000,0.700000,2.000000,0.100000,0.100000,0.100000,0.100000,0.387291,0.000000,0.009292
4,3,9,100,0.800000,0.360000,0.000000,0.700000,2.000000,0.100000,0.100000,0.100000,0.100000,0.387287,0.000000,0.009596
4,2,35,100,0.800000,1.400000,0.000000,0.700000,2.000000,0.100000,0.100000,0.100000,0.100000,0.408640,0.000000,0.012089
4,2,44,100,0.800000,1.760000,0.000000,0.700000,2.000000,0.100000,0.100000,0.100000,0.100000,0.401001,0.000000,0.004957
4,3,24,100,0.800000,0.960000,0.000000,0.700000,2.000000,0.100000,0.100000,0.100000,0.100000,0.393458,0.000000,0.012040
4,2,38,100,0.800000,1.520000,0.000000,0.700000,2.000000,0.100000,0.100000,0.100000,0.100000,0.409299,0.000000,0.016816
4,3,1,100,0.800000,0.040000,0.000000,0.700000,2.000000,0.100000,0.100000,0.100000,0.100000,0.387108,0.000000,0.010744
4,3,4,100,0.800000,0.160000,0.000000,0.700000,2.000000,0.100000,0.100000,0.100000,0.100000,0.387011,0.000000,0.009587
4,3,2,100,0.800000,0.080000,0.000000,0.700000,2.000000,0.100000,0.100000,0.100000,0.100000,0.387097,0.000000,0.010540
4,2,39,100,0.800000,1.560000,0.000000,0.700000,2.000000,0.100000,0.100000,0.100000,0.100000,0.404004,0.000000,0.008145
4,3,20,100,0.800000,0.800000,0.000000,0.700000,2.000000,0.100000,0.100000,0.100000,0.100000,0.390838,0.000000,0.012967
4,3,0,100,0.800000,0.000000,0.000000,0.700000,2.000000,0.100000,0.100000,0.100000,0.100000,0.387009,0.000000,0.009394
4,2,34,100,0.800000,1.360000,0.000000,0.700000,2.000000,0.100000,0.100000,0.100000,0.100000,0.405282,0.000000,0.007443
4,2,36,100,0.800000,1.440000,0.000000,0.700000,2.000000,0.100000,0.100000,0.100000,0.100000,0.399069,0.000000,0.006443
4,3,18,100,0.800000,0.720000,0.000000,0.700000,2.000000,0.100000,0.100000,0.100000,0.100000,0.389684,0.000000,0.009690
4,3,15,100,0.800000,0.600000,0.000000,0.700000,2.000000,0.100000,0.100000,0.100000,0.100000,0.388173,0.000000,0.008292
4,3,25,100,0.800000,1.000000,0.000000,0.700000,2.000000,0.100000,0.100000,0.100000,0.100000,0.395137,0.000000,0.007982
4,3,11,100,0.800000,0.440000,0.000000,0.700000,2.000000,0.100000,0.100000,0.100000,0.100000,0.387420,0.000000,0.007968
4,2,40,100,0.800000,1.600000,0.000000,0.700000,2.000000,0.100000,0.100000,0.100000,0.100000,0.404235,0.000000,0.011568
4,2,49,100,0.800000,1.960000,0.000000,0.700000,2.000000,0.100000,0.100000,0.100000,0.100000,0.411771,0.000000,0.015068
4,3,6,100,0.800000,0.240000,0.000000,0.700000,2.000000,0.100000,0.100000,0.100000,0.100000,0.387164,0.000000,0.008658
4,3,5,100,0.800000,0.200000,0.000000,0.700000,2.000000,0.100000,0.100000,0.100000,0.100000,0.387060,0.000000,0.009053
4,3,22,100,0.800000,0.880000,0.000000,0.700000,2.000000,0.100000,0.100000,0.100000,0.100000,0.391918,0.000000,0.016358
4,3,21,100,0.800000,0.840000,0.000000,0.700000,2.000000,0.100000,0.100000,0.100000,0.100000,0.391272,0.000000,0.015510
4,3,26,100,0.800000,1.040000,0.000000,0.700000,2.000000,0.100000,0.100000,0.100000,0.100000,0.397224,0.000000,0.005365
4,2,41,100,0.800000,1.640000,0.000000,0.700000,2.000000,0.100000,0.100000,0.100000,0.100000,0.400411,0.000000,0.009432
4,3,14,100,0.800000,0.560000,0.000000,0.700000,2.000000,0.100000,0.100000,0.100000,0.100000,0.387938,0.000000,0.008163
4,2,50,100,0.800000,2.000000,0.000000,0.700000,2.000000,0.100000,0.100000,0.100000,0.100000,0.409300,0.000000,0.009492
4,3,12,100,0.800000,0.480000,0.000000,0.700000,2.000000,0.100000,0.100000,0.100000,0.100000,0.387598,0.000000,0.007650
4,3,13,100,0.800000,0.520000,0.000000,0.700000,2.000000,0.100000,0.100000,0.100000,0.100000,0.387770,0.000000,0.007870
4,3,17,100,0.800000,0.680000,0.000000,0.700000,2.000000,0.100000,0.100000,0.100000,0.100000,0.389043,0.000000,0.008965
4,3,7,100,0.800000,0.280000,0.000000,0.700000,2.000000,0.100000,0.100000,0.100000,0.100000,0.387254,0.000000,0.008751
4,2,43,100,0.800000,1.720000,0.000000,0.700000,2.000000,0.100000,0.100000,0.100000,0.100000,0.397925,0.000000,0.014864
4,2,42,100,0.800000,1.680000,0.000000,0.700000,2.000000,0.100000,0.100000,0.100000,0.100000,0.401196,0.000000,0.007273
4,3,3,100,0.800000,0.120000,0.000000,0.700000,2.000000,0.100000,0.100000,0.100000,0.100000,0.387036,0.000000,0.010108
4,2,37,100,0.800000,1.480000,0.000000,0.700000,2.000000,0.100000,0.100000,0.100000,0.100000,0.406844,0.000000,0.008317
4,2,33,100,0.800000,1.320000,0.000000,0.700000,2.000000,0.100000,0.100000,0.100000,0.100000,0.396374,0.000000,0.006815
4,3,10,100,0.800000,0.400000,0.000000,0.700000,2.000000,0.100000,0.100000,0.100000,0.100000,0.387306,0.000000,0.008933
4,3,19,100,0.800000,0.760000,0.000000,0.700000,2.000000,0.100000,0.100000,0.100000,0.100000,0.390355,0.000000,0.010839
4,2,46,100,0.800000,1.840000,0.000000,0.700000,2.000000,0.100000,0.100000,0.100000,0.100000,0.400542,0.000000,0.002493
4,4,0,100,0.800000,0.000000,0.000000,0.700000,2.000000,0.100000,0.100000,0.100000,0.100000,0.387695,0.000000,0.011257
4,3,27,100,0.800000,1.080000,0.000000,0.700000,2.000000,0.100000,0.100000,0.100000,0.100000,0.399171,0.000000,0.004855
4,3,46,100,0.800000,1.840000,0.000000,0.700000,2.000000,0.100000,0.100000,0.100000,0.100000,0.403313,0.000000,0.006060
4,3,30,100,0.800000,1.200000,0.000000,0.700000,2.000000,0.100000,0.100000,0.100000,0.100000,0.408205,0.000000,0.007840
4,3,40,100,0.800000,1.600000,0.000000,0.700000,2.000000,0.100000,0.100000,0.100000,0.100000,0.406485,0.000000,0.004003
4,3,37,100,0.800000,1.480000,0.000000,0.700000,2.000000,0.100000,0.100000,0.100000,0.100000,0.400840,0.000000,0.006036
4,4,2,100,0.800000,0.080000,0.000000,0.700000,2.000000,0.100000,0.100000,0.100000,0.100000,0.387872,0.000000,0.012206
4,3,41,100,0.800000,1.640000,0.000000,0.700000,2.000000,0.100000,0.100000,0.100000,0.100000,0.407973,0.000000,0.020528
4,3,35,100,0.800000,1.400000,0.000000,0.700000,2.000000,0.100000,0.100000,0.100000,0.100000,0.403781,0.000000,0.013433
4,4,1,100,0.800000,0.040000,0.000000,0.700000,2.000000,0.100000,0.100000,0.100000,0.100000,0.387854,0.000000,0.012253
4,4,16,100,0.800000,0.640000,0.000000,0.700000,2.000000,0.100000,0.100000,0.100000,0.100000,0.388055,0.000000,0.002630
4,4,5,100,0.800000,0.200000,0.000000,0.700000,2.000000,0.100000,0.100000,0.100000,0.100000,0.387789,0.000000,0.011169
4,4,14,100,0.800000,0.560000,0.000000,0.700000,2.000000,0.100000,0.100000,0.100000,0.100000,0.388120,0.000000,0.004303
4,3,38,100,0.800000,1.520000,0.000000,0.700000,2.000000,0.100000,0.100000,0.100000,0.100000,0.411119,0.000000,0.010239
4,3,44,100,0.800000,1.760000,0.000000,0.700000,2.000000,0.100000,0.100000,0.100000,0.100000,0.417336,0.000000,0.017702
4,3,48,100,0.800000,1.920000,0.000000,0.700000,2.000000,0.100000,0.100000,0.100000,0.100000,0.401793,0.000000,0.015761
4,3,31,100,0.800000,1.240000,0.000000,0.700000,2.000000,0.100000,0.100000,0.100000,0.100000,0.406767,0.000000,0.007237
4,3,28,100,0.800000,1.120000,0.000000,0.700000,2.000000,0.100000,0.100000,0.100000,0.100000,0.400857,0.000000,0.005286
4,4,12,100,0.800000,0.480000,0.000000,0.700000,2.000000,0.100000,0.100000,0.100000,0.100000,0.388053,0.000000,0.007083
4,3,45,100,0.800000,1.800000,0.000000,0.700000,2.000000,0.100000,0.100000,0.100000,0.100000,0.410569,0.000000,0.006909
4,4,4,100,0.800000,0.160000,0.000000,0.700000,2.000000,0.100000,0.100000,0.100000,0.100000,0.387807,0.000000,0.011522
4,4,7,100,0.800000,0.280000,0.000000,0.700000,2.000000,0.100000,0.100000,0.100000,0.100000,0.387798,0.000000,0.010498
4,4,6,100,0.800000,0.240000,0.000000,0.700000,2.000000,0.100000,0.100000,0.100000,0.100000,0.387786,0.000000,0.010810
4,3,34,100,0.800000,1.360000,0.000000,0.700000,2.000000,0.100000,0.100000,0.100000,0.100000,0.406430,0.000000,0.009917
4,3,33,100,0.800000,1.320000,0.000000,0.700000,2.000000,0.100000,0.100000,0.100000,0.100000,0.406864,0.000000,0.008939
4,4,8,100,0.800000,0.320000,0.000000,0.700000,2.000000,0.100000,0.100000,0.100000,0.100000,0.387829,0.000000,0.010252
4,3,36,100,0.800000,1.440000,0.000000,0.700000,2.000000,0.100000,0.100000,0.100000,0.100000,0.412084,0.000000,0.007790
4,3,50,100,0.800000,2.000000,0.000000,0.700000,2.000000,0.100000,0.100000,0.100000,0.100000,0.404239,0.000000,0.011517
4,4,9,100,0.800000,0.360000,0.000000,0.700000,2.000000,0.100000,0.100000,0.100000,0.100000,0.387881,0.000000,0.009958
4,4,3,100,0.800000,0.120000,0.000000,0.700000,2.000000,0.100000,0.100000,0.100000,0.100000,0.387840,0.000000,0.011881
4,3,32,100,0.800000,1.280000,0.000000,0.700000,2.000000,0.100000,0.100000,0.100000,0.100000,0.407047,0.000000,0.014098
4,3,42,100,0.800000,1.680000,0.000000,0.700000,2.000000,0.100000,0.100000,0.100000,0.100000,0.408385,0.000000,0.009542
4,3,29,100,0.800000,1.160000,0.000000,0.700000,2.000000,0.100000,0.100000,0.100000,0.100000,0.402062,0.000000,0.005908
4,4,18,100,0.800000,0.720000,0.000000,0.700000,2.000000,0.100000,0.100000,0.100000,0.100000,0.387889,0.000000,0.002550
4,4,13,100,0.800000,0.520000,0.000000,0.700000,2.000000,0.100000,0.100000,0.100000,0.100000,0.388093,0.000000,0.005661
4,4,11,100,0.800000,0.440000,0.000000,0.700000,2.000000,0.100000,0.100000,0.100000,0.100000,0.388003,0.000000,0.008387
4,3,47,100,0.800000,1.880000,0.000000,0.700000,2.000000,0.100000,0.100000,0.100000,0.100000,0.410810,0.000000,0.009851
4,3,43,100,0.800000,1.720000,0.000000,0.700000,2.000000,0.100000,0.100000,0.100000,0.100000,0.413658,0.000000,0.012718
4,4,10,100,0.800000,0.400000,0.000000,0.700000,2.000000,0.100000,0.100000,0.100000,0.100000,0.387944,0.000000,0.009381
4,4,15,100,0.800000,0.600000,0.000000,0.700000,2.000000,0.100000,0.100000,0.100000,0.100000,0.388117,0.000000,0.003248
4,4,20,100,0.800000,0.800000,0.000000,0.700000,2.000000,0.100000,0.100000,0.100000,0.100000,0.388033,0.000000,0.002985
4,3,39,100,0.800000,1.560000,0.000000,0.700000,2.000000,0.100000,0.100000,0.100000,0.100000,0.409391,0.000000,0.007992
4,4,19,100,0.800000,0.760000,0.000000,0.700000,2.000000,0.100000,0.100000,0.100000,0.100000,0.387923,0.000000,0.002810
4,3,49,100,0.800000,1.960000,0.000000,0.700000,2.000000,0.100000,0.100000,0.100000,0.100000,0.417229,0.000000,0.007941
4,4,17,100,0.800000,0.680000,0.000000,0.700000,2.000000,0.100000,0.100000,0.100000,0.100000,0.387952,0.000000,0.002433
4,4,39,100,0.800000,1.560000,0.000000,0.700000,2.000000,0.100000,0.100000,0.100000,0.100000,0.428259,0.000000,0.009568
4,4,36,100,0.800000,1.440000,0.000000,0.700000,2.000000,0.100000,0.100000,0.100000,0.100000,0.415456,0.000000,0.009573
4,5,7,100,0.800000,0.280000,0.000000,0.700000,2.000000,0.100000,0.100000,0.100000,0.100000,0.387242,0.000000,0.012657
4,5,13,100,0.800000,0.520000,0.000000,0.700000,2.000000,0.100000,0.100000,0.100000,0.100000,0.386878,0.000000,0.007929
4,4,43,100,0.800000,1.720000,0.000000,0.700000,2.000000,0.100000,0.100000,0.100000,0.100000,0.407587,0.000000,0.005937
4,4,50,100,0.800000,2.000000,0.000000,0.700000,2.000000,0.100000,0.100000,0.100000,0.100000,0.402042,0.000000,0.010616
4,4,44,100,0.800000,1.760000,0.000000,0.700000,2.000000,0.100000,0.100000,0.100000,0.100000,0.412737,0.000000,0.003718
4,4,22,100,0.800000,0.880000,0.000000,0.700000,2.000000,0.100000,0.100000,0.100000,0.100000,0.388241,0.000000,0.003017
4,5,0,100,0.800000,0.000000,0.000000,0.700000,2.000000,0.100000,0.100000,0.100000,0.100000,0.387497,0.000000,0.007346
4,4,34,100,0.800000,1.360000,0.000000,0.700000,2.000000,0.100000,0.100000,0.100000,0.100000,0.552710,0.000000,0.010095
4,5,2,100,0.800000,0.080000,0.000000,0.700000,2.000000,0.100000,0.100000,0.100000,0.100000,0.387286,0.000000,0.008812
4,5,1,100,0.800000,0.040000,0.000000,0.700000,2.000000,0.100000,0.100000,0.100000,0.100000,0.387240,0.000000,0.008108
4,5,6,100,0.800000,0.240000,0.000000,0.700000,2.000000,0.100000,0.100000,0.100000,0.100000,0.387325,0.000000,0.012325
4,4,37,100,0.800000,1.480000,0.000000,0.700000,2.000000,0.100000,0.100000,0.100000,0.100000,0.414103,0.000000,0.009751
4,4,41,100,0.800000,1.640000,0.000000,0.700000,2.000000,0.100000,0.100000,0.100000,0.100000,0.482263,0.000000,0.003766
4,5,9,100,0.800000,0.360000,0.000000,0.700000,2.000000,0.100000,0.100000,0.100000,0.100000,0.387111,0.000000,0.012328
4,4,49,100,0.800000,1.960000,0.000000,0.700000,2.000000,0.100000,0.100000,0.100000,0.100000,0.406027,0.000000,0.013955
4,5,10,100,0.800000,0.400000,0.000000,0.700000,2.000000,0.100000,0.100000,0.100000,0.100000,0.387044,0.000000,0.011739
4,4,27,100,0.800000,1.080000,0.000000,0.700000,2.000000,0.100000,0.100000,0.100000,0.100000,0.393346,0.000000,0.001351
4,4,23,100,0.800000,0.920000,0.000000,0.700000,2.000000,0.100000,0.100000,0.100000,0.100000,0.388628,0.000000,0.002906
4,4,33,100,0.800000,1.320000,0.000000,0.700000,2.000000,0.100000,0.100000,0.100000,0.100000,0.680958,0.000000,0.010239
4,4,45,100,0.800000,1.800000,0.000000,0.700000,2.000000,0.100000,0.100000,0.100000,0.100000,0.412729,0.000000,0.015777
4,4,21,100,0.800000,0.840000,0.000000,0.700000,2.000000,0.100000,0.100000,0.100000,0.100000,0.388124,0.000000,0.003006
4,4,25,100,0.800000,1.000000,0.000000,0.700000,2.000000,0.100000,0.100000,0.100000,0.100000,0.391073,0.000000,0.002397
4,5,14,100,0.800000,0.560000,0.000000,0.700000,2.000000,0.100000,0.100000,0.100000,0.100000,0.386854,0.000000,0.006880
4,5,12,100,0.800000,0.480000,0.000000,0.700000,2.000000,0.100000,0.100000,0.100000,0.100000,0.386917,0.000000,0.009387
4,4,24,100,0.800000,0.960000,0.000000,0.700000,2.000000,0.100000,0.100000,0.100000,0.100000,0.389541,0.000000,0.002632
4,4,40,100,0.800000,1.600000,0.000000,0.700000,2.000000,0.100000,0.100000,0.100000,0.100000,0.422874,0.000000,0.018662
4,4,32,100,0.800000,1.280000,0.000000,0.700000,2.000000,0.100000,0.100000,0.100000,0.100000,0.780731,0.000000,0.010218
4,4,46,100,0.800000,1.840000,0.000000,0.700000,2.000000,0.100000,0.100000,0.100000,0.100000,0.407164,0.000000,0.006543
4,4,42,100,0.800000,1.680000,0.000000,0.700000,2.000000,0.100000,0.100000,0.100000,0.100000,0.412192,0.000000,0.004563
4,5,3,100,0.800000,0.120000,0.000000,0.700000,2.000000,0.100000,0.100000,0.100000,0.100000,0.387390,0.000000,0.010075
4,4,30,100,0.800000,1.200000,0.000000,0.700000,2.000000,0.100000,0.100000,0.100000,0.100000,0.500688,0.000000,0.025491
4,5,4,100,0.800000,0.160000,0.000000,0.700000,2.000000,0.100000,0.100000,0.100000,0.100000,0.387441,0.000000,0.010976
4,4,26,100,0.800000,1.040000,0.000000,0.700000,2.000000,0.100000,0.100000,0.100000,0.100000,0.392086,0.000000,0.001994
4,5,11,100,0.800000,0.440000,0.000000,0.700000,2.000000,0.100000,0.100000,0.100000,0.100000,0.386975,0.000000,0.010771
4,4,47,100,0.800000,1.880000,0.000000,0.700000,2.000000,0.100000,0.100000,0.100000,0.100000,0.400971,0.000000,0.004907
4,4,48,100,0.800000,1.920000,0.000000,0.700000,2.000000,0.100000,0.100000,0.100000,0.100000,0.404402,0.000000,0.009913
4,4,29,100,0.800000,1.160000,0.000000,0.700000,2.000000,0.100000,0.100000,0.100000,0.100000,0.412041,0.000000,0.015265
4,4,38,100,0.800000,1.520000,0.000000,0.700000,2.000000,0.100000,0.100000,0.100000,0.100000,0.420408,0.000000,0.016466
4,5,5,100,0.800000,0.200000,0.000000,0.700000,2.000000,0.100000,0.100000,0.100000,0.100000,0.387408,0.000000,0.011684
4,4,28,100,0.800000,1.120000,0.000000,0.700000,2.000000,0.100000,0.100000,0.100000,0.100000,0.395943,0.000000,0.002256
4,4,35,100,0.800000,1.400000,0.000000,0.700000,2.000000,0.100000,0.100000,0.100000,0.100000,0.467296,0.000000,0.014322
4,4,31,100,0.800000,1.240000,0.000000,0.700000,2.000000,0.100000,0.100000,0.100000,0.100000,0.723450,0.000000,0.019551
4,5,8,100,0.800000,0.320000,0.000000,0.700000,2.000000,0.100000,0.100000,0.100000,0.100000,0.387174,0.000000,0.012633
4,5,37,100,0.800000,1.480000,0.000000,0.700000,2.000000,0.100000,0.100000,0.100000,0.100000,0.407560,0.000000,0.008315
4,5,42,100,0.800000,1.680000,0.000000,0.700000,2.000000,0.100000,0.100000,0.100000,0.100000,0.402973,0.000000,0.010220
4,5,16,100,0.800000,0.640000,0.000000,0.700000,2.000000,0.100000,0.100000,0.100000,0.100000,0.386950,0.000000,0.005884
4,5,35,100,0.800000,1.400000,0.000000,0.700000,2.000000,0.100000,0.100000,0.100000,0.100000,0.404224,0.000000,0.009821
4,6,2,100,0.800000,0.080000,0.000000,0.700000,2.000000,0.100000,0.100000,0.100000,0.100000,0.392288,0.000000,0.006571
4,5,45,100,0.800000,1.800000,0.000000,0.700000,2.000000,0.100000,0.100000,0.100000,0.100000,0.419279,0.000000,0.009089
4,5,43,100,0.800000,1.720000,0.000000,0.700000,2.000000,0.100000,0.100000,0.100000,0.100000,0.409986,0.000000,0.005906
4,5,18,100,0.800000,0.720000,0.000000,0.700000,2.000000,0.100000,0.100000,0.100000,0.100000,0.387524,0.000000,0.005982
4,5,36,100,0.800000,1.440000,0.000000,0.700000,2.000000,0.100000,0.100000,0.100000,0.100000,0.408975,0.000000,0.013502
4,5,17,100,0.800000,0.680000,0.000000,0.700000,2.000000,0.100000,0.100000,0.100000,0.100000,0.387165,0.000000,0.005828
4,5,31,100,0.800000,1.240000,0.000000,0.700000,2.000000,0.100000,0.100000,0.100000,0.100000,0.397237,0.000000,0.004361
4,5,50,100,0.800000,2.000000,0.000000,0.700000,2.000000,0.100000,0.100000,0.100000,0.100000,0.404234,0.000000,0.008527
4,6,0,100,0.800000,0.000000,0.000000,0.700000,2.000000,0.100000,0.100000,0.100000,0.100000,0.392417,0.000000,0.008286
4,5,46,100,0.800000,1.840000,0.000000,0.700000,2.000000,0.100000,0.100000,0.100000,0.100000,0.400238,0.000000,0.011275
4,5,26,100,0.800000,1.040000,0.000000,0.700000,2.000000,0.100000,0.100000,0.100000,0.100000,0.393252,0.000000,0.006989
4,5,48,100,0.800000,1.920000,0.000000,0.700000,2.000000,0.100000,0.100000,0.100000,0.100000,0.412139,0.000000,0.011006
4,5,30,100,0.800000,1.200000,0.000000,0.700000,2.000000,0.100000,0.100000,0.100000,0.100000,0.402317,0.000000,0.007574
4,6,6,100,0.800000,0.240000,0.000000,0.700000,2.000000,0.100000,0.100000,0.100000,0.100000,0.392352,0.000000,0.005102
4,5,40,100,0.800000,1.600000,0.000000,0.700000,2.000000,0.100000,0.100000,0.100000,0.100000,0.411501,0.000000,0.010137
4,6,4,100,0.800000,0.160000,0.000000,0.700000,2.000000,0.100000,0.100000,0.100000,0.100000,0.392335,0.000000,0.005454
4,5,23,100,0.800000,0.920000,0.000000,0.700000,2.000000,0.100000,0.100000,0.100000,0.100000,0.391344,0.000000,0.007241
4,6,1,100,0.800000,0.040000,0.000000,0.700000,2.000000,0.100000,0.100000,0.100000,0.100000,0.392300,0.000000,0.006796
4,5,25,100,0.800000,1.000000,0.000000,0.700000,2.000000,0.100000,0.100000,0.100000,0.100000,0.392273,0.000000,0.006890
4,6,5,100,0.800000,0.200000,0.000000,0.700000,2.000000,0.100000,0.100000,0.100000,0.100000,0.392346,0.000000,0.005212
4,5,21,100,0.800000,0.840000,0.000000,0.700000,2.000000,0.100000,0.100000,0.100000,0.100000,0.389590,0.000000,0.006850
4,5,15,100,0.800000,0.600000,0.000000,0.700000,2.000000,0.100000,0.100000,0.100000,0.100000,0.386860,0.000000,0.006246
4,5,41,100,0.800000,1.640000,0.000000,0.700000,2.000000,0.100000,0.100000,0.100000,0.100000,0.396428,0.000000,0.011233
4,6,8,100,0.800000,0.320000,0.000000,0.700000,2.000000,0.100000,0.100000,0.100000,0.100000,0.392390,0.000000,0.004930
4,5,33,100,0.800000,1.320000,0.000000,0.700000,2.000000,0.100000,0.100000,0.100000,0.100000,0.404274,0.000000,0.010648
4,5,38,100,0.800000,1.520000,0.000000,0.700000,2.000000,0.100000,0.100000,0.100000,0.100000,0.409547,0.000000,0.006185
4,5,19,100,0.800000,0.760000,0.000000,0.700000,2.000000,0.100000,0.100000,0.100000,0.100000,0.388069,0.000000,0.006145
4,5,39,100,0.800000,1.560000,0.000000,0.700000,2.000000,0.100000,0.100000,0.100000,0.100000,0.400972,0.000000,0.007986
4,6,7,100,0.800000,0.280000,0.000000,0.700000,2.000000,0.100000,0.100000,0.100000,0.100000,0.392363,0.000000,0.005027
4,5,28,100,0.800000,1.120000,0.000000,0.700000,2.000000,0.100000,0.100000,0.100000,0.100000,0.403248,0.000000,0.003829
4,5,49,100,0.800000,1.960000,0.000000,0.700000,2.000000,0.100000,0.100000,0.100000,0.100000,0.412310,0.000000,0.004982
4,6,3,100,0.800000,0.120000,0.000000,0.700000,2.000000,0.100000,0.100000,0.100000,0.100000,0.392306,0.000000,0.005969
4,5,34,100,0.800000,1.360000,0.000000,0.700000,2.000000,0.100000,0.100000,0.100000,0.100000,0.400261,0.000000,0.016173
4,5,29,100,0.800000,1.160000,0.000000,0.700000,2.000000,0.100000,0.100000,0.100000,0.100000,0.407083,0.000000,0.006338
4,5,27,100,0.800000,1.080000,0.000000,0.700000,2.000000,0.100000,0.100000,0.100000,0.100000,0.399102,0.000000,0.007616
4,5,22,100,0.800000,0.880000,0.000000,0.700000,2.000000,0.100000,0.100000,0.100000,0.100000,0.390475,0.000000,0.007276
4,5,24,100,0.800000,0.960000,0.000000,0.700000,2.000000,0.100000,0.100000,0.100000,0.100000,0.391889,0.000000,0.006905
4,5,47,100,0.800000,1.880000,0.000000,0.700000,2.000000,0.100000,0.100000,0.100000,0.100000,0.407421,0.000000,0.027562
4,5,32,100,0.800000,1.280000,0.000000,0.700000,2.000000,0.100000,0.100000,0.100000,0.100000,0.400114,0.000000,0.008132
4,5,20,100,0.800000,0.800000,0.000000,0.700000,2.000000,0.100000,0.100000,0.100000,0.100000,0.388783,0.000000,0.006378
4,5,44,100,0.800000,1.760000,0.000000,0.700000,2.000000,0.100000,0.100000,0.100000,0.100000,0.415787,0.000000,0.004056
4,6,23,100,0.800000,0.920000,0.000000,0.700000,2.000000,0.100000,0.100000,0.100000,0.100000,0.400737,0.000000,0.006598
4,6,9,100,0.800000,0.360000,0.000000,0.700000,2.000000,0.100000,0.100000,0.100000,0.100000,0.392458,0.000000,0.004723
4,6,39,100,0.800000,1.560000,0.000000,0.700000,2.000000,0.100000,0.100000,0.100000,0.100000,0.412123,0.000000,0.004945
4,6,29,100,0.800000,1.160000,0.000000,0.700000,2.000000,0.100000,0.100000,0.100000,0.100000,0.415674,0.000000,0.018390
4,6,26,100,0.800000,1.040000,0.000000,0.700000,2.000000,0.100000,0.100000,0.100000,0.100000,0.408515,0.000000,0.012585
4,6,28,100,0.800000,1.120000,0.000000,0.700000,2.000000,0.100000,0.100000,0.100000,0.100000,0.414389,0.000000,0.018290
4,6,14,100,0.800000,0.560000,0.000000,0.700000,2.000000,0.100000,0.100000,0.100000,0.100000,0.394048,0.000000,0.002410
4,6,30,100,0.800000,1.200000,0.000000,0.700000,2.000000,0.100000,0.100000,0.100000,0.100000,0.416092,0.000000,0.016820
4,6,35,100,0.800000,1.400000,0.000000,0.700000,2.000000,0.100000,0.100000,0.100000,0.100000,0.408392,0.000000,0.008375
4,6,46,100,0.800000,1.840000,0.000000,0.700000,2.000000,0.100000,0.100000,0.100000,0.100000,0.415000,0.000000,0.010013
4,6,19,100,0.800000,0.760000,0.000000,0.700000,2.000000,0.100000,0.100000,0.100000,0.100000,0.397166,0.000000,0.005478
4,6,43,100,0.800000,1.720000,0.000000,0.700000,2.000000,0.100000,0.100000,0.100000,0.100000,0.423784,0.000000,0.005244
4,6,45,100,0.800000,1.800000,0.000000,0.700000,2.000000,0.100000,0.100000,0.100000,0.100000,0.409857,0.000000,0.016500
4,6,16,100,0.800000,0.640000,0.000000,0.700000,2.000000,0.100000,0.100000,0.100000,0.100000,0.395141,0.000000,0.002891
4,6,11,100,0.800000,0.440000,0.000000,0.700000,2.000000,0.100000,0.100000,0.100000,0.100000,0.392838,0.000000,0.003635
4,6,31,100,0.800000,1.240000,0.000000,0.700000,2.000000,0.100000,0.100000,0.100000,0.100000,0.416051,0.000000,0.014842
4,6,40,100,0.800000,1.600000,0.000000,0.700000,2.000000,0.100000,0.100000,0.100000,0.100000,0.413866,0.000000,0.003851
4,6,32,100,0.800000,1.280000,0.000000,0.700000,2.000000,0.100000,0.100000,0.100000,0.100000,0.415107,0.000000,0.013141
4,6,13,100,0.800000,0.520000,0.000000,0.700000,2.000000,0.100000,0.100000,0.100000,0.100000,0.393560,0.000000,0.002502
4,6,25,100,0.800000,1.000000,0.000000,0.700000,2.000000,0.100000,0.100000,0.100000,0.100000,0.405170,0.000000,0.009554
4,6,44,100,0.800000,1.760000,0.000000,0.700000,2.000000,0.100000,0.100000,0.100000,0.100000,0.411373,0.000000,0.010181
4,6,50,100,0.800000,2.000000,0.000000,0.700000,2.000000,0.100000,0.100000,0.100000,0.100000,0.413550,0.000000,0.011090
4,6,48,100,0.800000,1.920000,0.000000,0.700000,2.000000,0.100000,0.100000,0.100000,0.100000,0.420318,0.000000,0.010125
4,6,12,100,0.800000,0.480000,0.000000,0.700000,2.000000,0.100000,0.100000,0.100000,0.100000,0.393154,0.000000,0.002963
4,6,24,100,0.800000,0.960000,0.000000,0.700000,2.000000,0.100000,0.100000,0.100000,0.100000,0.402511,0.000000,0.007689
4,6,41,100,0.800000,1.640000,0.000000,0.700000,2.000000,0.100000,0.100000,0.100000,0.100000,0.417640,0.000000,0.004013
4,6,49,100,0.800000,1.960000,0.000000,0.700000,2.000000,0.100000,0.100000,0.100000,0.100000,0.417717,0.000000,0.009640
4,6,47,100,0.800000,1.880000,0.000000,0.700000,2.000000,0.100000,0.100000,0.100000,0.100000,0.413736,0.000000,0.011359
4,7,2,100,0.800000,0.080000,0.000000,0.700000,2.000000,0.100000,0.100000,0.100000,0.100000,0.390833,0.000000,0.008034
4,6,21,100,0.800000,0.840000,0.000000,0.700000,2.000000,0.100000,0.100000,0.100000,0.100000,0.398642,0.000000,0.005608
4,6,27,100,0.800000,1.080000,0.000000,0.700000,2.000000,0.100000,0.100000,0.100000,0.100000,0.411876,0.000000,0.016047
4,6,20,100,0.800000,0.800000,0.000000,0.700000,2.000000,0.100000,0.100000,0.100000,0.100000,0.397874,0.000000,0.005911
4,6,10,100,0.800000,0.400000,0.000000,0.700000,2.000000,0.100000,0.100000,0.100000,0.100000,0.392603,0.000000,0.004289
4,6,22,100,0.800000,0.880000,0.000000,0.700000,2.000000,0.100000,0.100000,0.100000,0.100000,0.399559,0.000000,0.005665
4,6,15,100,0.800000,0.600000,0.000000,0.700000,2.000000,0.100000,0.100000,0.100000,0.100000,0.394589,0.000000,0.002619
4,6,42,100,0.800000,1.680000,0.000000,0.700000,2.000000,0.100000,0.100000,0.100000,0.100000,0.400991,0.000000,0.005134
4,6,37,100,0.800000,1.480000,0.000000,0.700000,2.000000,0.100000,0.100000,0.100000,0.100000,0.410453,0.000000,0.006651
4,7,0,100,0.800000,0.000000,0.000000,0.700000,2.000000,0.100000,0.100000,0.100000,0.100000,0.391086,0.000000,0.009820
4,6,33,100,0.800000,1.320000,0.000000,0.700000,2.000000,0.100000,0.100000,0.100000,0.100000,0.412646,0.000000,0.011461
4,7,1,100,0.800000,0.040000,0.000000,0.700000,2.000000,0.100000,0.100000,0.100000,0.100000,0.391114,0.000000,0.009338
4,6,36,100,0.800000,1.440000,0.000000,0.700000,2.000000,0.100000,0.100000,0.100000,0.100000,0.411344,0.000000,0.007783
4,6,17,100,0.800000,0.680000,0.000000,0.700000,2.000000,0.100000,0.100000,0.100000,0.100000,0.395705,0.000000,0.003326
4,6,38,100,0.800000,1.520000,0.000000,0.700000,2.000000,0.100000,0.100000,0.100000,0.100000,0.403538,0.000000,0.002825
4,6,34,100,0.800000,1.360000,0.000000,0.700000,2.000000,0.100000,0.100000,0.100000,0.100000,0.409795,0.000000,0.009741
4,6,18,100,0.800000,0.720000,0.000000,0.700000,2.000000,0.100000,0.100000,0.100000,0.100000,0.396393,0.000000,0.004315
4,7,26,100,0.800000,1.040000,0.000000,0.700000,2.000000,0.100000,0.100000,0.100000,0.100000,0.400773,0.000000,0.008401
4,7,27,100,0.800000,1.080000,0.000000,0.700000,2.000000,0.100000,0.100000,0.100000,0.100000,0.401924,0.000000,0.011064
4,7,17,100,0.800000,0.680000,0.000000,0.700000,2.000000,0.100000,0.100000,0.100000,0.100000,0.395681,0.000000,0.010102
4,7,24,100,0.800000,0.960000,0.000000,0.700000,2.000000,0.100000,0.100000,0.100000,0.100000,0.399640,0.000000,0.006616
4,7,10,100,0.800000,0.400000,0.000000,0.700000,2.000000,0.100000,0.100000,0.100000,0.100000,0.391478,0.000000,0.008150
4,7,8,100,0.800000,0.320000,0.000000,0.700000,2.000000,0.100000,0.100000,0.100000,0.100000,0.391019,0.000000,0.006928
4,7,28,100,0.800000,1.120000,0.000000,0.700000,2.000000,0.100000,0.100000,0.100000,0.100000,0.404029,0.000000,0.013799
4,7,25,100,0.800000,1.000000,0.000000,0.700000,2.000000,0.100000,0.100000,0.100000,0.100000,0.400570,0.000000,0.006979
4,7,40,100,0.800000,1.600000,0.000000,0.700000,2.000000,0.100000,0.100000,0.100000,0.100000,0.410062,0.000000,0.007477
4,7,22,100,0.800000,0.880000,0.000000,0.700000,2.000000,0.100000,0.100000,0.100000,0.100000,0.397736,0.000000,0.009310
4,7,42,100,0.800000,1.680000,0.000000,0.700000,2.000000,0.100000,0.100000,0.100000,0.100000,0.409069,0.000000,0.017187
4,7,44,100,0.800000,1.760000,0.000000,0.700000,2.000000,0.100000,0.100000,0.100000,0.100000,0.400499,0.000000,0.006630
4,7,3,100,0.800000,0.120000,0.000000,0.700000,2.000000,0.100000,0.100000,0.100000,0.100000,0.390536,0.000000,0.005772
4,7,31,100,0.800000,1.240000,0.000000,0.700000,2.000000,0.100000,0.100000,0.100000,0.100000,0.409241,0.000000,0.014091
4,7,15,100,0.800000,0.600000,0.000000,0.700000,2.000000,0.100000,0.100000,0.100000,0.100000,0.394234,0.000000,0.009980
4,7,30,100,0.800000,1.200000,0.000000,0.700000,2.000000,0.100000,0.100000,0.100000,0.100000,0.409845,0.000000,0.012988
4,7,37,100,0.800000,1.480000,0.000000,0.700000,2.000000,0.100000,0.100000,0.100000,0.100000,0.409542,0.000000,0.007787
4,7,33,100,0.800000,1.320000,0.000000,0.700000,2.000000,0.100000,0.100000,0.100000,0.100000,0.410266,0.000000,0.006219
4,7,20,100,0.800000,0.800000,0.000000,0.700000,2.000000,0.100000,0.100000,0.100000,0.100000,0.397085,0.000000,0.011359
4,7,38,100,0.800000,1.520000,0.000000,0.700000,2.000000,0.100000,0.100000,0.100000,0.100000,0.404554,0.000000,0.006797
4,7,9,100,0.800000,0.360000,0.000000,0.700000,2.000000,0.100000,0.100000,0.100000,0.100000,0.391245,0.000000,0.007644
4,7,46,100,0.800000,1.840000,0.000000,0.700000,2.000000,0.100000,0.100000,0.100000,0.100000,0.411852,0.000000,0.007041
4,7,21,100,0.800000,0.840000,0.000000,0.700000,2.000000,0.100000,0.100000,0.100000,0.100000,0.397353,0.000000,0.010774
4,7,23,100,0.800000,0.920000,0.000000,0.700000,2.000000,0.100000,0.100000,0.100000,0.100000,0.398436,0.000000,0.007511
4,7,12,100,0.800000,0.480000,0.000000,0.700000,2.000000,0.100000,0.100000,0.100000,0.100000,0.392193,0.000000,0.009049
4,7,11,100,0.800000,0.440000,0.000000,0.700000,2.000000,0.100000,0.100000,0.100000,0.100000,0.391763,0.000000,0.008550
4,7,41,100,0.800000,1.640000,0.000000,0.700000,2.000000,0.100000,0.100000,0.100000,0.100000,0.406843,0.000000,0.010577
4,7,14,100,0.800000,0.560000,0.000000,0.700000,2.000000,0.100000,0.100000,0.100000,0.100000,0.393477,0.000000,0.009880
4,7,19,100,0.800000,0.760000,0.000000,0.700000,2.000000,0.100000,0.100000,0.100000,0.100000,0.396757,0.000000,0.011124
4,7,16,100,0.800000,0.640000,0.000000,0.700000,2.000000,0.100000,0.100000,0.100000,0.100000,0.395000,0.000000,0.009975
4,7,7,100,0.800000,0.280000,0.000000,0.700000,2.000000,0.100000,0.100000,0.100000,0.100000,0.390826,0.000000,0.006192
4,7,35,100,0.800000,1.400000,0.000000,0.700000,2.000000,0.100000,0.100000,0.100000,0.100000,0.408262,0.000000,0.019367
4,7,34,100,0.800000,1.360000,0.000000,0.700000,2.000000,0.100000,0.100000,0.100000,0.100000,0.409338,0.000000,0.008688
4,7,36,100,0.800000,1.440000,0.000000,0.700000,2.000000,0.100000,0.100000,0.100000,0.100000,0.397576,0.000000,0.009167
4,7,4,100,0.800000,0.160000,0.000000,0.700000,2.000000,0.100000,0.100000,0.100000,0.100000,0.390519,0.000000,0.005228
4,7,5,100,0.800000,0.200000,0.000000,0.700000,2.000000,0.100000,0.100000,0.100000,0.100000,0.390588,0.000000,0.005308
4,7,43,100,0.800000,1.720000,0.000000,0.700000,2.000000,0.100000,0.100000,0.100000,0.100000,0.409808,0.000000,0.011667
4,7,45,100,0.800000,1.800000,0.000000,0.700000,2.000000,0.100000,0.100000,0.100000,0.100000,0.396812,0.000000,0.014803
4,7,13,100,0.800000,0.520000,0.000000,0.700000,2.000000,0.100000,0.100000,0.100000,0.100000,0.392788,0.000000,0.009561
4,7,47,100,0.800000,1.880000,0.000000,0.700000,2.000000,0.100000,0.100000,0.100000,0.100000,0.410758,0.000000,0.003281
4,7,6,100,0.800000,0.240000,0.000000,0.700000,2.000000,0.100000,0.100000,0.100000,0.100000,0.390686,0.000000,0.005640
4,7,32,100,0.800000,1.280000,0.000000,0.700000,2.000000,0.100000,0.100000,0.100000,0.100000,0.408869,0.000000,0.007591
4,7,39,100,0.800000,1.560000,0.000000,0.700000,2.000000,0.100000,0.100000,0.100000,0.100000,0.411311,0.000000,0.011337
4,7,29,100,0.800000,1.160000,0.000000,0.700000,2.000000,0.100000,0.100000,0.100000,0.100000,0.406327,0.000000,0.012764
4,7,18,100,0.800000,0.720000,0.000000,0.700000,2.000000,0.100000,0.100000,0.100000,0.100000,0.396268,0.000000,0.010542
4,8,31,100,0.800000,1.240000,0.000000,0.700000,2.000000,0.100000,0.100000,0.100000,0.100000,0.390839,0.000000,0.012113
4,8,25,100,0.800000,1.000000,0.000000,0.700000,2.000000,0.100000,0.100000,0.100000,0.100000,0.395453,0.000000,0.011308
4,8,41,100,0.800000,1.640000,0.000000,0.700000,2.000000,0.100000,0.100000,0.100000,0.100000,0.390708,0.000000,0.008198
4,8,11,100,0.800000,0.440000,0.000000,0.700000,2.000000,0.100000,0.100000,0.100000,0.100000,0.386277,0.000000,0.016514
4,8,21,100,0.800000,0.840000,0.000000,0.700000,2.000000,0.100000,0.100000,0.100000,0.100000,0.389001,0.000000,0.010323
4,8,12,100,0.800000,0.480000,0.000000,0.700000,2.000000,0.100000,0.100000,0.100000,0.100000,0.386248,0.000000,0.015872
4,8,0,100,0.800000,0.000000,0.000000,0.700000,2.000000,0.100000,0.100000,0.100000,0.100000,0.386552,0.000000,0.009112
4,8,8,100,0.800000,0.320000,0.000000,0.700000,2.000000,0.100000,0.100000,0.100000,0.100000,0.386246,0.000000,0.017301
4,8,17,100,0.800000,0.680000,0.000000,0.700000,2.000000,0.100000,0.100000,0.100000,0.100000,0.386427,0.000000,0.010257
4,8,2,100,0.800000,0.080000,0.000000,0.700000,2.000000,0.100000,0.100000,0.100000,0.100000,0.386717,0.000000,0.017792
4,8,20,100,0.800000,0.800000,0.000000,0.700000,2.000000,0.100000,0.100000,0.100000,0.100000,0.388115,0.000000,0.009987
4,8,4,100,0.800000,0.160000,0.000000,0.700000,2.000000,0.100000,0.100000,0.100000,0.100000,0.386324,0.000000,0.018404
4,8,37,100,0.800000,1.480000,0.000000,0.700000,2.000000,0.100000,0.100000,0.100000,0.100000,0.390149,0.000000,0.009869
4,8,9,100,0.800000,0.360000,0.000000,0.700000,2.000000,0.100000,0.100000,0.100000,0.100000,0.386261,0.000000,0.017123
4,8,15,100,0.800000,0.600000,0.000000,0.700000,2.000000,0.100000,0.100000,0.100000,0.100000,0.386041,0.000000,0.012254
4,8,14,100,0.800000,0.560000,0.000000,0.700000,2.000000,0.100000,0.100000,0.100000,0.100000,0.386082,0.000000,0.013590
4,8,35,100,0.800000,1.400000,0.000000,0.700000,2.000000,0.100000,0.100000,0.100000,0.100000,0.390967,0.000000,0.007258
4,8,1,100,0.800000,0.040000,0.000000,0.700000,2.000000,0.100000,0.100000,0.100000,0.100000,0.386713,0.000000,0.017500
4,8,13,100,0.800000,0.520000,0.000000,0.700000,2.000000,0.100000,0.100000,0.100000,0.100000,0.386175,0.000000,0.014878
4,8,7,100,0.800000,0.280000,0.000000,0.700000,2.000000,0.100000,0.100000,0.100000,0.100000,0.386233,0.000000,0.017487
4,8,28,100,0.800000,1.120000,0.000000,0.700000,2.000000,0.100000,0.100000,0.100000,0.100000,0.391864,0.000000,0.012303
4,8,29,100,0.800000,1.160000,0.000000,0.700000,2.000000,0.100000,0.100000,0.100000,0.100000,0.391576,0.000000,0.011777
4,7,48,100,0.800000,1.920000,0.000000,0.700000,2.000000,0.100000,0.100000,0.100000,0.100000,0.410013,0.000000,0.004217
4,8,5,100,0.800000,0.200000,0.000000,0.700000,2.000000,0.100000,0.100000,0.100000,0.100000,0.386246,0.000000,0.018033
4,8,33,100,0.800000,1.320000,0.000000,0.700000,2.000000,0.100000,0.100000,0.100000,0.100000,0.390726,0.000000,0.009188
4,8,18,100,0.800000,0.720000,0.000000,0.700000,2.000000,0.100000,0.100000,0.100000,0.100000,0.386853,0.000000,0.009796
4,8,24,100,0.800000,0.960000,0.000000,0.700000,2.000000,0.100000,0.100000,0.100000,0.100000,0.393989,0.000000,0.011615
4,8,34,100,0.800000,1.360000,0.000000,0.700000,2.000000,0.100000,0.100000,0.100000,0.100000,0.390959,0.000000,0.007751
4,8,22,100,0.800000,0.880000,0.000000,0.700000,2.000000,0.100000,0.100000,0.100000,0.100000,0.390211,0.000000,0.010999
4,8,38,100,0.800000,1.520000,0.000000,0.700000,2.000000,0.100000,0.100000,0.100000,0.100000,0.389657,0.000000,0.009294
4,8,23,100,0.800000,0.920000,0.000000,0.700000,2.000000,0.100000,0.100000,0.100000,0.100000,0.392013,0.000000,0.011713
4,8,36,100,0.800000,1.440000,0.000000,0.700000,2.000000,0.100000,0.100000,0.100000,0.100000,0.390671,0.000000,0.008381
4,8,10,100,0.800000,0.400000,0.000000,0.700000,2.000000,0.100000,0.100000,0.100000,0.100000,0.386275,0.000000,0.016893
4,7,49,100,0.800000,1.960000,0.000000,0.700000,2.000000,0.100000,0.100000,0.100000,0.100000,0.406975,0.000000,0.007611
4,8,3,100,0.800000,0.120000,0.000000,0.700000,2.000000,0.100000,0.100000,0.100000,0.100000,0.386512,0.000000,0.018413
4,8,19,100,0.800000,0.760000,0.000000,0.700000,2.000000,0.100000,0.100000,0.100000,0.100000,0.387404,0.000000,0.009764
4,8,26,100,0.800000,1.040000,0.000000,0.700000,2.000000,0.100000,0.100000,0.100000,0.100000,0.393003,0.000000,0.013138
4,8,30,100,0.800000,1.200000,0.000000,0.700000,2.000000,0.100000,0.100000,0.100000,0.100000,0.391286,0.000000,0.012107
4,8,27,100,0.800000,1.080000,0.000000,0.700000,2.000000,0.100000,0.100000,0.100000,0.100000,0.392337,0.000000,0.012900
4,7,50,100,0.800000,2.000000,0.000000,0.700000,2.000000,0.100000,0.100000,0.100000,0.100000,0.414242,0.000000,0.009495
4,8,39,100,0.800000,1.560000,0.000000,0.700000,2.000000,0.100000,0.100000,0.100000,0.100000,0.389388,0.000000,0.008571
4,8,32,100,0.800000,1.280000,0.000000,0.700000,2.000000,0.100000,0.100000,0.100000,0.100000,0.390572,0.000000,0.011062
4,8,6,100,0.800000,0.240000,0.000000,0.700000,2.000000,0.100000,0.100000,0.100000,0.100000,0.386228,0.000000,0.017718
4,8,40,100,0.800000,1.600000,0.000000,0.700000,2.000000,0.100000,0.100000,0.100000,0.100000,0.389369,0.000000,0.008358
4,8,16,100,0.800000,0.640000,0.000000,0.700000,2.000000,0.100000,0.100000,0.100000,0.100000,0.386142,0.000000,0.011109
4,9,26,100,0.800000,1.040000,0.000000,0.700000,2.000000,0.100000,0.100000,0.100000,0.100000,0.394374,0.000000,0.008204
4,9,1,100,0.800000,0.040000,0.000000,0.700000,2.000000,0.100000,0.100000,0.100000,0.100000,0.384039,0.000000,0.011366
4,9,13,100,0.800000,0.520000,0.000000,0.700000,2.000000,0.100000,0.100000,0.100000,0.100000,0.383686,0.000000,0.015802
4,8,43,100,0.800000,1.720000,0.000000,0.700000,2.000000,0.100000,0.100000,0.100000,0.100000,0.396063,0.000000,0.007137
4,9,27,100,0.800000,1.080000,0.000000,0.700000,2.000000,0.100000,0.100000,0.100000,0.100000,0.395259,0.000000,0.009840
4,9,18,100,0.800000,0.720000,0.000000,0.700000,2.000000,0.100000,0.100000,0.100000,0.100000,0.385097,0.000000,0.010069
4,8,49,100,0.800000,1.960000,0.000000,0.700000,2.000000,0.100000,0.100000,0.100000,0.100000,0.402447,0.000000,0.007745
4,9,17,100,0.800000,0.680000,0.000000,0.700000,2.000000,0.100000,0.100000,0.100000,0.100000,0.384487,0.000000,0.011439
4,9,32,100,0.800000,1.280000,0.000000,0.700000,2.000000,0.100000,0.100000,0.100000,0.100000,0.406243,0.000000,0.007863
4,9,8,100,0.800000,0.320000,0.000000,0.700000,2.000000,0.100000,0.100000,0.100000,0.100000,0.383988,0.000000,0.014281
4,9,30,100,0.800000,1.200000,0.000000,0.700000,2.000000,0.100000,0.100000,0.100000,0.100000,0.400408,0.000000,0.011230
4,9,7,100,0.800000,0.280000,0.000000,0.700000,2.000000,0.100000,0.100000,0.100000,0.100000,0.384021,0.000000,0.014083
4,8,42,100,0.800000,1.680000,0.000000,0.700000,2.000000,0.100000,0.100000,0.100000,0.100000,0.394764,0.000000,0.006814
4,9,22,100,0.800000,0.880000,0.000000,0.700000,2.000000,0.100000,0.100000,0.100000,0.100000,0.387888,0.000000,0.006778
4,9,3,100,0.800000,0.120000,0.000000,0.700000,2.000000,0.100000,0.100000,0.100000,0.100000,0.384006,0.000000,0.011767
4,9,19,100,0.800000,0.760000,0.000000,0.700000,2.000000,0.100000,0.100000,0.100000,0.100000,0.385572,0.000000,0.009318
4,8,48,100,0.800000,1.920000,0.000000,0.700000,2.000000,0.100000,0.100000,0.100000,0.100000,0.405872,0.000000,0.005293
4,9,23,100,0.800000,0.920000,0.000000,0.700000,2.000000,0.100000,0.100000,0.100000,0.100000,0.388956,0.000000,0.005035
4,9,25,100,0.800000,1.000000,0.000000,0.700000,2.000000,0.100000,0.100000,0.100000,0.100000,0.392459,0.000000,0.005688
4,9,35,100,0.800000,1.400000,0.000000,0.700000,2.000000,0.100000,0.100000,0.100000,0.100000,0.406886,0.000000,0.003602
4,9,2,100,0.800000,0.080000,0.000000,0.700000,2.000000,0.100000,0.100000,0.100000,0.100000,0.384037,0.000000,0.011546
4,9,6,100,0.800000,0.240000,0.000000,0.700000,2.000000,0.100000,0.100000,0.100000,0.100000,0.384016,0.000000,0.013508
4,9,24,100,0.800000,0.960000,0.000000,0.700000,2.000000,0.100000,0.100000,0.100000,0.100000,0.390421,0.000000,0.004345
4,9,16,100,0.800000,0.640000,0.000000,0.700000,2.000000,0.100000,0.100000,0.100000,0.100000,0.383878,0.000000,0.013709
4,9,4,100,0.800000,0.160000,0.000000,0.700000,2.000000,0.100000,0.100000,0.100000,0.100000,0.383992,0.000000,0.012101
4,9,10,100,0.800000,0.400000,0.000000,0.700000,2.000000,0.100000,0.100000,0.100000,0.100000,0.383852,0.000000,0.014279
4,8,50,100,0.800000,2.000000,0.000000,0.700000,2.000000,0.100000,0.100000,0.100000,0.100000,0.412005,0.000000,0.007791
4,8,46,100,0.800000,1.840000,0.000000,0.700000,2.000000,0.100000,0.100000,0.100000,0.100000,0.411822,0.000000,0.005561
4,9,0,100,0.800000,0.000000,0.000000,0.700000,2.000000,0.100000,0.100000,0.100000,0.100000,0.383884,0.000000,0.009845
4,9,12,100,0.800000,0.480000,0.000000,0.700000,2.000000,0.100000,0.100000,0.100000,0.100000,0.383755,0.000000,0.015035
4,9,15,100,0.800000,0.600000,0.000000,0.700000,2.000000,0.100000,0.100000,0.100000,0.100000,0.383598,0.000000,0.015716
4,9,11,100,0.800000,0.440000,0.000000,0.700000,2.000000,0.100000,0.100000,0.100000,0.100000,0.383800,0.000000,0.014496
4,9,34,100,0.800000,1.360000,0.000000,0.700000,2.000000,0.100000,0.100000,0.100000,0.100000,0.406827,0.000000,0.003202
4,9,20,100,0.800000,0.800000,0.000000,0.700000,2.000000,0.100000,0.100000,0.100000,0.100000,0.386176,0.000000,0.008726
4,8,45,100,0.800000,1.800000,0.000000,0.700000,2.000000,0.100000,0.100000,0.100000,0.100000,0.405172,0.000000,0.005680
4,9,33,100,0.800000,1.320000,0.000000,0.700000,2.000000,0.100000,0.100000,0.100000,0.100000,0.407393,0.000000,0.004099
4,9,28,100,0.800000,1.120000,0.000000,0.700000,2.000000,0.100000,0.100000,0.100000,0.100000,0.395658,0.000000,0.010217
4,9,21,100,0.800000,0.840000,0.000000,0.700000,2.000000,0.100000,0.100000,0.100000,0.100000,0.386974,0.000000,0.008046
4,9,5,100,0.800000,0.200000,0.000000,0.700000,2.000000,0.100000,0.100000,0.100000,0.100000,0.383998,0.000000,0.012716
4,8,47,100,0.800000,1.880000,0.000000,0.700000,2.000000,0.100000,0.100000,0.100000,0.100000,0.415689,0.000000,0.006088
4,8,44,100,0.800000,1.760000,0.000000,0.700000,2.000000,0.100000,0.100000,0.100000,0.100000,0.404618,0.000000,0.005592
4,9,9,100,0.800000,0.360000,0.000000,0.700000,2.000000,0.100000,0.100000,0.100000,0.100000,0.383922,0.000000,0.014261
4,9,31,100,0.800000,1.240000,0.000000,0.700000,2.000000,0.100000,0.100000,0.100000,0.100000,0.403899,0.000000,0.010678
4,9,29,100,0.800000,1.160000,0.000000,0.700000,2.000000,0.100000,0.100000,0.100000,0.100000,0.397294,0.000000,0.010661
4,9,14,100,0.800000,0.560000,0.000000,0.700000,2.000000,0.100000,0.100000,0.100000,0.100000,0.383600,0.000000,0.016275
4,9,38,100,0.800000,1.520000,0.000000,0.700000,2.000000,0.100000,0.100000,0.100000,0.100000,0.406770,0.000000,0.011749
4,9,46,100,0.800000,1.840000,0.000000,0.700000,2.000000,0.100000,0.100000,0.100000,0.100000,0.398611,0.000000,0.002875
4,9,49,100,0.800000,1.960000,0.000000,0.700000,2.000000,0.100000,0.100000,0.100000,0.100000,0.409133,0.000000,0.004303
4,9,43,100,0.800000,1.720000,0.000000,0.700000,2.000000,0.100000,0.100000,0.100000,0.100000,0.402986,0.000000,0.009371
4,9,39,100,0.800000,1.560000,0.000000,0.700000,2.000000,0.100000,0.100000,0.100000,0.100000,0.397724,0.000000,0.006858
4,9,37,100,0.800000,1.480000,0.000000,0.700000,2.000000,0.100000,0.100000,0.100000,0.100000,0.406910,0.000000,0.016476
4,9,48,100,0.800000,1.920000,0.000000,0.700000,2.000000,0.100000,0.100000,0.100000,0.100000,0.404740,0.000000,0.007384
4,9,45,100,0.800000,1.800000,0.000000,0.700000,2.000000,0.100000,0.100000,0.100000,0.100000,0.407995,0.000000,0.009477
4,9,42,100,0.800000,1.680000,0.000000,0.700000,2.000000,0.100000,0.100000,0.100000,0.100000,0.407263,0.000000,0.006378
4,9,40,100,0.800000,1.600000,0.000000,0.700000,2.000000,0.100000,0.100000,0.100000,0.100000,0.402090,0.000000,0.014157
4,9,41,100,0.800000,1.640000,0.000000,0.700000,2.000000,0.100000,0.100000,0.100000,0.100000,0.401715,0.000000,0.013148
4,9,44,100,0.800000,1.760000,0.000000,0.700000,2.000000,0.100000,0.100000,0.100000,0.100000,0.401949,0.000000,0.006104
4,9,36,100,0.800000,1.440000,0.000000,0.700000,2.000000,0.100000,0.100000,0.100000,0.100000,0.409098,0.000000,0.006609
4,9,50,100,0.800000,2.000000,0.000000,0.700000,2.000000,0.100000,0.100000,0.100000,0.100000,0.402368,0.000000,0.015602
4,9,47,100,0.800000,1.880000,0.000000,0.700000,2.000000,0.100000,0.100000,0.100000,0.100000,0.405643,0.000000,0.004462
