3,0,23,100,0.010000,0.862500,0.800000,0.980000,1.190000,0.100000,0.100000,0.100000,0.100000,0.272648,0.000000
3,0,9,100,0.010000,0.337500,0.800000,0.980000,1.190000,0.100000,0.100000,0.100000,0.100000,0.272768,0.000000
3,0,11,100,0.010000,0.412500,0.800000,0.980000,1.190000,0.100000,0.100000,0.100000,0.100000,0.272480,0.000000
3,0,12,100,0.010000,0.450000,0.800000,0.980000,1.190000,0.100000,0.100000,0.100000,0.100000,0.272350,0.000000
3,0,5,100,0.010000,0.187500,0.800000,0.980000,1.190000,0.100000,0.100000,0.100000,0.100000,0.273366,0.000000
3,0,16,100,0.010000,0.600000,0.800000,0.980000,1.190000,0.100000,0.100000,0.100000,0.100000,0.272019,0.000000
3,0,3,100,0.010000,0.112500,0.800000,0.980000,1.190000,0.100000,0.100000,0.100000,0.100000,0.273635,0.000000
3,0,18,100,0.010000,0.675000,0.800000,0.980000,1.190000,0.100000,0.100000,0.100000,0.100000,0.272032,0.000000
3,0,0,100,0.010000,0.000000,0.800000,0.980000,1.190000,0.100000,0.100000,0.100000,0.100000,0.273953,0.000000
3,0,1,100,0.010000,0.037500,0.800000,0.980000,1.190000,0.100000,0.100000,0.100000,0.100000,0.273861,0.000000
3,0,14,100,0.010000,0.525000,0.800000,0.980000,1.190000,0.100000,0.100000,0.100000,0.100000,0.272136,0.000000
3,0,21,100,0.010000,0.787500,0.800000,0.980000,1.190000,0.100000,0.100000,0.100000,0.100000,0.272321,0.000000
3,0,8,100,0.010000,0.300000,0.800000,0.980000,1.190000,0.100000,0.100000,0.100000,0.100000,0.272919,0.000000
3,0,6,100,0.010000,0.225000,0.800000,0.980000,1.190000,0.100000,0.100000,0.100000,0.100000,0.273220,0.000000
3,0,17,100,0.010000,0.637500,0.800000,0.980000,1.190000,0.100000,0.100000,0.100000,0.100000,0.272007,0.000000
3,0,10,100,0.010000,0.375000,0.800000,0.980000,1.190000,0.100000,0.100000,0.100000,0.100000,0.272621,0.000000
3,0,20,100,0.010000,0.750000,0.800000,0.980000,1.190000,0.100000,0.100000,0.100000,0.100000,0.272192,0.000000
3,0,4,100,0.010000,0.150000,0.800000,0.980000,1.190000,0.100000,0.100000,0.100000,0.100000,0.273504,0.000000
3,0,2,100,0.010000,0.075000,0.800000,0.980000,1.190000,0.100000,0.100000,0.100000,0.100000,0.273755,0.000000
3,0,13,100,0.010000,0.487500,0.800000,0.980000,1.190000,0.100000,0.100000,0.100000,0.100000,0.272234,0.000000
3,0,15,100,0.010000,0.562500,0.800000,0.980000,1.190000,0.100000,0.100000,0.100000,0.100000,0.272063,0.000000
3,0,7,100,0.010000,0.262500,0.800000,0.980000,1.190000,0.100000,0.100000,0.100000,0.100000,0.273070,0.000000
3,0,22,100,0.010000,0.825000,0.800000,0.980000,1.190000,0.100000,0.100000,0.100000,0.100000,0.272476,0.000000
3,0,19,100,0.010000,0.712500,0.800000,0.980000,1.190000,0.100000,0.100000,0.100000,0.100000,0.272094,0.000000
3,0,24,100,0.010000,0.900000,0.800000,0.980000,1.190000,0.100000,0.100000,0.100000,0.100000,0.272819,0.000000
3,0,25,100,0.010000,0.937500,0.800000,0.980000,1.190000,0.100000,0.100000,0.100000,0.100000,0.272927,0.000000
3,0,26,100,0.010000,0.975000,0.800000,0.980000,1.190000,0.100000,0.100000,0.100000,0.100000,0.272784,0.000000
3,0,31,100,0.010000,1.162500,0.800000,0.980000,1.190000,0.100000,0.100000,0.100000,0.100000,0.269180,0.000000
3,0,35,100,0.010000,1.312500,0.800000,0.980000,1.190000,0.100000,0.100000,0.100000,0.100000,0.273324,0.000000
3,0,34,100,0.010000,1.275000,0.800000,0.980000,1.190000,0.100000,0.100000,0.100000,0.100000,0.272205,0.000000
3,0,30,100,0.010000,1.125000,0.800000,0.980000,1.190000,0.100000,0.100000,0.100000,0.100000,0.269001,0.000000
3,0,32,100,0.010000,1.200000,0.800000,0.980000,1.190000,0.100000,0.100000,0.100000,0.100000,0.269650,0.000000
3,0,36,100,0.010000,1.350000,0.800000,0.980000,1.190000,0.100000,0.100000,0.100000,0.100000,0.273401,0.000000
3,0,38,100,0.010000,1.425000,0.800000,0.980000,1.190000,0.100000,0.100000,0.100000,0.100000,0.289122,0.000000
3,0,27,100,0.010000,1.012500,0.800000,0.980000,1.190000,0.100000,0.100000,0.100000,0.100000,0.272052,0.000000
3,0,37,100,0.010000,1.387500,0.800000,0.980000,1.190000,0.100000,0.100000,0.100000,0.100000,0.280376,0.000000
3,0,28,100,0.010000,1.050000,0.800000,0.980000,1.190000,0.100000,0.100000,0.100000,0.100000,0.270831,0.000000
3,0,29,100,0.010000,1.087500,0.800000,0.980000,1.190000,0.100000,0.100000,0.100000,0.100000,0.270047,0.000000
3,0,39,100,0.010000,1.462500,0.800000,0.980000,1.190000,0.100000,0.100000,0.100000,0.100000,0.296200,0.000000
3,0,33,100,0.010000,1.237500,0.800000,0.980000,1.190000,0.100000,0.100000,0.100000,0.100000,0.268596,0.000000
3,1,3,100,0.010000,0.112500,0.800000,0.980000,1.190000,0.100000,0.100000,0.100000,0.100000,0.276665,0.000000
3,0,40,100,0.010000,1.500000,0.800000,0.980000,1.190000,0.100000,0.100000,0.100000,0.100000,0.299442,0.000000
3,1,5,100,0.010000,0.187500,0.800000,0.980000,1.190000,0.100000,0.100000,0.100000,0.100000,0.276369,0.000000
3,1,0,100,0.010000,0.000000,0.800000,0.980000,1.190000,0.100000,0.100000,0.100000,0.100000,0.276848,0.000000
3,1,4,100,0.010000,0.150000,0.800000,0.980000,1.190000,0.100000,0.100000,0.100000,0.100000,0.276536,0.000000
3,1,6,100,0.010000,0.225000,0.800000,0.980000,1.190000,0.100000,0.100000,0.100000,0.100000,0.276159,0.000000
3,1,2,100,0.010000,0.075000,0.800000,0.980000,1.190000,0.100000,0.100000,0.100000,0.100000,0.276758,0.000000
3,1,1,100,0.010000,0.037500,0.800000,0.980000,1.190000,0.100000,0.100000,0.100000,0.100000,0.276818,0.000000
3,1,11,100,0.010000,0.412500,0.800000,0.980000,1.190000,0.100000,0.100000,0.100000,0.100000,0.274350,0.000000
3,1,10,100,0.010000,0.375000,0.800000,0.980000,1.190000,0.100000,0.100000,0.100000,0.100000,0.274820,0.000000
3,1,17,100,0.010000,0.637500,0.800000,0.980000,1.190000,0.100000,0.100000,0.100000,0.100000,0.270922,0.000000
3,1,8,100,0.010000,0.300000,0.800000,0.980000,1.190000,0.100000,0.100000,0.100000,0.100000,0.275595,0.000000
3,1,19,100,0.010000,0.712500,0.800000,0.980000,1.190000,0.100000,0.100000,0.100000,0.100000,0.270085,0.000000
3,1,9,100,0.010000,0.337500,0.800000,0.980000,1.190000,0.100000,0.100000,0.100000,0.100000,0.275235,0.000000
3,1,16,100,0.010000,0.600000,0.800000,0.980000,1.190000,0.100000,0.100000,0.100000,0.100000,0.271471,0.000000
3,1,14,100,0.010000,0.525000,0.800000,0.980000,1.190000,0.100000,0.100000,0.100000,0.100000,0.272670,0.000000
3,1,12,100,0.010000,0.450000,0.800000,0.980000,1.190000,0.100000,0.100000,0.100000,0.100000,0.273830,0.000000
3,1,15,100,0.010000,0.562500,0.800000,0.980000,1.190000,0.100000,0.100000,0.100000,0.100000,0.272064,0.000000
3,1,13,100,0.010000,0.487500,0.800000,0.980000,1.190000,0.100000,0.100000,0.100000,0.100000,0.273265,0.000000
3,1,18,100,0.010000,0.675000,0.800000,0.980000,1.190000,0.100000,0.100000,0.100000,0.100000,0.270451,0.000000
3,1,21,100,0.010000,0.787500,0.800000,0.980000,1.190000,0.100000,0.100000,0.100000,0.100000,0.269718,0.000000
3,1,7,100,0.010000,0.262500,0.800000,0.980000,1.190000,0.100000,0.100000,0.100000,0.100000,0.275902,0.000000
3,1,23,100,0.010000,0.862500,0.800000,0.980000,1.190000,0.100000,0.100000,0.100000,0.100000,0.269764,0.000000
3,1,24,100,0.010000,0.900000,0.800000,0.980000,1.190000,0.100000,0.100000,0.100000,0.100000,0.269988,0.000000
3,1,27,100,0.010000,1.012500,0.800000,0.980000,1.190000,0.100000,0.100000,0.100000,0.100000,0.273169,0.000000
3,1,25,100,0.010000,0.937500,0.800000,0.980000,1.190000,0.100000,0.100000,0.100000,0.100000,0.270604,0.000000
3,1,22,100,0.010000,0.825000,0.800000,0.980000,1.190000,0.100000,0.100000,0.100000,0.100000,0.269696,0.000000
3,1,20,100,0.010000,0.750000,0.800000,0.980000,1.190000,0.100000,0.100000,0.100000,0.100000,0.269842,0.000000
3,1,26,100,0.010000,0.975000,0.800000,0.980000,1.190000,0.100000,0.100000,0.100000,0.100000,0.271899,0.000000
3,1,30,100,0.010000,1.125000,0.800000,0.980000,1.190000,0.100000,0.100000,0.100000,0.100000,0.291782,0.000000
3,1,29,100,0.010000,1.087500,0.800000,0.980000,1.190000,0.100000,0.100000,0.100000,0.100000,0.290624,0.000000
3,1,28,100,0.010000,1.050000,0.800000,0.980000,1.190000,0.100000,0.100000,0.100000,0.100000,0.272970,0.000000
3,1,32,100,0.010000,1.200000,0.800000,0.980000,1.190000,0.100000,0.100000,0.100000,0.100000,0.328781,0.000000
3,1,31,100,0.010000,1.162500,0.800000,0.980000,1.190000,0.100000,0.100000,0.100000,0.100000,0.286280,0.000000
3,1,36,100,0.010000,1.350000,0.800000,0.980000,1.190000,0.100000,0.100000,0.100000,0.100000,0.400612,0.000000
3,1,38,100,0.010000,1.425000,0.800000,0.980000,1.190000,0.100000,0.100000,0.100000,0.100000,0.390272,0.000000
3,1,37,100,0.010000,1.387500,0.800000,0.980000,1.190000,0.100000,0.100000,0.100000,0.100000,0.388961,0.000000
3,1,35,100,0.010000,1.312500,0.800000,0.980000,1.190000,0.100000,0.100000,0.100000,0.100000,0.403610,0.000000
3,1,39,100,0.010000,1.462500,0.800000,0.980000,1.190000,0.100000,0.100000,0.100000,0.100000,0.396052,0.000000
3,1,40,100,0.010000,1.500000,0.800000,0.980000,1.190000,0.100000,0.100000,0.100000,0.100000,0.396015,0.000000
3,2,5,100,0.010000,0.187500,0.800000,0.980000,1.190000,0.100000,0.100000,0.100000,0.100000,0.272560,0.000000
3,2,0,100,0.010000,0.000000,0.800000,0.980000,1.190000,0.100000,0.100000,0.100000,0.100000,0.272672,0.000000
3,1,34,100,0.010000,1.275000,0.800000,0.980000,1.190000,0.100000,0.100000,0.100000,0.100000,0.355211,0.000000
3,2,8,100,0.010000,0.300000,0.800000,0.980000,1.190000,0.100000,0.100000,0.100000,0.100000,0.272196,0.000000
3,1,33,100,0.010000,1.237500,0.800000,0.980000,1.190000,0.100000,0.100000,0.100000,0.100000,0.366409,0.000000
3,2,3,100,0.010000,0.112500,0.800000,0.980000,1.190000,0.100000,0.100000,0.100000,0.100000,0.272673,0.000000
3,2,7,100,0.010000,0.262500,0.800000,0.980000,1.190000,0.100000,0.100000,0.100000,0.100000,0.272345,0.000000
3,2,1,100,0.010000,0.037500,0.800000,0.980000,1.190000,0.100000,0.100000,0.100000,0.100000,0.272693,0.000000
3,2,2,100,0.010000,0.075000,0.800000,0.980000,1.190000,0.100000,0.100000,0.100000,0.100000,0.272693,0.000000
3,2,6,100,0.010000,0.225000,0.800000,0.980000,1.190000,0.100000,0.100000,0.100000,0.100000,0.272466,0.000000
3,2,11,100,0.010000,0.412500,0.800000,0.980000,1.190000,0.100000,0.100000,0.100000,0.100000,0.271593,0.000000
3,2,10,100,0.010000,0.375000,0.800000,0.980000,1.190000,0.100000,0.100000,0.100000,0.100000,0.271818,0.000000
3,2,4,100,0.010000,0.150000,0.800000,0.980000,1.190000,0.100000,0.100000,0.100000,0.100000,0.272629,0.000000
3,2,9,100,0.010000,0.337500,0.800000,0.980000,1.190000,0.100000,0.100000,0.100000,0.100000,0.272020,0.000000
3,2,13,100,0.010000,0.487500,0.800000,0.980000,1.190000,0.100000,0.100000,0.100000,0.100000,0.271085,0.000000
3,2,14,100,0.010000,0.525000,0.800000,0.980000,1.190000,0.100000,0.100000,0.100000,0.100000,0.270816,0.000000
3,2,12,100,0.010000,0.450000,0.800000,0.980000,1.190000,0.100000,0.100000,0.100000,0.100000,0.271346,0.000000
3,2,19,100,0.010000,0.712500,0.800000,0.980000,1.190000,0.100000,0.100000,0.100000,0.100000,0.269783,0.000000
3,2,17,100,0.010000,0.637500,0.800000,0.980000,1.190000,0.100000,0.100000,0.100000,0.100000,0.270076,0.000000
3,2,25,100,0.010000,0.937500,0.800000,0.980000,1.190000,0.100000,0.100000,0.100000,0.100000,0.270133,0.000000
3,2,16,100,0.010000,0.600000,0.800000,0.980000,1.190000,0.100000,0.100000,0.100000,0.100000,0.270298,0.000000
3,2,27,100,0.010000,1.012500,0.800000,0.980000,1.190000,0.100000,0.100000,0.100000,0.100000,0.269630,0.000000
3,2,15,100,0.010000,0.562500,0.800000,0.980000,1.190000,0.100000,0.100000,0.100000,0.100000,0.270550,0.000000
3,2,21,100,0.010000,0.787500,0.800000,0.980000,1.190000,0.100000,0.100000,0.100000,0.100000,0.269753,0.000000
3,2,20,100,0.010000,0.750000,0.800000,0.980000,1.190000,0.100000,0.100000,0.100000,0.100000,0.269734,0.000000
3,2,34,100,0.010000,1.275000,0.800000,0.980000,1.190000,0.100000,0.100000,0.100000,0.100000,0.269863,0.000000
3,2,32,100,0.010000,1.200000,0.800000,0.980000,1.190000,0.100000,0.100000,0.100000,0.100000,0.266512,0.000000
3,2,29,100,0.010000,1.087500,0.800000,0.980000,1.190000,0.100000,0.100000,0.100000,0.100000,0.267775,0.000000
3,2,26,100,0.010000,0.975000,0.800000,0.980000,1.190000,0.100000,0.100000,0.100000,0.100000,0.270388,0.000000
3,2,24,100,0.010000,0.900000,0.800000,0.980000,1.190000,0.100000,0.100000,0.100000,0.100000,0.269941,0.000000
3,2,18,100,0.010000,0.675000,0.800000,0.980000,1.190000,0.100000,0.100000,0.100000,0.100000,0.269900,0.000000
3,2,22,100,0.010000,0.825000,0.800000,0.980000,1.190000,0.100000,0.100000,0.100000,0.100000,0.269817,0.000000
3,2,30,100,0.010000,1.125000,0.800000,0.980000,1.190000,0.100000,0.100000,0.100000,0.100000,0.268406,0.000000
3,2,31,100,0.010000,1.162500,0.800000,0.980000,1.190000,0.100000,0.100000,0.100000,0.100000,0.267726,0.000000
3,2,23,100,0.010000,0.862500,0.800000,0.980000,1.190000,0.100000,0.100000,0.100000,0.100000,0.269882,0.000000
3,2,33,100,0.010000,1.237500,0.800000,0.980000,1.190000,0.100000,0.100000,0.100000,0.100000,0.269253,0.000000
3,2,35,100,0.010000,1.312500,0.800000,0.980000,1.190000,0.100000,0.100000,0.100000,0.100000,0.275217,0.000000
3,2,28,100,0.010000,1.050000,0.800000,0.980000,1.190000,0.100000,0.100000,0.100000,0.100000,0.269743,0.000000
3,2,36,100,0.010000,1.350000,0.800000,0.980000,1.190000,0.100000,0.100000,0.100000,0.100000,0.276298,0.000000
3,2,37,100,0.010000,1.387500,0.800000,0.980000,1.190000,0.100000,0.100000,0.100000,0.100000,0.306944,0.000000
3,2,39,100,0.010000,1.462500,0.800000,0.980000,1.190000,0.100000,0.100000,0.100000,0.100000,0.323957,0.000000
3,2,40,100,0.010000,1.500000,0.800000,0.980000,1.190000,0.100000,0.100000,0.100000,0.100000,0.328085,0.000000
3,2,38,100,0.010000,1.425000,0.800000,0.980000,1.190000,0.100000,0.100000,0.100000,0.100000,0.316471,0.000000
3,3,7,100,0.010000,0.262500,0.800000,0.980000,1.190000,0.100000,0.100000,0.100000,0.100000,0.270844,0.000000
3,3,9,100,0.010000,0.337500,0.800000,0.980000,1.190000,0.100000,0.100000,0.100000,0.100000,0.270628,0.000000
3,3,0,100,0.010000,0.000000,0.800000,0.980000,1.190000,0.100000,0.100000,0.100000,0.100000,0.271445,0.000000
3,3,6,100,0.010000,0.225000,0.800000,0.980000,1.190000,0.100000,0.100000,0.100000,0.100000,0.270953,0.000000
3,3,1,100,0.010000,0.037500,0.800000,0.980000,1.190000,0.100000,0.100000,0.100000,0.100000,0.271394,0.000000
3,3,10,100,0.010000,0.375000,0.800000,0.980000,1.190000,0.100000,0.100000,0.100000,0.100000,0.270527,0.000000
3,3,13,100,0.010000,0.487500,0.800000,0.980000,1.190000,0.100000,0.100000,0.100000,0.100000,0.270283,0.000000
3,3,2,100,0.010000,0.075000,0.800000,0.980000,1.190000,0.100000,0.100000,0.100000,0.100000,0.271328,0.000000
3,3,4,100,0.010000,0.150000,0.800000,0.980000,1.190000,0.100000,0.100000,0.100000,0.100000,0.271158,0.000000
3,3,18,100,0.010000,0.675000,0.800000,0.980000,1.190000,0.100000,0.100000,0.100000,0.100000,0.270094,0.000000
3,3,8,100,0.010000,0.300000,0.800000,0.980000,1.190000,0.100000,0.100000,0.100000,0.100000,0.270734,0.000000
3,3,5,100,0.010000,0.187500,0.800000,0.980000,1.190000,0.100000,0.100000,0.100000,0.100000,0.271058,0.000000
3,3,3,100,0.010000,0.112500,0.800000,0.980000,1.190000,0.100000,0.100000,0.100000,0.100000,0.271249,0.000000
3,3,12,100,0.010000,0.450000,0.800000,0.980000,1.190000,0.100000,0.100000,0.100000,0.100000,0.270352,0.000000
3,3,16,100,0.010000,0.600000,0.800000,0.980000,1.190000,0.100000,0.100000,0.100000,0.100000,0.270155,0.000000
3,3,14,100,0.010000,0.525000,0.800000,0.980000,1.190000,0.100000,0.100000,0.100000,0.100000,0.270228,0.000000
3,3,11,100,0.010000,0.412500,0.800000,0.980000,1.190000,0.100000,0.100000,0.100000,0.100000,0.270434,0.000000
3,3,19,100,0.010000,0.712500,0.800000,0.980000,1.190000,0.100000,0.100000,0.100000,0.100000,0.270044,0.000000
3,3,15,100,0.010000,0.562500,0.800000,0.980000,1.190000,0.100000,0.100000,0.100000,0.100000,0.270186,0.000000
3,3,17,100,0.010000,0.637500,0.800000,0.980000,1.190000,0.100000,0.100000,0.100000,0.100000,0.270128,0.000000
3,3,20,100,0.010000,0.750000,0.800000,0.980000,1.190000,0.100000,0.100000,0.100000,0.100000,0.269986,0.000000
3,3,22,100,0.010000,0.825000,0.800000,0.980000,1.190000,0.100000,0.100000,0.100000,0.100000,0.269984,0.000000
3,3,21,100,0.010000,0.787500,0.800000,0.980000,1.190000,0.100000,0.100000,0.100000,0.100000,0.269957,0.000000
3,3,27,100,0.010000,1.012500,0.800000,0.980000,1.190000,0.100000,0.100000,0.100000,0.100000,0.270898,0.000000
3,3,29,100,0.010000,1.087500,0.800000,0.980000,1.190000,0.100000,0.100000,0.100000,0.100000,0.269806,0.000000
3,3,23,100,0.010000,0.862500,0.800000,0.980000,1.190000,0.100000,0.100000,0.100000,0.100000,0.270023,0.000000
3,3,28,100,0.010000,1.050000,0.800000,0.980000,1.190000,0.100000,0.100000,0.100000,0.100000,0.270306,0.000000
3,3,25,100,0.010000,0.937500,0.800000,0.980000,1.190000,0.100000,0.100000,0.100000,0.100000,0.269743,0.000000
3,3,32,100,0.010000,1.200000,0.800000,0.980000,1.190000,0.100000,0.100000,0.100000,0.100000,0.273062,0.000000
3,3,24,100,0.010000,0.900000,0.800000,0.980000,1.190000,0.100000,0.100000,0.100000,0.100000,0.269969,0.000000
3,3,34,100,0.010000,1.275000,0.800000,0.980000,1.190000,0.100000,0.100000,0.100000,0.100000,0.278219,0.000000
3,3,30,100,0.010000,1.125000,0.800000,0.980000,1.190000,0.100000,0.100000,0.100000,0.100000,0.270372,0.000000
3,3,26,100,0.010000,0.975000,0.800000,0.980000,1.190000,0.100000,0.100000,0.100000,0.100000,0.269672,0.000000
3,3,35,100,0.010000,1.312500,0.800000,0.980000,1.190000,0.100000,0.100000,0.100000,0.100000,0.279595,0.000000
3,3,38,100,0.010000,1.425000,0.800000,0.980000,1.190000,0.100000,0.100000,0.100000,0.100000,0.291441,0.000000
3,3,31,100,0.010000,1.162500,0.800000,0.980000,1.190000,0.100000,0.100000,0.100000,0.100000,0.272355,0.000000
3,3,37,100,0.010000,1.387500,0.800000,0.980000,1.190000,0.100000,0.100000,0.100000,0.100000,0.286099,0.000000
3,3,36,100,0.010000,1.350000,0.800000,0.980000,1.190000,0.100000,0.100000,0.100000,0.100000,0.281577,0.000000
3,3,40,100,0.010000,1.500000,0.800000,0.980000,1.190000,0.100000,0.100000,0.100000,0.100000,0.301109,0.000000
3,3,33,100,0.010000,1.237500,0.800000,0.980000,1.190000,0.100000,0.100000,0.100000,0.100000,0.274959,0.000000
3,3,39,100,0.010000,1.462500,0.800000,0.980000,1.190000,0.100000,0.100000,0.100000,0.100000,0.292801,0.000000
3,4,2,100,0.010000,0.075000,0.800000,0.980000,1.190000,0.100000,0.100000,0.100000,0.100000,0.272911,0.000000
3,4,4,100,0.010000,0.150000,0.800000,0.980000,1.190000,0.100000,0.100000,0.100000,0.100000,0.272992,0.000000
3,4,0,100,0.010000,0.000000,0.800000,0.980000,1.190000,0.100000,0.100000,0.100000,0.100000,0.272753,0.000000
3,4,1,100,0.010000,0.037500,0.800000,0.980000,1.190000,0.100000,0.100000,0.100000,0.100000,0.272841,0.000000
3,4,15,100,0.010000,0.562500,0.800000,0.980000,1.190000,0.100000,0.100000,0.100000,0.100000,0.271637,0.000000
3,4,5,100,0.010000,0.187500,0.800000,0.980000,1.190000,0.100000,0.100000,0.100000,0.100000,0.273001,0.000000
3,4,3,100,0.010000,0.112500,0.800000,0.980000,1.190000,0.100000,0.100000,0.100000,0.100000,0.272962,0.000000
3,4,12,100,0.010000,0.450000,0.800000,0.980000,1.190000,0.100000,0.100000,0.100000,0.100000,0.272363,0.000000
3,4,9,100,0.010000,0.337500,0.800000,0.980000,1.190000,0.100000,0.100000,0.100000,0.100000,0.272800,0.000000
3,4,8,100,0.010000,0.300000,0.800000,0.980000,1.190000,0.100000,0.100000,0.100000,0.100000,0.272888,0.000000
3,4,13,100,0.010000,0.487500,0.800000,0.980000,1.190000,0.100000,0.100000,0.100000,0.100000,0.272155,0.000000
3,4,7,100,0.010000,0.262500,0.800000,0.980000,1.190000,0.100000,0.100000,0.100000,0.100000,0.272951,0.000000
3,4,10,100,0.010000,0.375000,0.800000,0.980000,1.190000,0.100000,0.100000,0.100000,0.100000,0.272684,0.000000
3,4,11,100,0.010000,0.412500,0.800000,0.980000,1.190000,0.100000,0.100000,0.100000,0.100000,0.272539,0.000000
3,4,6,100,0.010000,0.225000,0.800000,0.980000,1.190000,0.100000,0.100000,0.100000,0.100000,0.272988,0.000000
3,4,18,100,0.010000,0.675000,0.800000,0.980000,1.190000,0.100000,0.100000,0.100000,0.100000,0.270593,0.000000
3,4,14,100,0.010000,0.525000,0.800000,0.980000,1.190000,0.100000,0.100000,0.100000,0.100000,0.271914,0.000000
3,4,17,100,0.010000,0.637500,0.800000,0.980000,1.190000,0.100000,0.100000,0.100000,0.100000,0.270977,0.000000
3,4,19,100,0.010000,0.712500,0.800000,0.980000,1.190000,0.100000,0.100000,0.100000,0.100000,0.270175,0.000000
3,4,16,100,0.010000,0.600000,0.800000,0.980000,1.190000,0.100000,0.100000,0.100000,0.100000,0.271326,0.000000
3,4,21,100,0.010000,0.787500,0.800000,0.980000,1.190000,0.100000,0.100000,0.100000,0.100000,0.269263,0.000000
3,4,22,100,0.010000,0.825000,0.800000,0.980000,1.190000,0.100000,0.100000,0.100000,0.100000,0.268799,0.000000
3,4,20,100,0.010000,0.750000,0.800000,0.980000,1.190000,0.100000,0.100000,0.100000,0.100000,0.269728,0.000000
3,4,23,100,0.010000,0.862500,0.800000,0.980000,1.190000,0.100000,0.100000,0.100000,0.100000,0.268364,0.000000
3,4,24,100,0.010000,0.900000,0.800000,0.980000,1.190000,0.100000,0.100000,0.100000,0.100000,0.267989,0.000000
3,4,25,100,0.010000,0.937500,0.800000,0.980000,1.190000,0.100000,0.100000,0.100000,0.100000,0.267736,0.000000
3,4,30,100,0.010000,1.125000,0.800000,0.980000,1.190000,0.100000,0.100000,0.100000,0.100000,0.269571,0.000000
3,4,34,100,0.010000,1.275000,0.800000,0.980000,1.190000,0.100000,0.100000,0.100000,0.100000,0.272748,0.000000
3,4,35,100,0.010000,1.312500,0.800000,0.980000,1.190000,0.100000,0.100000,0.100000,0.100000,0.270872,0.000000
3,4,26,100,0.010000,0.975000,0.800000,0.980000,1.190000,0.100000,0.100000,0.100000,0.100000,0.267972,0.000000
3,4,32,100,0.010000,1.200000,0.800000,0.980000,1.190000,0.100000,0.100000,0.100000,0.100000,0.271495,0.000000
3,4,31,100,0.010000,1.162500,0.800000,0.980000,1.190000,0.100000,0.100000,0.100000,0.100000,0.270293,0.000000
3,4,40,100,0.010000,1.500000,0.800000,0.980000,1.190000,0.100000,0.100000,0.100000,0.100000,0.945266,0.000000
3,4,36,100,0.010000,1.350000,0.800000,0.980000,1.190000,0.100000,0.100000,0.100000,0.100000,0.272818,0.000000
3,4,29,100,0.010000,1.087500,0.800000,0.980000,1.190000,0.100000,0.100000,0.100000,0.100000,0.268668,0.000000
3,4,27,100,0.010000,1.012500,0.800000,0.980000,1.190000,0.100000,0.100000,0.100000,0.100000,0.267821,0.000000
3,4,28,100,0.010000,1.050000,0.800000,0.980000,1.190000,0.100000,0.100000,0.100000,0.100000,0.268023,0.000000
3,4,33,100,0.010000,1.237500,0.800000,0.980000,1.190000,0.100000,0.100000,0.100000,0.100000,0.272694,0.000000
3,4,38,100,0.010000,1.425000,0.800000,0.980000,1.190000,0.100000,0.100000,0.100000,0.100000,0.313690,0.000000
3,5,0,100,0.010000,0.000000,0.800000,0.980000,1.190000,0.100000,0.100000,0.100000,0.100000,0.272672,0.000000
3,4,37,100,0.010000,1.387500,0.800000,0.980000,1.190000,0.100000,0.100000,0.100000,0.100000,0.299812,0.000000
3,5,4,100,0.010000,0.150000,0.800000,0.980000,1.190000,0.100000,0.100000,0.100000,0.100000,0.272797,0.000000
3,4,39,100,0.010000,1.462500,0.800000,0.980000,1.190000,0.100000,0.100000,0.100000,0.100000,0.319599,0.000000
3,5,6,100,0.010000,0.225000,0.800000,0.980000,1.190000,0.100000,0.100000,0.100000,0.100000,0.272663,0.000000
3,5,3,100,0.010000,0.112500,0.800000,0.980000,1.190000,0.100000,0.100000,0.100000,0.100000,0.272809,0.000000
3,5,7,100,0.010000,0.262500,0.800000,0.980000,1.190000,0.100000,0.100000,0.100000,0.100000,0.272537,0.000000
3,5,1,100,0.010000,0.037500,0.800000,0.980000,1.190000,0.100000,0.100000,0.100000,0.100000,0.272743,0.000000
3,5,5,100,0.010000,0.187500,0.800000,0.980000,1.190000,0.100000,0.100000,0.100000,0.100000,0.272749,0.000000
3,5,9,100,0.010000,0.337500,0.800000,0.980000,1.190000,0.100000,0.100000,0.100000,0.100000,0.272161,0.000000
3,5,8,100,0.010000,0.300000,0.800000,0.980000,1.190000,0.100000,0.100000,0.100000,0.100000,0.272369,0.000000
3,5,11,100,0.010000,0.412500,0.800000,0.980000,1.190000,0.100000,0.100000,0.100000,0.100000,0.271637,0.000000
3,5,2,100,0.010000,0.075000,0.800000,0.980000,1.190000,0.100000,0.100000,0.100000,0.100000,0.272790,0.000000
3,5,20,100,0.010000,0.750000,0.800000,0.980000,1.190000,0.100000,0.100000,0.100000,0.100000,0.269221,0.000000
3,5,13,100,0.010000,0.487500,0.800000,0.980000,1.190000,0.100000,0.100000,0.100000,0.100000,0.271011,0.000000
3,5,10,100,0.010000,0.375000,0.800000,0.980000,1.190000,0.100000,0.100000,0.100000,0.100000,0.271915,0.000000
3,5,12,100,0.010000,0.450000,0.800000,0.980000,1.190000,0.100000,0.100000,0.100000,0.100000,0.271332,0.000000
3,5,19,100,0.010000,0.712500,0.800000,0.980000,1.190000,0.100000,0.100000,0.100000,0.100000,0.269380,0.000000
3,5,21,100,0.010000,0.787500,0.800000,0.980000,1.190000,0.100000,0.100000,0.100000,0.100000,0.269091,0.000000
3,5,15,100,0.010000,0.562500,0.800000,0.980000,1.190000,0.100000,0.100000,0.100000,0.100000,0.270367,0.000000
3,5,16,100,0.010000,0.600000,0.800000,0.980000,1.190000,0.100000,0.100000,0.100000,0.100000,0.270070,0.000000
3,5,14,100,0.010000,0.525000,0.800000,0.980000,1.190000,0.100000,0.100000,0.100000,0.100000,0.270685,0.000000
3,5,17,100,0.010000,0.637500,0.800000,0.980000,1.190000,0.100000,0.100000,0.100000,0.100000,0.269803,0.000000
3,5,18,100,0.010000,0.675000,0.800000,0.980000,1.190000,0.100000,0.100000,0.100000,0.100000,0.269573,0.000000
3,5,22,100,0.010000,0.825000,0.800000,0.980000,1.190000,0.100000,0.100000,0.100000,0.100000,0.268985,0.000000
3,5,27,100,0.010000,1.012500,0.800000,0.980000,1.190000,0.100000,0.100000,0.100000,0.100000,0.270237,0.000000
3,5,31,100,0.010000,1.162500,0.800000,0.980000,1.190000,0.100000,0.100000,0.100000,0.100000,0.274234,0.000000
3,5,26,100,0.010000,0.975000,0.800000,0.980000,1.190000,0.100000,0.100000,0.100000,0.100000,0.267765,0.000000
3,5,25,100,0.010000,0.937500,0.800000,0.980000,1.190000,0.100000,0.100000,0.100000,0.100000,0.268382,0.000000
3,5,23,100,0.010000,0.862500,0.800000,0.980000,1.190000,0.100000,0.100000,0.100000,0.100000,0.268885,0.000000
3,5,33,100,0.010000,1.237500,0.800000,0.980000,1.190000,0.100000,0.100000,0.100000,0.100000,0.274930,0.000000
3,5,28,100,0.010000,1.050000,0.800000,0.980000,1.190000,0.100000,0.100000,0.100000,0.100000,0.269844,0.000000
3,5,34,100,0.010000,1.275000,0.800000,0.980000,1.190000,0.100000,0.100000,0.100000,0.100000,0.278832,0.000000
3,5,24,100,0.010000,0.900000,0.800000,0.980000,1.190000,0.100000,0.100000,0.100000,0.100000,0.268729,0.000000
3,5,29,100,0.010000,1.087500,0.800000,0.980000,1.190000,0.100000,0.100000,0.100000,0.100000,0.271756,0.000000
3,5,40,100,0.010000,1.500000,0.800000,0.980000,1.190000,0.100000,0.100000,0.100000,0.100000,0.299458,0.000000
3,5,30,100,0.010000,1.125000,0.800000,0.980000,1.190000,0.100000,0.100000,0.100000,0.100000,0.272982,0.000000
3,5,32,100,0.010000,1.200000,0.800000,0.980000,1.190000,0.100000,0.100000,0.100000,0.100000,0.275107,0.000000
3,5,39,100,0.010000,1.462500,0.800000,0.980000,1.190000,0.100000,0.100000,0.100000,0.100000,0.295589,0.000000
3,5,37,100,0.010000,1.387500,0.800000,0.980000,1.190000,0.100000,0.100000,0.100000,0.100000,0.297050,0.000000
3,6,0,100,0.010000,0.000000,0.800000,0.980000,1.190000,0.100000,0.100000,0.100000,0.100000,0.271967,0.000000
3,5,36,100,0.010000,1.350000,0.800000,0.980000,1.190000,0.100000,0.100000,0.100000,0.100000,0.294517,0.000000
3,5,35,100,0.010000,1.312500,0.800000,0.980000,1.190000,0.100000,0.100000,0.100000,0.100000,0.287197,0.000000
3,6,4,100,0.010000,0.150000,0.800000,0.980000,1.190000,0.100000,0.100000,0.100000,0.100000,0.272080,0.000000
3,5,38,100,0.010000,1.425000,0.800000,0.980000,1.190000,0.100000,0.100000,0.100000,0.100000,0.294871,0.000000
3,6,1,100,0.010000,0.037500,0.800000,0.980000,1.190000,0.100000,0.100000,0.100000,0.100000,0.272004,0.000000
3,6,2,100,0.010000,0.075000,0.800000,0.980000,1.190000,0.100000,0.100000,0.100000,0.100000,0.272034,0.000000
3,6,3,100,0.010000,0.112500,0.800000,0.980000,1.190000,0.100000,0.100000,0.100000,0.100000,0.272059,0.000000
3,6,5,100,0.010000,0.187500,0.800000,0.980000,1.190000,0.100000,0.100000,0.100000,0.100000,0.272096,0.000000
3,6,9,100,0.010000,0.337500,0.800000,0.980000,1.190000,0.100000,0.100000,0.100000,0.100000,0.272137,0.000000
3,6,8,100,0.010000,0.300000,0.800000,0.980000,1.190000,0.100000,0.100000,0.100000,0.100000,0.272129,0.000000
3,6,14,100,0.010000,0.525000,0.800000,0.980000,1.190000,0.100000,0.100000,0.100000,0.100000,0.272189,0.000000
3,6,11,100,0.010000,0.412500,0.800000,0.980000,1.190000,0.100000,0.100000,0.100000,0.100000,0.272152,0.000000
3,6,10,100,0.010000,0.375000,0.800000,0.980000,1.190000,0.100000,0.100000,0.100000,0.100000,0.272144,0.000000
3,6,12,100,0.010000,0.450000,0.800000,0.980000,1.190000,0.100000,0.100000,0.100000,0.100000,0.272161,0.000000
3,6,7,100,0.010000,0.262500,0.800000,0.980000,1.190000,0.100000,0.100000,0.100000,0.100000,0.272121,0.000000
3,6,6,100,0.010000,0.225000,0.800000,0.980000,1.190000,0.100000,0.100000,0.100000,0.100000,0.272110,0.000000
3,6,18,100,0.010000,0.675000,0.800000,0.980000,1.190000,0.100000,0.100000,0.100000,0.100000,0.272247,0.000000
3,6,15,100,0.010000,0.562500,0.800000,0.980000,1.190000,0.100000,0.100000,0.100000,0.100000,0.272210,0.000000
3,6,23,100,0.010000,0.862500,0.800000,0.980000,1.190000,0.100000,0.100000,0.100000,0.100000,0.270912,0.000000
3,6,13,100,0.010000,0.487500,0.800000,0.980000,1.190000,0.100000,0.100000,0.100000,0.100000,0.272173,0.000000
3,6,16,100,0.010000,0.600000,0.800000,0.980000,1.190000,0.100000,0.100000,0.100000,0.100000,0.272233,0.000000
3,6,22,100,0.010000,0.825000,0.800000,0.980000,1.190000,0.100000,0.100000,0.100000,0.100000,0.271352,0.000000
3,6,17,100,0.010000,0.637500,0.800000,0.980000,1.190000,0.100000,0.100000,0.100000,0.100000,0.272251,0.000000
3,6,19,100,0.010000,0.712500,0.800000,0.980000,1.190000,0.100000,0.100000,0.100000,0.100000,0.272188,0.000000
3,6,20,100,0.010000,0.750000,0.800000,0.980000,1.190000,0.100000,0.100000,0.100000,0.100000,0.272034,0.000000
3,6,25,100,0.010000,0.937500,0.800000,0.980000,1.190000,0.100000,0.100000,0.100000,0.100000,0.270253,0.000000
3,6,21,100,0.010000,0.787500,0.800000,0.980000,1.190000,0.100000,0.100000,0.100000,0.100000,0.271750,0.000000
3,6,26,100,0.010000,0.975000,0.800000,0.980000,1.190000,0.100000,0.100000,0.100000,0.100000,0.270075,0.000000
3,6,27,100,0.010000,1.012500,0.800000,0.980000,1.190000,0.100000,0.100000,0.100000,0.100000,0.271401,0.000000
3,6,24,100,0.010000,0.900000,0.800000,0.980000,1.190000,0.100000,0.100000,0.100000,0.100000,0.270517,0.000000
3,6,32,100,0.010000,1.200000,0.800000,0.980000,1.190000,0.100000,0.100000,0.100000,0.100000,0.268135,0.000000
3,6,31,100,0.010000,1.162500,0.800000,0.980000,1.190000,0.100000,0.100000,0.100000,0.100000,0.268503,0.000000
3,6,29,100,0.010000,1.087500,0.800000,0.980000,1.190000,0.100000,0.100000,0.100000,0.100000,0.269908,0.000000
3,6,35,100,0.010000,1.312500,0.800000,0.980000,1.190000,0.100000,0.100000,0.100000,0.100000,0.269757,0.000000
3,6,30,100,0.010000,1.125000,0.800000,0.980000,1.190000,0.100000,0.100000,0.100000,0.100000,0.269027,0.000000
3,7,0,100,0.010000,0.000000,0.800000,0.980000,1.190000,0.100000,0.100000,0.100000,0.100000,0.271933,0.000000
3,6,37,100,0.010000,1.387500,0.800000,0.980000,1.190000,0.100000,0.100000,0.100000,0.100000,0.273202,0.000000
3,6,28,100,0.010000,1.050000,0.800000,0.980000,1.190000,0.100000,0.100000,0.100000,0.100000,0.270906,0.000000
3,7,1,100,0.010000,0.037500,0.800000,0.980000,1.190000,0.100000,0.100000,0.100000,0.100000,0.271817,0.000000
3,6,33,100,0.010000,1.237500,0.800000,0.980000,1.190000,0.100000,0.100000,0.100000,0.100000,0.268223,0.000000
3,6,39,100,0.010000,1.462500,0.800000,0.980000,1.190000,0.100000,0.100000,0.100000,0.100000,0.282427,0.000000
3,6,36,100,0.010000,1.350000,0.800000,0.980000,1.190000,0.100000,0.100000,0.100000,0.100000,0.270950,0.000000
3,6,34,100,0.010000,1.275000,0.800000,0.980000,1.190000,0.100000,0.100000,0.100000,0.100000,0.268822,0.000000
3,6,40,100,0.010000,1.500000,0.800000,0.980000,1.190000,0.100000,0.100000,0.100000,0.100000,0.284647,0.000000
3,7,2,100,0.010000,0.075000,0.800000,0.980000,1.190000,0.100000,0.100000,0.100000,0.100000,0.271672,0.000000
3,6,38,100,0.010000,1.425000,0.800000,0.980000,1.190000,0.100000,0.100000,0.100000,0.100000,0.277686,0.000000
3,7,3,100,0.010000,0.112500,0.800000,0.980000,1.190000,0.100000,0.100000,0.100000,0.100000,0.271501,0.000000
3,7,5,100,0.010000,0.187500,0.800000,0.980000,1.190000,0.100000,0.100000,0.100000,0.100000,0.271097,0.000000
3,7,4,100,0.010000,0.150000,0.800000,0.980000,1.190000,0.100000,0.100000,0.100000,0.100000,0.271307,0.000000
3,7,7,100,0.010000,0.262500,0.800000,0.980000,1.190000,0.100000,0.100000,0.100000,0.100000,0.270646,0.000000
3,7,8,100,0.010000,0.300000,0.800000,0.980000,1.190000,0.100000,0.100000,0.100000,0.100000,0.270417,0.000000
3,7,6,100,0.010000,0.225000,0.800000,0.980000,1.190000,0.100000,0.100000,0.100000,0.100000,0.270874,0.000000
3,7,9,100,0.010000,0.337500,0.800000,0.980000,1.190000,0.100000,0.100000,0.100000,0.100000,0.270194,0.000000
3,7,10,100,0.010000,0.375000,0.800000,0.980000,1.190000,0.100000,0.100000,0.100000,0.100000,0.269984,0.000000
3,7,12,100,0.010000,0.450000,0.800000,0.980000,1.190000,0.100000,0.100000,0.100000,0.100000,0.269631,0.000000
3,7,11,100,0.010000,0.412500,0.800000,0.980000,1.190000,0.100000,0.100000,0.100000,0.100000,0.269794,0.000000
3,7,16,100,0.010000,0.600000,0.800000,0.980000,1.190000,0.100000,0.100000,0.100000,0.100000,0.269345,0.000000
3,7,23,100,0.010000,0.862500,0.800000,0.980000,1.190000,0.100000,0.100000,0.100000,0.100000,0.270313,0.000000
3,7,13,100,0.010000,0.487500,0.800000,0.980000,1.190000,0.100000,0.100000,0.100000,0.100000,0.269500,0.000000
3,7,18,100,0.010000,0.675000,0.800000,0.980000,1.190000,0.100000,0.100000,0.100000,0.100000,0.269455,0.000000
3,7,21,100,0.010000,0.787500,0.800000,0.980000,1.190000,0.100000,0.100000,0.100000,0.100000,0.269965,0.000000
3,7,20,100,0.010000,0.750000,0.800000,0.980000,1.190000,0.100000,0.100000,0.100000,0.100000,0.269749,0.000000
3,7,14,100,0.010000,0.525000,0.800000,0.980000,1.190000,0.100000,0.100000,0.100000,0.100000,0.269407,0.000000
3,7,15,100,0.010000,0.562500,0.800000,0.980000,1.190000,0.100000,0.100000,0.100000,0.100000,0.269355,0.000000
3,7,17,100,0.010000,0.637500,0.800000,0.980000,1.190000,0.100000,0.100000,0.100000,0.100000,0.269379,0.000000
3,7,19,100,0.010000,0.712500,0.800000,0.980000,1.190000,0.100000,0.100000,0.100000,0.100000,0.269578,0.000000
3,7,25,100,0.010000,0.937500,0.800000,0.980000,1.190000,0.100000,0.100000,0.100000,0.100000,0.270220,0.000000
3,7,22,100,0.010000,0.825000,0.800000,0.980000,1.190000,0.100000,0.100000,0.100000,0.100000,0.270184,0.000000
3,7,24,100,0.010000,0.900000,0.800000,0.980000,1.190000,0.100000,0.100000,0.100000,0.100000,0.270275,0.000000
3,7,29,100,0.010000,1.087500,0.800000,0.980000,1.190000,0.100000,0.100000,0.100000,0.100000,0.268577,0.000000
3,7,28,100,0.010000,1.050000,0.800000,0.980000,1.190000,0.100000,0.100000,0.100000,0.100000,0.269544,0.000000
3,7,27,100,0.010000,1.012500,0.800000,0.980000,1.190000,0.100000,0.100000,0.100000,0.100000,0.282049,0.000000
3,7,26,100,0.010000,0.975000,0.800000,0.980000,1.190000,0.100000,0.100000,0.100000,0.100000,0.270898,0.000000
3,7,32,100,0.010000,1.200000,0.800000,0.980000,1.190000,0.100000,0.100000,0.100000,0.100000,0.268393,0.000000
3,7,33,100,0.010000,1.237500,0.800000,0.980000,1.190000,0.100000,0.100000,0.100000,0.100000,0.270189,0.000000
3,7,35,100,0.010000,1.312500,0.800000,0.980000,1.190000,0.100000,0.100000,0.100000,0.100000,0.272665,0.000000
3,7,40,100,0.010000,1.500000,0.800000,0.980000,1.190000,0.100000,0.100000,0.100000,0.100000,0.293956,0.000000
3,7,31,100,0.010000,1.162500,0.800000,0.980000,1.190000,0.100000,0.100000,0.100000,0.100000,0.268291,0.000000
3,7,30,100,0.010000,1.125000,0.800000,0.980000,1.190000,0.100000,0.100000,0.100000,0.100000,0.268365,0.000000
3,7,39,100,0.010000,1.462500,0.800000,0.980000,1.190000,0.100000,0.100000,0.100000,0.100000,0.284051,0.000000
3,7,37,100,0.010000,1.387500,0.800000,0.980000,1.190000,0.100000,0.100000,0.100000,0.100000,0.276565,0.000000
3,7,38,100,0.010000,1.425000,0.800000,0.980000,1.190000,0.100000,0.100000,0.100000,0.100000,0.280196,0.000000
3,7,34,100,0.010000,1.275000,0.800000,0.980000,1.190000,0.100000,0.100000,0.100000,0.100000,0.270121,0.000000
3,8,0,100,0.010000,0.000000,0.800000,0.980000,1.190000,0.100000,0.100000,0.100000,0.100000,0.273004,0.000000
3,7,36,100,0.010000,1.350000,0.800000,0.980000,1.190000,0.100000,0.100000,0.100000,0.100000,0.271706,0.000000
3,8,4,100,0.010000,0.150000,0.800000,0.980000,1.190000,0.100000,0.100000,0.100000,0.100000,0.272855,0.000000
3,8,3,100,0.010000,0.112500,0.800000,0.980000,1.190000,0.100000,0.100000,0.100000,0.100000,0.272934,0.000000
3,8,2,100,0.010000,0.075000,0.800000,0.980000,1.190000,0.100000,0.100000,0.100000,0.100000,0.272984,0.000000
3,8,1,100,0.010000,0.037500,0.800000,0.980000,1.190000,0.100000,0.100000,0.100000,0.100000,0.273007,0.000000
3,8,10,100,0.010000,0.375000,0.800000,0.980000,1.190000,0.100000,0.100000,0.100000,0.100000,0.271795,0.000000
3,8,5,100,0.010000,0.187500,0.800000,0.980000,1.190000,0.100000,0.100000,0.100000,0.100000,0.272747,0.000000
3,8,7,100,0.010000,0.262500,0.800000,0.980000,1.190000,0.100000,0.100000,0.100000,0.100000,0.272444,0.000000
3,8,8,100,0.010000,0.300000,0.800000,0.980000,1.190000,0.100000,0.100000,0.100000,0.100000,0.272251,0.000000
3,8,6,100,0.010000,0.225000,0.800000,0.980000,1.190000,0.100000,0.100000,0.100000,0.100000,0.272610,0.000000
3,8,9,100,0.010000,0.337500,0.800000,0.980000,1.190000,0.100000,0.100000,0.100000,0.100000,0.272034,0.000000
3,8,12,100,0.010000,0.450000,0.800000,0.980000,1.190000,0.100000,0.100000,0.100000,0.100000,0.271269,0.000000
3,8,11,100,0.010000,0.412500,0.800000,0.980000,1.190000,0.100000,0.100000,0.100000,0.100000,0.271538,0.000000
3,8,13,100,0.010000,0.487500,0.800000,0.980000,1.190000,0.100000,0.100000,0.100000,0.100000,0.270993,0.000000
3,8,15,100,0.010000,0.562500,0.800000,0.980000,1.190000,0.100000,0.100000,0.100000,0.100000,0.270446,0.000000
3,8,20,100,0.010000,0.750000,0.800000,0.980000,1.190000,0.100000,0.100000,0.100000,0.100000,0.269466,0.000000
3,8,25,100,0.010000,0.937500,0.800000,0.980000,1.190000,0.100000,0.100000,0.100000,0.100000,0.269514,0.000000
3,8,16,100,0.010000,0.600000,0.800000,0.980000,1.190000,0.100000,0.100000,0.100000,0.100000,0.270188,0.000000
3,8,14,100,0.010000,0.525000,0.800000,0.980000,1.190000,0.100000,0.100000,0.100000,0.100000,0.270716,0.000000
3,8,31,100,0.010000,1.162500,0.800000,0.980000,1.190000,0.100000,0.100000,0.100000,0.100000,0.269188,0.000000
3,8,21,100,0.010000,0.787500,0.800000,0.980000,1.190000,0.100000,0.100000,0.100000,0.100000,0.269400,0.000000
3,8,17,100,0.010000,0.637500,0.800000,0.980000,1.190000,0.100000,0.100000,0.100000,0.100000,0.269953,0.000000
3,8,33,100,0.010000,1.237500,0.800000,0.980000,1.190000,0.100000,0.100000,0.100000,0.100000,0.270060,0.000000
3,8,19,100,0.010000,0.712500,0.800000,0.980000,1.190000,0.100000,0.100000,0.100000,0.100000,0.269583,0.000000
3,8,18,100,0.010000,0.675000,0.800000,0.980000,1.190000,0.100000,0.100000,0.100000,0.100000,0.269748,0.000000
3,8,22,100,0.010000,0.825000,0.800000,0.980000,1.190000,0.100000,0.100000,0.100000,0.100000,0.269385,0.000000
3,8,26,100,0.010000,0.975000,0.800000,0.980000,1.190000,0.100000,0.100000,0.100000,0.100000,0.269537,0.000000
3,8,23,100,0.010000,0.862500,0.800000,0.980000,1.190000,0.100000,0.100000,0.100000,0.100000,0.269413,0.000000
3,8,24,100,0.010000,0.900000,0.800000,0.980000,1.190000,0.100000,0.100000,0.100000,0.100000,0.269464,0.000000
3,8,32,100,0.010000,1.200000,0.800000,0.980000,1.190000,0.100000,0.100000,0.100000,0.100000,0.269989,0.000000
3,8,30,100,0.010000,1.125000,0.800000,0.980000,1.190000,0.100000,0.100000,0.100000,0.100000,0.269197,0.000000
3,8,27,100,0.010000,1.012500,0.800000,0.980000,1.190000,0.100000,0.100000,0.100000,0.100000,0.269512,0.000000
3,8,29,100,0.010000,1.087500,0.800000,0.980000,1.190000,0.100000,0.100000,0.100000,0.100000,0.269322,0.000000
3,8,28,100,0.010000,1.050000,0.800000,0.980000,1.190000,0.100000,0.100000,0.100000,0.100000,0.269437,0.000000
3,8,38,100,0.010000,1.425000,0.800000,0.980000,1.190000,0.100000,0.100000,0.100000,0.100000,0.270524,0.000000
3,8,34,100,0.010000,1.275000,0.800000,0.980000,1.190000,0.100000,0.100000,0.100000,0.100000,0.270044,0.000000
3,8,35,100,0.010000,1.312500,0.800000,0.980000,1.190000,0.100000,0.100000,0.100000,0.100000,0.270147,0.000000
3,9,6,100,0.010000,0.225000,0.800000,0.980000,1.190000,0.100000,0.100000,0.100000,0.100000,0.271604,0.000000
3,8,36,100,0.010000,1.350000,0.800000,0.980000,1.190000,0.100000,0.100000,0.100000,0.100000,0.273793,0.000000
3,9,2,100,0.010000,0.075000,0.800000,0.980000,1.190000,0.100000,0.100000,0.100000,0.100000,0.271538,0.000000
3,8,37,100,0.010000,1.387500,0.800000,0.980000,1.190000,0.100000,0.100000,0.100000,0.100000,0.267427,0.000000
3,8,40,100,0.010000,1.500000,0.800000,0.980000,1.190000,0.100000,0.100000,0.100000,0.100000,0.294915,0.000000
3,8,39,100,0.010000,1.462500,0.800000,0.980000,1.190000,0.100000,0.100000,0.100000,0.100000,0.286382,0.000000
3,9,5,100,0.010000,0.187500,0.800000,0.980000,1.190000,0.100000,0.100000,0.100000,0.100000,0.271622,0.000000
3,9,1,100,0.010000,0.037500,0.800000,0.980000,1.190000,0.100000,0.100000,0.100000,0.100000,0.271469,0.000000
3,9,12,100,0.010000,0.450000,0.800000,0.980000,1.190000,0.100000,0.100000,0.100000,0.100000,0.270980,0.000000
3,9,3,100,0.010000,0.112500,0.800000,0.980000,1.190000,0.100000,0.100000,0.100000,0.100000,0.271588,0.000000
3,9,0,100,0.010000,0.000000,0.800000,0.980000,1.190000,0.100000,0.100000,0.100000,0.100000,0.271382,0.000000
3,9,7,100,0.010000,0.262500,0.800000,0.980000,1.190000,0.100000,0.100000,0.100000,0.100000,0.271559,0.000000
3,9,10,100,0.010000,0.375000,0.800000,0.980000,1.190000,0.100000,0.100000,0.100000,0.100000,0.271276,0.000000
3,9,8,100,0.010000,0.300000,0.800000,0.980000,1.190000,0.100000,0.100000,0.100000,0.100000,0.271489,0.000000
3,9,13,100,0.010000,0.487500,0.800000,0.980000,1.190000,0.100000,0.100000,0.100000,0.100000,0.270810,0.000000
3,9,11,100,0.010000,0.412500,0.800000,0.980000,1.190000,0.100000,0.100000,0.100000,0.100000,0.271136,0.000000
3,9,4,100,0.010000,0.150000,0.800000,0.980000,1.190000,0.100000,0.100000,0.100000,0.100000,0.271617,0.000000
3,9,9,100,0.010000,0.337500,0.800000,0.980000,1.190000,0.100000,0.100000,0.100000,0.100000,0.271394,0.000000
3,9,14,100,0.010000,0.525000,0.800000,0.980000,1.190000,0.100000,0.100000,0.100000,0.100000,0.270633,0.000000
3,9,16,100,0.010000,0.600000,0.800000,0.980000,1.190000,0.100000,0.100000,0.100000,0.100000,0.270274,0.000000
3,9,15,100,0.010000,0.562500,0.800000,0.980000,1.190000,0.100000,0.100000,0.100000,0.100000,0.270453,0.000000
3,9,18,100,0.010000,0.675000,0.800000,0.980000,1.190000,0.100000,0.100000,0.100000,0.100000,0.269936,0.000000
3,9,20,100,0.010000,0.750000,0.800000,0.980000,1.190000,0.100000,0.100000,0.100000,0.100000,0.269653,0.000000
3,9,19,100,0.010000,0.712500,0.800000,0.980000,1.190000,0.100000,0.100000,0.100000,0.100000,0.269784,0.000000
3,9,27,100,0.010000,1.012500,0.800000,0.980000,1.190000,0.100000,0.100000,0.100000,0.100000,0.269826,0.000000
3,9,17,100,0.010000,0.637500,0.800000,0.980000,1.190000,0.100000,0.100000,0.100000,0.100000,0.270101,0.000000
3,9,25,100,0.010000,0.937500,0.800000,0.980000,1.190000,0.100000,0.100000,0.100000,0.100000,0.269750,0.000000
3,9,21,100,0.010000,0.787500,0.800000,0.980000,1.190000,0.100000,0.100000,0.100000,0.100000,0.269552,0.000000
3,9,28,100,0.010000,1.050000,0.800000,0.980000,1.190000,0.100000,0.100000,0.100000,0.100000,0.269811,0.000000
3,9,26,100,0.010000,0.975000,0.800000,0.980000,1.190000,0.100000,0.100000,0.100000,0.100000,0.269756,0.000000
3,9,22,100,0.010000,0.825000,0.800000,0.980000,1.190000,0.100000,0.100000,0.100000,0.100000,0.269497,0.000000
3,9,29,100,0.010000,1.087500,0.800000,0.980000,1.190000,0.100000,0.100000,0.100000,0.100000,0.269250,0.000000
3,9,24,100,0.010000,0.900000,0.800000,0.980000,1.190000,0.100000,0.100000,0.100000,0.100000,0.269580,0.000000
3,9,23,100,0.010000,0.862500,0.800000,0.980000,1.190000,0.100000,0.100000,0.100000,0.100000,0.269501,0.000000
3,9,36,100,0.010000,1.350000,0.800000,0.980000,1.190000,0.100000,0.100000,0.100000,0.100000,0.268913,0.000000
3,9,40,100,0.010000,1.500000,0.800000,0.980000,1.190000,0.100000,0.100000,0.100000,0.100000,0.274225,0.000000
3,9,31,100,0.010000,1.162500,0.800000,0.980000,1.190000,0.100000,0.100000,0.100000,0.100000,0.268711,0.000000
3,9,30,100,0.010000,1.125000,0.800000,0.980000,1.190000,0.100000,0.100000,0.100000,0.100000,0.268939,0.000000
3,9,32,100,0.010000,1.200000,0.800000,0.980000,1.190000,0.100000,0.100000,0.100000,0.100000,0.268495,0.000000
3,9,34,100,0.010000,1.275000,0.800000,0.980000,1.190000,0.100000,0.100000,0.100000,0.100000,0.268381,0.000000
3,10,3,100,0.010000,0.112500,0.800000,0.980000,1.190000,0.100000,0.100000,0.100000,0.100000,0.271931,0.000000
3,9,35,100,0.010000,1.312500,0.800000,0.980000,1.190000,0.100000,0.100000,0.100000,0.100000,0.268547,0.000000
3,9,33,100,0.010000,1.237500,0.800000,0.980000,1.190000,0.100000,0.100000,0.100000,0.100000,0.268366,0.000000
3,9,39,100,0.010000,1.462500,0.800000,0.980000,1.190000,0.100000,0.100000,0.100000,0.100000,0.277197,0.000000
3,9,37,100,0.010000,1.387500,0.800000,0.980000,1.190000,0.100000,0.100000,0.100000,0.100000,0.269429,0.000000
3,9,38,100,0.010000,1.425000,0.800000,0.980000,1.190000,0.100000,0.100000,0.100000,0.100000,0.270867,0.000000
3,10,2,100,0.010000,0.075000,0.800000,0.980000,1.190000,0.100000,0.100000,0.100000,0.100000,0.272027,0.000000
3,10,1,100,0.010000,0.037500,0.800000,0.980000,1.190000,0.100000,0.100000,0.100000,0.100000,0.272105,0.000000
3,10,8,100,0.010000,0.300000,0.800000,0.980000,1.190000,0.100000,0.100000,0.100000,0.100000,0.271195,0.000000
3,10,0,100,0.010000,0.000000,0.800000,0.980000,1.190000,0.100000,0.100000,0.100000,0.100000,0.272167,0.000000
3,10,9,100,0.010000,0.337500,0.800000,0.980000,1.190000,0.100000,0.100000,0.100000,0.100000,0.271004,0.000000
3,10,7,100,0.010000,0.262500,0.800000,0.980000,1.190000,0.100000,0.100000,0.100000,0.100000,0.271374,0.000000
3,10,6,100,0.010000,0.225000,0.800000,0.980000,1.190000,0.100000,0.100000,0.100000,0.100000,0.271539,0.000000
3,10,5,100,0.010000,0.187500,0.800000,0.980000,1.190000,0.100000,0.100000,0.100000,0.100000,0.271687,0.000000
3,10,11,100,0.010000,0.412500,0.800000,0.980000,1.190000,0.100000,0.100000,0.100000,0.100000,0.270600,0.000000
3,10,4,100,0.010000,0.150000,0.800000,0.980000,1.190000,0.100000,0.100000,0.100000,0.100000,0.271818,0.000000
3,10,12,100,0.010000,0.450000,0.800000,0.980000,1.190000,0.100000,0.100000,0.100000,0.100000,0.270396,0.000000
3,10,13,100,0.010000,0.487500,0.800000,0.980000,1.190000,0.100000,0.100000,0.100000,0.100000,0.270197,0.000000
3,10,10,100,0.010000,0.375000,0.800000,0.980000,1.190000,0.100000,0.100000,0.100000,0.100000,0.270804,0.000000
3,10,18,100,0.010000,0.675000,0.800000,0.980000,1.190000,0.100000,0.100000,0.100000,0.100000,0.269406,0.000000
3,10,24,100,0.010000,0.900000,0.800000,0.980000,1.190000,0.100000,0.100000,0.100000,0.100000,0.268204,0.000000
3,10,14,100,0.010000,0.525000,0.800000,0.980000,1.190000,0.100000,0.100000,0.100000,0.100000,0.270008,0.000000
3,10,15,100,0.010000,0.562500,0.800000,0.980000,1.190000,0.100000,0.100000,0.100000,0.100000,0.269834,0.000000
3,10,19,100,0.010000,0.712500,0.800000,0.980000,1.190000,0.100000,0.100000,0.100000,0.100000,0.269272,0.000000
3,10,16,100,0.010000,0.600000,0.800000,0.980000,1.190000,0.100000,0.100000,0.100000,0.100000,0.269678,0.000000
3,10,20,100,0.010000,0.750000,0.800000,0.980000,1.190000,0.100000,0.100000,0.100000,0.100000,0.269118,0.000000
3,10,21,100,0.010000,0.787500,0.800000,0.980000,1.190000,0.100000,0.100000,0.100000,0.100000,0.268927,0.000000
3,10,25,100,0.010000,0.937500,0.800000,0.980000,1.190000,0.100000,0.100000,0.100000,0.100000,0.268049,0.000000
3,10,17,100,0.010000,0.637500,0.800000,0.980000,1.190000,0.100000,0.100000,0.100000,0.100000,0.269537,0.000000
3,10,26,100,0.010000,0.975000,0.800000,0.980000,1.190000,0.100000,0.100000,0.100000,0.100000,0.268024,0.000000
3,10,22,100,0.010000,0.825000,0.800000,0.980000,1.190000,0.100000,0.100000,0.100000,0.100000,0.268692,0.000000
3,10,32,100,0.010000,1.200000,0.800000,0.980000,1.190000,0.100000,0.100000,0.100000,0.100000,0.272178,0.000000
3,10,28,100,0.010000,1.050000,0.800000,0.980000,1.190000,0.100000,0.100000,0.100000,0.100000,0.268154,0.000000
3,10,29,100,0.010000,1.087500,0.800000,0.980000,1.190000,0.100000,0.100000,0.100000,0.100000,0.268197,0.000000
3,10,23,100,0.010000,0.862500,0.800000,0.980000,1.190000,0.100000,0.100000,0.100000,0.100000,0.268437,0.000000
3,10,27,100,0.010000,1.012500,0.800000,0.980000,1.190000,0.100000,0.100000,0.100000,0.100000,0.268136,0.000000
3,10,30,100,0.010000,1.125000,0.800000,0.980000,1.190000,0.100000,0.100000,0.100000,0.100000,0.269698,0.000000
3,10,31,100,0.010000,1.162500,0.800000,0.980000,1.190000,0.100000,0.100000,0.100000,0.100000,0.268495,0.000000
3,10,35,100,0.010000,1.312500,0.800000,0.980000,1.190000,0.100000,0.100000,0.100000,0.100000,0.316367,0.000000
3,10,33,100,0.010000,1.237500,0.800000,0.980000,1.190000,0.100000,0.100000,0.100000,0.100000,0.276598,0.000000
3,10,37,100,0.010000,1.387500,0.800000,0.980000,1.190000,0.100000,0.100000,0.100000,0.100000,0.384450,0.000000
3,10,36,100,0.010000,1.350000,0.800000,0.980000,1.190000,0.100000,0.100000,0.100000,0.100000,0.354317,0.000000
3,11,8,100,0.010000,0.300000,0.800000,0.980000,1.190000,0.100000,0.100000,0.100000,0.100000,0.273584,0.000000
3,10,39,100,0.010000,1.462500,0.800000,0.980000,1.190000,0.100000,0.100000,0.100000,0.100000,0.337499,0.000000
3,10,34,100,0.010000,1.275000,0.800000,0.980000,1.190000,0.100000,0.100000,0.100000,0.100000,0.285603,0.000000
3,11,2,100,0.010000,0.075000,0.800000,0.980000,1.190000,0.100000,0.100000,0.100000,0.100000,0.275364,0.000000
3,11,4,100,0.010000,0.150000,0.800000,0.980000,1.190000,0.100000,0.100000,0.100000,0.100000,0.274964,0.000000
3,11,7,100,0.010000,0.262500,0.800000,0.980000,1.190000,0.100000,0.100000,0.100000,0.100000,0.273997,0.000000
3,10,38,100,0.010000,1.425000,0.800000,0.980000,1.190000,0.100000,0.100000,0.100000,0.100000,0.311879,0.000000
3,11,0,100,0.010000,0.000000,0.800000,0.980000,1.190000,0.100000,0.100000,0.100000,0.100000,0.275556,0.000000
3,11,9,100,0.010000,0.337500,0.800000,0.980000,1.190000,0.100000,0.100000,0.100000,0.100000,0.273129,0.000000
3,11,5,100,0.010000,0.187500,0.800000,0.980000,1.190000,0.100000,0.100000,0.100000,0.100000,0.274689,0.000000
3,11,1,100,0.010000,0.037500,0.800000,0.980000,1.190000,0.100000,0.100000,0.100000,0.100000,0.275486,0.000000
3,11,6,100,0.010000,0.225000,0.800000,0.980000,1.190000,0.100000,0.100000,0.100000,0.100000,0.274366,0.000000
3,10,40,100,0.010000,1.500000,0.800000,0.980000,1.190000,0.100000,0.100000,0.100000,0.100000,0.361685,0.000000
3,11,3,100,0.010000,0.112500,0.800000,0.980000,1.190000,0.100000,0.100000,0.100000,0.100000,0.275189,0.000000
3,11,12,100,0.010000,0.450000,0.800000,0.980000,1.190000,0.100000,0.100000,0.100000,0.100000,0.271536,0.000000
3,11,10,100,0.010000,0.375000,0.800000,0.980000,1.190000,0.100000,0.100000,0.100000,0.100000,0.272633,0.000000
3,11,14,100,0.010000,0.525000,0.800000,0.980000,1.190000,0.100000,0.100000,0.100000,0.100000,0.270359,0.000000
3,11,11,100,0.010000,0.412500,0.800000,0.980000,1.190000,0.100000,0.100000,0.100000,0.100000,0.272100,0.000000
3,11,20,100,0.010000,0.750000,0.800000,0.980000,1.190000,0.100000,0.100000,0.100000,0.100000,0.268568,0.000000
3,11,13,100,0.010000,0.487500,0.800000,0.980000,1.190000,0.100000,0.100000,0.100000,0.100000,0.270950,0.000000
3,11,15,100,0.010000,0.562500,0.800000,0.980000,1.190000,0.100000,0.100000,0.100000,0.100000,0.269790,0.000000
3,11,17,100,0.010000,0.637500,0.800000,0.980000,1.190000,0.100000,0.100000,0.100000,0.100000,0.268880,0.000000
3,11,16,100,0.010000,0.600000,0.800000,0.980000,1.190000,0.100000,0.100000,0.100000,0.100000,0.269282,0.000000
3,11,21,100,0.010000,0.787500,0.800000,0.980000,1.190000,0.100000,0.100000,0.100000,0.100000,0.268701,0.000000
3,11,19,100,0.010000,0.712500,0.800000,0.980000,1.190000,0.100000,0.100000,0.100000,0.100000,0.268527,0.000000
3,11,23,100,0.010000,0.862500,0.800000,0.980000,1.190000,0.100000,0.100000,0.100000,0.100000,0.269268,0.000000
3,11,18,100,0.010000,0.675000,0.800000,0.980000,1.190000,0.100000,0.100000,0.100000,0.100000,0.268623,0.000000
3,11,25,100,0.010000,0.937500,0.800000,0.980000,1.190000,0.100000,0.100000,0.100000,0.100000,0.269585,0.000000
3,11,29,100,0.010000,1.087500,0.800000,0.980000,1.190000,0.100000,0.100000,0.100000,0.100000,0.285573,0.000000
3,11,28,100,0.010000,1.050000,0.800000,0.980000,1.190000,0.100000,0.100000,0.100000,0.100000,0.273225,0.000000
3,11,31,100,0.010000,1.162500,0.800000,0.980000,1.190000,0.100000,0.100000,0.100000,0.100000,0.303120,0.000000
3,11,22,100,0.010000,0.825000,0.800000,0.980000,1.190000,0.100000,0.100000,0.100000,0.100000,0.268919,0.000000
3,11,36,100,0.010000,1.350000,0.800000,0.980000,1.190000,0.100000,0.100000,0.100000,0.100000,0.415620,0.000000
3,11,33,100,0.010000,1.237500,0.800000,0.980000,1.190000,0.100000,0.100000,0.100000,0.100000,0.379310,0.000000
3,11,27,100,0.010000,1.012500,0.800000,0.980000,1.190000,0.100000,0.100000,0.100000,0.100000,0.270981,0.000000
3,11,35,100,0.010000,1.312500,0.800000,0.980000,1.190000,0.100000,0.100000,0.100000,0.100000,0.430960,0.000000
3,11,24,100,0.010000,0.900000,0.800000,0.980000,1.190000,0.100000,0.100000,0.100000,0.100000,0.269634,0.000000
3,11,26,100,0.010000,0.975000,0.800000,0.980000,1.190000,0.100000,0.100000,0.100000,0.100000,0.269666,0.000000
3,11,30,100,0.010000,1.125000,0.800000,0.980000,1.190000,0.100000,0.100000,0.100000,0.100000,0.291408,0.000000
3,11,32,100,0.010000,1.200000,0.800000,0.980000,1.190000,0.100000,0.100000,0.100000,0.100000,0.322312,0.000000
3,11,34,100,0.010000,1.275000,0.800000,0.980000,1.190000,0.100000,0.100000,0.100000,0.100000,0.388763,0.000000
3,11,37,100,0.010000,1.387500,0.800000,0.980000,1.190000,0.100000,0.100000,0.100000,0.100000,0.440779,0.000000
3,12,0,100,0.010000,0.000000,0.800000,0.980000,1.190000,0.100000,0.100000,0.100000,0.100000,0.271967,0.000000
3,11,38,100,0.010000,1.425000,0.800000,0.980000,1.190000,0.100000,0.100000,0.100000,0.100000,0.422100,0.000000
3,11,39,100,0.010000,1.462500,0.800000,0.980000,1.190000,0.100000,0.100000,0.100000,0.100000,0.422904,0.000000
3,12,1,100,0.010000,0.037500,0.800000,0.980000,1.190000,0.100000,0.100000,0.100000,0.100000,0.271866,0.000000
3,12,3,100,0.010000,0.112500,0.800000,0.980000,1.190000,0.100000,0.100000,0.100000,0.100000,0.271622,0.000000
3,11,40,100,0.010000,1.500000,0.800000,0.980000,1.190000,0.100000,0.100000,0.100000,0.100000,0.429019,0.000000
3,12,7,100,0.010000,0.262500,0.800000,0.980000,1.190000,0.100000,0.100000,0.100000,0.100000,0.271089,0.000000
3,12,4,100,0.010000,0.150000,0.800000,0.980000,1.190000,0.100000,0.100000,0.100000,0.100000,0.271488,0.000000
3,12,5,100,0.010000,0.187500,0.800000,0.980000,1.190000,0.100000,0.100000,0.100000,0.100000,0.271352,0.000000
3,12,6,100,0.010000,0.225000,0.800000,0.980000,1.190000,0.100000,0.100000,0.100000,0.100000,0.271218,0.000000
3,12,2,100,0.010000,0.075000,0.800000,0.980000,1.190000,0.100000,0.100000,0.100000,0.100000,0.271750,0.000000
3,12,10,100,0.010000,0.375000,0.800000,0.980000,1.190000,0.100000,0.100000,0.100000,0.100000,0.270777,0.000000
3,12,14,100,0.010000,0.525000,0.800000,0.980000,1.190000,0.100000,0.100000,0.100000,0.100000,0.270635,0.000000
3,12,11,100,0.010000,0.412500,0.800000,0.980000,1.190000,0.100000,0.100000,0.100000,0.100000,0.270707,0.000000
3,12,15,100,0.010000,0.562500,0.800000,0.980000,1.190000,0.100000,0.100000,0.100000,0.100000,0.270659,0.000000
3,12,13,100,0.010000,0.487500,0.800000,0.980000,1.190000,0.100000,0.100000,0.100000,0.100000,0.270636,0.000000
3,12,8,100,0.010000,0.300000,0.800000,0.980000,1.190000,0.100000,0.100000,0.100000,0.100000,0.270971,0.000000
3,12,21,100,0.010000,0.787500,0.800000,0.980000,1.190000,0.100000,0.100000,0.100000,0.100000,0.271443,0.000000
3,12,12,100,0.010000,0.450000,0.800000,0.980000,1.190000,0.100000,0.100000,0.100000,0.100000,0.270660,0.000000
3,12,19,100,0.010000,0.712500,0.800000,0.980000,1.190000,0.100000,0.100000,0.100000,0.100000,0.271028,0.000000
3,12,9,100,0.010000,0.337500,0.800000,0.980000,1.190000,0.100000,0.100000,0.100000,0.100000,0.270865,0.000000
3,12,16,100,0.010000,0.600000,0.800000,0.980000,1.190000,0.100000,0.100000,0.100000,0.100000,0.270707,0.000000
3,12,20,100,0.010000,0.750000,0.800000,0.980000,1.190000,0.100000,0.100000,0.100000,0.100000,0.271216,0.000000
3,12,22,100,0.010000,0.825000,0.800000,0.980000,1.190000,0.100000,0.100000,0.100000,0.100000,0.271676,0.000000
3,12,17,100,0.010000,0.637500,0.800000,0.980000,1.190000,0.100000,0.100000,0.100000,0.100000,0.270781,0.000000
3,12,26,100,0.010000,0.975000,0.800000,0.980000,1.190000,0.100000,0.100000,0.100000,0.100000,0.272141,0.000000
3,12,27,100,0.010000,1.012500,0.800000,0.980000,1.190000,0.100000,0.100000,0.100000,0.100000,0.272313,0.000000
3,12,23,100,0.010000,0.862500,0.800000,0.980000,1.190000,0.100000,0.100000,0.100000,0.100000,0.271852,0.000000
3,12,18,100,0.010000,0.675000,0.800000,0.980000,1.190000,0.100000,0.100000,0.100000,0.100000,0.270885,0.000000
3,12,35,100,0.010000,1.312500,0.800000,0.980000,1.190000,0.100000,0.100000,0.100000,0.100000,0.298524,0.000000
3,12,30,100,0.010000,1.125000,0.800000,0.980000,1.190000,0.100000,0.100000,0.100000,0.100000,0.283483,0.000000
3,12,25,100,0.010000,0.937500,0.800000,0.980000,1.190000,0.100000,0.100000,0.100000,0.100000,0.271985,0.000000
3,12,29,100,0.010000,1.087500,0.800000,0.980000,1.190000,0.100000,0.100000,0.100000,0.100000,0.339431,0.000000
3,12,28,100,0.010000,1.050000,0.800000,0.980000,1.190000,0.100000,0.100000,0.100000,0.100000,0.275486,0.000000
3,12,32,100,0.010000,1.200000,0.800000,0.980000,1.190000,0.100000,0.100000,0.100000,0.100000,0.273250,0.000000
3,12,24,100,0.010000,0.900000,0.800000,0.980000,1.190000,0.100000,0.100000,0.100000,0.100000,0.271926,0.000000
3,12,31,100,0.010000,1.162500,0.800000,0.980000,1.190000,0.100000,0.100000,0.100000,0.100000,0.274050,0.000000
3,12,37,100,0.010000,1.387500,0.800000,0.980000,1.190000,0.100000,0.100000,0.100000,0.100000,0.319471,0.000000
3,12,33,100,0.010000,1.237500,0.800000,0.980000,1.190000,0.100000,0.100000,0.100000,0.100000,0.329389,0.000000
3,12,36,100,0.010000,1.350000,0.800000,0.980000,1.190000,0.100000,0.100000,0.100000,0.100000,0.308402,0.000000
3,12,40,100,0.010000,1.500000,0.800000,0.980000,1.190000,0.100000,0.100000,0.100000,0.100000,0.358574,0.000000
3,13,1,100,0.010000,0.037500,0.800000,0.980000,1.190000,0.100000,0.100000,0.100000,0.100000,0.275606,0.000000
3,12,34,100,0.010000,1.275000,0.800000,0.980000,1.190000,0.100000,0.100000,0.100000,0.100000,0.280590,0.000000
3,13,3,100,0.010000,0.112500,0.800000,0.980000,1.190000,0.100000,0.100000,0.100000,0.100000,0.275369,0.000000
3,12,39,100,0.010000,1.462500,0.800000,0.980000,1.190000,0.100000,0.100000,0.100000,0.100000,0.359581,0.000000
3,12,38,100,0.010000,1.425000,0.800000,0.980000,1.190000,0.100000,0.100000,0.100000,0.100000,0.337391,0.000000
3,13,5,100,0.010000,0.187500,0.800000,0.980000,1.190000,0.100000,0.100000,0.100000,0.100000,0.275109,0.000000
3,13,0,100,0.010000,0.000000,0.800000,0.980000,1.190000,0.100000,0.100000,0.100000,0.100000,0.275711,0.000000
3,13,6,100,0.010000,0.225000,0.800000,0.980000,1.190000,0.100000,0.100000,0.100000,0.100000,0.274976,0.000000
3,13,2,100,0.010000,0.075000,0.800000,0.980000,1.190000,0.100000,0.100000,0.100000,0.100000,0.275491,0.000000
3,13,7,100,0.010000,0.262500,0.800000,0.980000,1.190000,0.100000,0.100000,0.100000,0.100000,0.274843,0.000000
3,13,4,100,0.010000,0.150000,0.800000,0.980000,1.190000,0.100000,0.100000,0.100000,0.100000,0.275240,0.000000
3,13,8,100,0.010000,0.300000,0.800000,0.980000,1.190000,0.100000,0.100000,0.100000,0.100000,0.274713,0.000000
3,13,11,100,0.010000,0.412500,0.800000,0.980000,1.190000,0.100000,0.100000,0.100000,0.100000,0.274347,0.000000
3,13,9,100,0.010000,0.337500,0.800000,0.980000,1.190000,0.100000,0.100000,0.100000,0.100000,0.274586,0.000000
3,13,13,100,0.010000,0.487500,0.800000,0.980000,1.190000,0.100000,0.100000,0.100000,0.100000,0.274131,0.000000
3,13,15,100,0.010000,0.562500,0.800000,0.980000,1.190000,0.100000,0.100000,0.100000,0.100000,0.273932,0.000000
3,13,10,100,0.010000,0.375000,0.800000,0.980000,1.190000,0.100000,0.100000,0.100000,0.100000,0.274464,0.000000
3,13,16,100,0.010000,0.600000,0.800000,0.980000,1.190000,0.100000,0.100000,0.100000,0.100000,0.273832,0.000000
3,13,18,100,0.010000,0.675000,0.800000,0.980000,1.190000,0.100000,0.100000,0.100000,0.100000,0.273605,0.000000
3,13,12,100,0.010000,0.450000,0.800000,0.980000,1.190000,0.100000,0.100000,0.100000,0.100000,0.274236,0.000000
3,13,14,100,0.010000,0.525000,0.800000,0.980000,1.190000,0.100000,0.100000,0.100000,0.100000,0.274030,0.000000
3,13,24,100,0.010000,0.900000,0.800000,0.980000,1.190000,0.100000,0.100000,0.100000,0.100000,0.271907,0.000000
3,13,25,100,0.010000,0.937500,0.800000,0.980000,1.190000,0.100000,0.100000,0.100000,0.100000,0.271525,0.000000
3,13,20,100,0.010000,0.750000,0.800000,0.980000,1.190000,0.100000,0.100000,0.100000,0.100000,0.273268,0.000000
3,13,17,100,0.010000,0.637500,0.800000,0.980000,1.190000,0.100000,0.100000,0.100000,0.100000,0.273726,0.000000
3,13,19,100,0.010000,0.712500,0.800000,0.980000,1.190000,0.100000,0.100000,0.100000,0.100000,0.273457,0.000000
3,13,23,100,0.010000,0.862500,0.800000,0.980000,1.190000,0.100000,0.100000,0.100000,0.100000,0.272325,0.000000
3,13,22,100,0.010000,0.825000,0.800000,0.980000,1.190000,0.100000,0.100000,0.100000,0.100000,0.272707,0.000000
3,13,21,100,0.010000,0.787500,0.800000,0.980000,1.190000,0.100000,0.100000,0.100000,0.100000,0.273022,0.000000
3,13,27,100,0.010000,1.012500,0.800000,0.980000,1.190000,0.100000,0.100000,0.100000,0.100000,0.271348,0.000000
3,13,26,100,0.010000,0.975000,0.800000,0.980000,1.190000,0.100000,0.100000,0.100000,0.100000,0.271082,0.000000
3,13,28,100,0.010000,1.050000,0.800000,0.980000,1.190000,0.100000,0.100000,0.100000,0.100000,0.271018,0.000000
3,13,30,100,0.010000,1.125000,0.800000,0.980000,1.190000,0.100000,0.100000,0.100000,0.100000,0.269540,0.000000
3,13,29,100,0.010000,1.087500,0.800000,0.980000,1.190000,0.100000,0.100000,0.100000,0.100000,0.270306,0.000000
3,13,33,100,0.010000,1.237500,0.800000,0.980000,1.190000,0.100000,0.100000,0.100000,0.100000,0.267631,0.000000
3,13,31,100,0.010000,1.162500,0.800000,0.980000,1.190000,0.100000,0.100000,0.100000,0.100000,0.268769,0.000000
3,13,32,100,0.010000,1.200000,0.800000,0.980000,1.190000,0.100000,0.100000,0.100000,0.100000,0.268122,0.000000
3,13,40,100,0.010000,1.500000,0.800000,0.980000,1.190000,0.100000,0.100000,0.100000,0.100000,0.267145,0.000000
3,13,35,100,0.010000,1.312500,0.800000,0.980000,1.190000,0.100000,0.100000,0.100000,0.100000,0.267097,0.000000
3,13,36,100,0.010000,1.350000,0.800000,0.980000,1.190000,0.100000,0.100000,0.100000,0.100000,0.267012,0.000000
3,13,38,100,0.010000,1.425000,0.800000,0.980000,1.190000,0.100000,0.100000,0.100000,0.100000,0.267014,0.000000
3,13,37,100,0.010000,1.387500,0.800000,0.980000,1.190000,0.100000,0.100000,0.100000,0.100000,0.266993,0.000000
3,13,39,100,0.010000,1.462500,0.800000,0.980000,1.190000,0.100000,0.100000,0.100000,0.100000,0.267065,0.000000
3,13,34,100,0.010000,1.275000,0.800000,0.980000,1.190000,0.100000,0.100000,0.100000,0.100000,0.267292,0.000000
3,14,3,100,0.010000,0.112500,0.800000,0.980000,1.190000,0.100000,0.100000,0.100000,0.100000,0.273541,0.000000
3,14,0,100,0.010000,0.000000,0.800000,0.980000,1.190000,0.100000,0.100000,0.100000,0.100000,0.273953,0.000000
3,14,8,100,0.010000,0.300000,0.800000,0.980000,1.190000,0.100000,0.100000,0.100000,0.100000,0.272374,0.000000
3,14,9,100,0.010000,0.337500,0.800000,0.980000,1.190000,0.100000,0.100000,0.100000,0.100000,0.272062,0.000000
3,14,1,100,0.010000,0.037500,0.800000,0.980000,1.190000,0.100000,0.100000,0.100000,0.100000,0.273838,0.000000
3,14,2,100,0.010000,0.075000,0.800000,0.980000,1.190000,0.100000,0.100000,0.100000,0.100000,0.273700,0.000000
3,14,7,100,0.010000,0.262500,0.800000,0.980000,1.190000,0.100000,0.100000,0.100000,0.100000,0.272659,0.000000
3,14,4,100,0.010000,0.150000,0.800000,0.980000,1.190000,0.100000,0.100000,0.100000,0.100000,0.273358,0.000000
3,14,6,100,0.010000,0.225000,0.800000,0.980000,1.190000,0.100000,0.100000,0.100000,0.100000,0.272918,0.000000
3,14,5,100,0.010000,0.187500,0.800000,0.980000,1.190000,0.100000,0.100000,0.100000,0.100000,0.273150,0.000000
3,14,12,100,0.010000,0.450000,0.800000,0.980000,1.190000,0.100000,0.100000,0.100000,0.100000,0.270990,0.000000
3,14,10,100,0.010000,0.375000,0.800000,0.980000,1.190000,0.100000,0.100000,0.100000,0.100000,0.271726,0.000000
3,14,15,100,0.010000,0.562500,0.800000,0.980000,1.190000,0.100000,0.100000,0.100000,0.100000,0.269836,0.000000
3,14,11,100,0.010000,0.412500,0.800000,0.980000,1.190000,0.100000,0.100000,0.100000,0.100000,0.271367,0.000000
3,14,13,100,0.010000,0.487500,0.800000,0.980000,1.190000,0.100000,0.100000,0.100000,0.100000,0.270603,0.000000
3,14,17,100,0.010000,0.637500,0.800000,0.980000,1.190000,0.100000,0.100000,0.100000,0.100000,0.269164,0.000000
3,14,14,100,0.010000,0.525000,0.800000,0.980000,1.190000,0.100000,0.100000,0.100000,0.100000,0.270215,0.000000
3,14,16,100,0.010000,0.600000,0.800000,0.980000,1.190000,0.100000,0.100000,0.100000,0.100000,0.269481,0.000000
3,14,22,100,0.010000,0.825000,0.800000,0.980000,1.190000,0.100000,0.100000,0.100000,0.100000,0.268491,0.000000
3,14,20,100,0.010000,0.750000,0.800000,0.980000,1.190000,0.100000,0.100000,0.100000,0.100000,0.268552,0.000000
3,14,23,100,0.010000,0.862500,0.800000,0.980000,1.190000,0.100000,0.100000,0.100000,0.100000,0.268575,0.000000
3,14,18,100,0.010000,0.675000,0.800000,0.980000,1.190000,0.100000,0.100000,0.100000,0.100000,0.268897,0.000000
3,14,19,100,0.010000,0.712500,0.800000,0.980000,1.190000,0.100000,0.100000,0.100000,0.100000,0.268690,0.000000
3,14,21,100,0.010000,0.787500,0.800000,0.980000,1.190000,0.100000,0.100000,0.100000,0.100000,0.268485,0.000000
3,14,24,100,0.010000,0.900000,0.800000,0.980000,1.190000,0.100000,0.100000,0.100000,0.100000,0.268743,0.000000
3,14,28,100,0.010000,1.050000,0.800000,0.980000,1.190000,0.100000,0.100000,0.100000,0.100000,0.269482,0.000000
3,14,26,100,0.010000,0.975000,0.800000,0.980000,1.190000,0.100000,0.100000,0.100000,0.100000,0.269241,0.000000
3,14,25,100,0.010000,0.937500,0.800000,0.980000,1.190000,0.100000,0.100000,0.100000,0.100000,0.268981,0.000000
3,14,32,100,0.010000,1.200000,0.800000,0.980000,1.190000,0.100000,0.100000,0.100000,0.100000,0.272053,0.000000
3,14,31,100,0.010000,1.162500,0.800000,0.980000,1.190000,0.100000,0.100000,0.100000,0.100000,0.272461,0.000000
3,14,27,100,0.010000,1.012500,0.800000,0.980000,1.190000,0.100000,0.100000,0.100000,0.100000,0.269464,0.000000
3,14,29,100,0.010000,1.087500,0.800000,0.980000,1.190000,0.100000,0.100000,0.100000,0.100000,0.269840,0.000000
3,14,35,100,0.010000,1.312500,0.800000,0.980000,1.190000,0.100000,0.100000,0.100000,0.100000,0.319767,0.000000
3,14,33,100,0.010000,1.237500,0.800000,0.980000,1.190000,0.100000,0.100000,0.100000,0.100000,0.273772,0.000000
3,14,30,100,0.010000,1.125000,0.800000,0.980000,1.190000,0.100000,0.100000,0.100000,0.100000,0.270640,0.000000
3,14,34,100,0.010000,1.275000,0.800000,0.980000,1.190000,0.100000,0.100000,0.100000,0.100000,0.292295,0.000000
3,14,40,100,0.010000,1.500000,0.800000,0.980000,1.190000,0.100000,0.100000,0.100000,0.100000,0.370652,0.000000
3,14,36,100,0.010000,1.350000,0.800000,0.980000,1.190000,0.100000,0.100000,0.100000,0.100000,0.340086,0.000000
3,14,37,100,0.010000,1.387500,0.800000,0.980000,1.190000,0.100000,0.100000,0.100000,0.100000,0.344986,0.000000
3,15,1,100,0.010000,0.037500,0.800000,0.980000,1.190000,0.100000,0.100000,0.100000,0.100000,0.270759,0.000000
3,14,38,100,0.010000,1.425000,0.800000,0.980000,1.190000,0.100000,0.100000,0.100000,0.100000,0.344323,0.000000
3,15,6,100,0.010000,0.225000,0.800000,0.980000,1.190000,0.100000,0.100000,0.100000,0.100000,0.270052,0.000000
3,14,39,100,0.010000,1.462500,0.800000,0.980000,1.190000,0.100000,0.100000,0.100000,0.100000,0.352061,0.000000
3,15,0,100,0.010000,0.000000,0.800000,0.980000,1.190000,0.100000,0.100000,0.100000,0.100000,0.270828,0.000000
3,15,10,100,0.010000,0.375000,0.800000,0.980000,1.190000,0.100000,0.100000,0.100000,0.100000,0.269105,0.000000
3,15,5,100,0.010000,0.187500,0.800000,0.980000,1.190000,0.100000,0.100000,0.100000,0.100000,0.270240,0.000000
3,15,2,100,0.010000,0.075000,0.800000,0.980000,1.190000,0.100000,0.100000,0.100000,0.100000,0.270666,0.000000
3,15,7,100,0.010000,0.262500,0.800000,0.980000,1.190000,0.100000,0.100000,0.100000,0.100000,0.269842,0.000000
3,15,8,100,0.010000,0.300000,0.800000,0.980000,1.190000,0.100000,0.100000,0.100000,0.100000,0.269613,0.000000
3,15,4,100,0.010000,0.150000,0.800000,0.980000,1.190000,0.100000,0.100000,0.100000,0.100000,0.270405,0.000000
3,15,3,100,0.010000,0.112500,0.800000,0.980000,1.190000,0.100000,0.100000,0.100000,0.100000,0.270548,0.000000
3,15,20,100,0.010000,0.750000,0.800000,0.980000,1.190000,0.100000,0.100000,0.100000,0.100000,0.266973,0.000000
3,15,14,100,0.010000,0.525000,0.800000,0.980000,1.190000,0.100000,0.100000,0.100000,0.100000,0.267998,0.000000
3,15,12,100,0.010000,0.450000,0.800000,0.980000,1.190000,0.100000,0.100000,0.100000,0.100000,0.268552,0.000000
3,15,16,100,0.010000,0.600000,0.800000,0.980000,1.190000,0.100000,0.100000,0.100000,0.100000,0.267507,0.000000
3,15,9,100,0.010000,0.337500,0.800000,0.980000,1.190000,0.100000,0.100000,0.100000,0.100000,0.269366,0.000000
3,15,13,100,0.010000,0.487500,0.800000,0.980000,1.190000,0.100000,0.100000,0.100000,0.100000,0.268271,0.000000
3,15,15,100,0.010000,0.562500,0.800000,0.980000,1.190000,0.100000,0.100000,0.100000,0.100000,0.267740,0.000000
3,15,11,100,0.010000,0.412500,0.800000,0.980000,1.190000,0.100000,0.100000,0.100000,0.100000,0.268831,0.000000
3,15,19,100,0.010000,0.712500,0.800000,0.980000,1.190000,0.100000,0.100000,0.100000,0.100000,0.267031,0.000000
3,15,18,100,0.010000,0.675000,0.800000,0.980000,1.190000,0.100000,0.100000,0.100000,0.100000,0.267146,0.000000
3,15,17,100,0.010000,0.637500,0.800000,0.980000,1.190000,0.100000,0.100000,0.100000,0.100000,0.267307,0.000000
3,15,21,100,0.010000,0.787500,0.800000,0.980000,1.190000,0.100000,0.100000,0.100000,0.100000,0.266991,0.000000
3,15,32,100,0.010000,1.200000,0.800000,0.980000,1.190000,0.100000,0.100000,0.100000,0.100000,0.279274,0.000000
3,15,26,100,0.010000,0.975000,0.800000,0.980000,1.190000,0.100000,0.100000,0.100000,0.100000,0.266542,0.000000
3,15,22,100,0.010000,0.825000,0.800000,0.980000,1.190000,0.100000,0.100000,0.100000,0.100000,0.267087,0.000000
3,15,24,100,0.010000,0.900000,0.800000,0.980000,1.190000,0.100000,0.100000,0.100000,0.100000,0.267175,0.000000
3,15,28,100,0.010000,1.050000,0.800000,0.980000,1.190000,0.100000,0.100000,0.100000,0.100000,0.273209,0.000000
3,15,27,100,0.010000,1.012500,0.800000,0.980000,1.190000,0.100000,0.100000,0.100000,0.100000,0.267377,0.000000
3,15,35,100,0.010000,1.312500,0.800000,0.980000,1.190000,0.100000,0.100000,0.100000,0.100000,0.286200,0.000000
3,15,23,100,0.010000,0.862500,0.800000,0.980000,1.190000,0.100000,0.100000,0.100000,0.100000,0.267195,0.000000
3,15,37,100,0.010000,1.387500,0.800000,0.980000,1.190000,0.100000,0.100000,0.100000,0.100000,0.292264,0.000000
3,15,34,100,0.010000,1.275000,0.800000,0.980000,1.190000,0.100000,0.100000,0.100000,0.100000,0.279382,0.000000
3,15,25,100,0.010000,0.937500,0.800000,0.980000,1.190000,0.100000,0.100000,0.100000,0.100000,0.266946,0.000000
3,15,30,100,0.010000,1.125000,0.800000,0.980000,1.190000,0.100000,0.100000,0.100000,0.100000,0.279752,0.000000
3,15,33,100,0.010000,1.237500,0.800000,0.980000,1.190000,0.100000,0.100000,0.100000,0.100000,0.280368,0.000000
3,15,29,100,0.010000,1.087500,0.800000,0.980000,1.190000,0.100000,0.100000,0.100000,0.100000,0.272868,0.000000
3,15,38,100,0.010000,1.425000,0.800000,0.980000,1.190000,0.100000,0.100000,0.100000,0.100000,0.288864,0.000000
3,16,3,100,0.010000,0.112500,0.800000,0.980000,1.190000,0.100000,0.100000,0.100000,0.100000,0.270515,0.000000
3,15,36,100,0.010000,1.350000,0.800000,0.980000,1.190000,0.100000,0.100000,0.100000,0.100000,0.288353,0.000000
3,15,31,100,0.010000,1.162500,0.800000,0.980000,1.190000,0.100000,0.100000,0.100000,0.100000,0.278967,0.000000
3,16,0,100,0.010000,0.000000,0.800000,0.980000,1.190000,0.100000,0.100000,0.100000,0.100000,0.270708,0.000000
3,16,6,100,0.010000,0.225000,0.800000,0.980000,1.190000,0.100000,0.100000,0.100000,0.100000,0.270246,0.000000
3,16,1,100,0.010000,0.037500,0.800000,0.980000,1.190000,0.100000,0.100000,0.100000,0.100000,0.270655,0.000000
3,15,39,100,0.010000,1.462500,0.800000,0.980000,1.190000,0.100000,0.100000,0.100000,0.100000,0.306164,0.000000
3,16,2,100,0.010000,0.075000,0.800000,0.980000,1.190000,0.100000,0.100000,0.100000,0.100000,0.270591,0.000000
3,15,40,100,0.010000,1.500000,0.800000,0.980000,1.190000,0.100000,0.100000,0.100000,0.100000,0.325736,0.000000
3,16,4,100,0.010000,0.150000,0.800000,0.980000,1.190000,0.100000,0.100000,0.100000,0.100000,0.270431,0.000000
3,16,8,100,0.010000,0.300000,0.800000,0.980000,1.190000,0.100000,0.100000,0.100000,0.100000,0.270060,0.000000
3,16,5,100,0.010000,0.187500,0.800000,0.980000,1.190000,0.100000,0.100000,0.100000,0.100000,0.270340,0.000000
3,16,9,100,0.010000,0.337500,0.800000,0.980000,1.190000,0.100000,0.100000,0.100000,0.100000,0.269977,0.000000
3,16,11,100,0.010000,0.412500,0.800000,0.980000,1.190000,0.100000,0.100000,0.100000,0.100000,0.269856,0.000000
3,16,15,100,0.010000,0.562500,0.800000,0.980000,1.190000,0.100000,0.100000,0.100000,0.100000,0.269903,0.000000
3,16,7,100,0.010000,0.262500,0.800000,0.980000,1.190000,0.100000,0.100000,0.100000,0.100000,0.270151,0.000000
3,16,10,100,0.010000,0.375000,0.800000,0.980000,1.190000,0.100000,0.100000,0.100000,0.100000,0.269908,0.000000
3,16,18,100,0.010000,0.675000,0.800000,0.980000,1.190000,0.100000,0.100000,0.100000,0.100000,0.270074,0.000000
3,16,14,100,0.010000,0.525000,0.800000,0.980000,1.190000,0.100000,0.100000,0.100000,0.100000,0.269851,0.000000
3,16,12,100,0.010000,0.450000,0.800000,0.980000,1.190000,0.100000,0.100000,0.100000,0.100000,0.269827,0.000000
3,16,22,100,0.010000,0.825000,0.800000,0.980000,1.190000,0.100000,0.100000,0.100000,0.100000,0.269577,0.000000
3,16,16,100,0.010000,0.600000,0.800000,0.980000,1.190000,0.100000,0.100000,0.100000,0.100000,0.269970,0.000000
3,16,20,100,0.010000,0.750000,0.800000,0.980000,1.190000,0.100000,0.100000,0.100000,0.100000,0.269957,0.000000
3,16,21,100,0.010000,0.787500,0.800000,0.980000,1.190000,0.100000,0.100000,0.100000,0.100000,0.269789,0.000000
3,16,19,100,0.010000,0.712500,0.800000,0.980000,1.190000,0.100000,0.100000,0.100000,0.100000,0.270054,0.000000
3,16,13,100,0.010000,0.487500,0.800000,0.980000,1.190000,0.100000,0.100000,0.100000,0.100000,0.269825,0.000000
3,16,17,100,0.010000,0.637500,0.800000,0.980000,1.190000,0.100000,0.100000,0.100000,0.100000,0.270036,0.000000
3,16,25,100,0.010000,0.937500,0.800000,0.980000,1.190000,0.100000,0.100000,0.100000,0.100000,0.269263,0.000000
3,16,23,100,0.010000,0.862500,0.800000,0.980000,1.190000,0.100000,0.100000,0.100000,0.100000,0.269364,0.000000
3,16,26,100,0.010000,0.975000,0.800000,0.980000,1.190000,0.100000,0.100000,0.100000,0.100000,0.269049,0.000000
3,16,24,100,0.010000,0.900000,0.800000,0.980000,1.190000,0.100000,0.100000,0.100000,0.100000,0.269230,0.000000
3,16,27,100,0.010000,1.012500,0.800000,0.980000,1.190000,0.100000,0.100000,0.100000,0.100000,0.268685,0.000000
3,16,28,100,0.010000,1.050000,0.800000,0.980000,1.190000,0.100000,0.100000,0.100000,0.100000,0.269019,0.000000
3,16,33,100,0.010000,1.237500,0.800000,0.980000,1.190000,0.100000,0.100000,0.100000,0.100000,0.274554,0.000000
3,16,29,100,0.010000,1.087500,0.800000,0.980000,1.190000,0.100000,0.100000,0.100000,0.100000,0.268524,0.000000
3,16,36,100,0.010000,1.350000,0.800000,0.980000,1.190000,0.100000,0.100000,0.100000,0.100000,0.280947,0.000000
3,17,0,100,0.010000,0.000000,0.800000,0.980000,1.190000,0.100000,0.100000,0.100000,0.100000,0.273633,0.000000
3,16,30,100,0.010000,1.125000,0.800000,0.980000,1.190000,0.100000,0.100000,0.100000,0.100000,0.269676,0.000000
3,17,4,100,0.010000,0.150000,0.800000,0.980000,1.190000,0.100000,0.100000,0.100000,0.100000,0.272996,0.000000
3,16,40,100,0.010000,1.500000,0.800000,0.980000,1.190000,0.100000,0.100000,0.100000,0.100000,0.317806,0.000000
3,16,31,100,0.010000,1.162500,0.800000,0.980000,1.190000,0.100000,0.100000,0.100000,0.100000,0.271469,0.000000
3,17,3,100,0.010000,0.112500,0.800000,0.980000,1.190000,0.100000,0.100000,0.100000,0.100000,0.273169,0.000000
3,17,2,100,0.010000,0.075000,0.800000,0.980000,1.190000,0.100000,0.100000,0.100000,0.100000,0.273336,0.000000
3,17,6,100,0.010000,0.225000,0.800000,0.980000,1.190000,0.100000,0.100000,0.100000,0.100000,0.272641,0.000000
3,16,38,100,0.010000,1.425000,0.800000,0.980000,1.190000,0.100000,0.100000,0.100000,0.100000,0.295227,0.000000
3,16,34,100,0.010000,1.275000,0.800000,0.980000,1.190000,0.100000,0.100000,0.100000,0.100000,0.276417,0.000000
3,16,32,100,0.010000,1.200000,0.800000,0.980000,1.190000,0.100000,0.100000,0.100000,0.100000,0.272911,0.000000
3,17,1,100,0.010000,0.037500,0.800000,0.980000,1.190000,0.100000,0.100000,0.100000,0.100000,0.273492,0.000000
3,16,39,100,0.010000,1.462500,0.800000,0.980000,1.190000,0.100000,0.100000,0.100000,0.100000,0.305612,0.000000
3,16,37,100,0.010000,1.387500,0.800000,0.980000,1.190000,0.100000,0.100000,0.100000,0.100000,0.284432,0.000000
3,16,35,100,0.010000,1.312500,0.800000,0.980000,1.190000,0.100000,0.100000,0.100000,0.100000,0.278378,0.000000
3,17,5,100,0.010000,0.187500,0.800000,0.980000,1.190000,0.100000,0.100000,0.100000,0.100000,0.272819,0.000000
3,17,7,100,0.010000,0.262500,0.800000,0.980000,1.190000,0.100000,0.100000,0.100000,0.100000,0.272464,0.000000
3,17,10,100,0.010000,0.375000,0.800000,0.980000,1.190000,0.100000,0.100000,0.100000,0.100000,0.271966,0.000000
3,17,9,100,0.010000,0.337500,0.800000,0.980000,1.190000,0.100000,0.100000,0.100000,0.100000,0.272124,0.000000
3,17,8,100,0.010000,0.300000,0.800000,0.980000,1.190000,0.100000,0.100000,0.100000,0.100000,0.272291,0.000000
3,17,11,100,0.010000,0.412500,0.800000,0.980000,1.190000,0.100000,0.100000,0.100000,0.100000,0.271818,0.000000
3,17,17,100,0.010000,0.637500,0.800000,0.980000,1.190000,0.100000,0.100000,0.100000,0.100000,0.271243,0.000000
3,17,12,100,0.010000,0.450000,0.800000,0.980000,1.190000,0.100000,0.100000,0.100000,0.100000,0.271682,0.000000
3,17,15,100,0.010000,0.562500,0.800000,0.980000,1.190000,0.100000,0.100000,0.100000,0.100000,0.271367,0.000000
3,17,16,100,0.010000,0.600000,0.800000,0.980000,1.190000,0.100000,0.100000,0.100000,0.100000,0.271297,0.000000
3,17,26,100,0.010000,0.975000,0.800000,0.980000,1.190000,0.100000,0.100000,0.100000,0.100000,0.271416,0.000000
3,17,13,100,0.010000,0.487500,0.800000,0.980000,1.190000,0.100000,0.100000,0.100000,0.100000,0.271560,0.000000
3,17,23,100,0.010000,0.862500,0.800000,0.980000,1.190000,0.100000,0.100000,0.100000,0.100000,0.271037,0.000000
3,17,14,100,0.010000,0.525000,0.800000,0.980000,1.190000,0.100000,0.100000,0.100000,0.100000,0.271455,0.000000
3,17,19,100,0.010000,0.712500,0.800000,0.980000,1.190000,0.100000,0.100000,0.100000,0.100000,0.271168,0.000000
3,17,21,100,0.010000,0.787500,0.800000,0.980000,1.190000,0.100000,0.100000,0.100000,0.100000,0.271096,0.000000
3,17,20,100,0.010000,0.750000,0.800000,0.980000,1.190000,0.100000,0.100000,0.100000,0.100000,0.271131,0.000000
3,17,22,100,0.010000,0.825000,0.800000,0.980000,1.190000,0.100000,0.100000,0.100000,0.100000,0.271075,0.000000
3,17,18,100,0.010000,0.675000,0.800000,0.980000,1.190000,0.100000,0.100000,0.100000,0.100000,0.271203,0.000000
3,17,33,100,0.010000,1.237500,0.800000,0.980000,1.190000,0.100000,0.100000,0.100000,0.100000,0.283530,0.000000
3,17,27,100,0.010000,1.012500,0.800000,0.980000,1.190000,0.100000,0.100000,0.100000,0.100000,0.271558,0.000000
3,17,25,100,0.010000,0.937500,0.800000,0.980000,1.190000,0.100000,0.100000,0.100000,0.100000,0.270869,0.000000
3,17,24,100,0.010000,0.900000,0.800000,0.980000,1.190000,0.100000,0.100000,0.100000,0.100000,0.270885,0.000000
3,17,29,100,0.010000,1.087500,0.800000,0.980000,1.190000,0.100000,0.100000,0.100000,0.100000,0.273783,0.000000
3,17,30,100,0.010000,1.125000,0.800000,0.980000,1.190000,0.100000,0.100000,0.100000,0.100000,0.273172,0.000000
3,17,34,100,0.010000,1.275000,0.800000,0.980000,1.190000,0.100000,0.100000,0.100000,0.100000,0.289549,0.000000
3,17,31,100,0.010000,1.162500,0.800000,0.980000,1.190000,0.100000,0.100000,0.100000,0.100000,0.274227,0.000000
3,17,32,100,0.010000,1.200000,0.800000,0.980000,1.190000,0.100000,0.100000,0.100000,0.100000,0.277646,0.000000
3,17,28,100,0.010000,1.050000,0.800000,0.980000,1.190000,0.100000,0.100000,0.100000,0.100000,0.272106,0.000000
3,17,36,100,0.010000,1.350000,0.800000,0.980000,1.190000,0.100000,0.100000,0.100000,0.100000,0.285146,0.000000
3,17,35,100,0.010000,1.312500,0.800000,0.980000,1.190000,0.100000,0.100000,0.100000,0.100000,0.324781,0.000000
3,17,39,100,0.010000,1.462500,0.800000,0.980000,1.190000,0.100000,0.100000,0.100000,0.100000,0.355480,0.000000
3,17,37,100,0.010000,1.387500,0.800000,0.980000,1.190000,0.100000,0.100000,0.100000,0.100000,0.300509,0.000000
3,18,1,100,0.010000,0.037500,0.800000,0.980000,1.190000,0.100000,0.100000,0.100000,0.100000,0.272029,0.000000
3,18,2,100,0.010000,0.075000,0.800000,0.980000,1.190000,0.100000,0.100000,0.100000,0.100000,0.272037,0.000000
3,17,40,100,0.010000,1.500000,0.800000,0.980000,1.190000,0.100000,0.100000,0.100000,0.100000,0.374028,0.000000
3,18,5,100,0.010000,0.187500,0.800000,0.980000,1.190000,0.100000,0.100000,0.100000,0.100000,0.271971,0.000000
3,17,38,100,0.010000,1.425000,0.800000,0.980000,1.190000,0.100000,0.100000,0.100000,0.100000,0.330760,0.000000
3,18,0,100,0.010000,0.000000,0.800000,0.980000,1.190000,0.100000,0.100000,0.100000,0.100000,0.272006,0.000000
3,18,3,100,0.010000,0.112500,0.800000,0.980000,1.190000,0.100000,0.100000,0.100000,0.100000,0.272030,0.000000
3,18,4,100,0.010000,0.150000,0.800000,0.980000,1.190000,0.100000,0.100000,0.100000,0.100000,0.272008,0.000000
3,18,6,100,0.010000,0.225000,0.800000,0.980000,1.190000,0.100000,0.100000,0.100000,0.100000,0.271917,0.000000
3,18,16,100,0.010000,0.600000,0.800000,0.980000,1.190000,0.100000,0.100000,0.100000,0.100000,0.270253,0.000000
3,18,9,100,0.010000,0.337500,0.800000,0.980000,1.190000,0.100000,0.100000,0.100000,0.100000,0.271649,0.000000
3,18,8,100,0.010000,0.300000,0.800000,0.980000,1.190000,0.100000,0.100000,0.100000,0.100000,0.271757,0.000000
3,18,11,100,0.010000,0.412500,0.800000,0.980000,1.190000,0.100000,0.100000,0.100000,0.100000,0.271368,0.000000
3,18,7,100,0.010000,0.262500,0.800000,0.980000,1.190000,0.100000,0.100000,0.100000,0.100000,0.271846,0.000000
3,18,12,100,0.010000,0.450000,0.800000,0.980000,1.190000,0.100000,0.100000,0.100000,0.100000,0.271193,0.000000
3,18,15,100,0.010000,0.562500,0.800000,0.980000,1.190000,0.100000,0.100000,0.100000,0.100000,0.270519,0.000000
3,18,17,100,0.010000,0.637500,0.800000,0.980000,1.190000,0.100000,0.100000,0.100000,0.100000,0.269978,0.000000
3,18,10,100,0.010000,0.375000,0.800000,0.980000,1.190000,0.100000,0.100000,0.100000,0.100000,0.271520,0.000000
3,18,18,100,0.010000,0.675000,0.800000,0.980000,1.190000,0.100000,0.100000,0.100000,0.100000,0.269708,0.000000
3,18,14,100,0.010000,0.525000,0.800000,0.980000,1.190000,0.100000,0.100000,0.100000,0.100000,0.270767,0.000000
3,18,13,100,0.010000,0.487500,0.800000,0.980000,1.190000,0.100000,0.100000,0.100000,0.100000,0.270992,0.000000
3,18,23,100,0.010000,0.862500,0.800000,0.980000,1.190000,0.100000,0.100000,0.100000,0.100000,0.268868,0.000000
3,18,21,100,0.010000,0.787500,0.800000,0.980000,1.190000,0.100000,0.100000,0.100000,0.100000,0.269095,0.000000
3,18,20,100,0.010000,0.750000,0.800000,0.980000,1.190000,0.100000,0.100000,0.100000,0.100000,0.269253,0.000000
3,18,22,100,0.010000,0.825000,0.800000,0.980000,1.190000,0.100000,0.100000,0.100000,0.100000,0.268975,0.000000
3,18,32,100,0.010000,1.200000,0.800000,0.980000,1.190000,0.100000,0.100000,0.100000,0.100000,0.272572,0.000000
3,18,28,100,0.010000,1.050000,0.800000,0.980000,1.190000,0.100000,0.100000,0.100000,0.100000,0.268694,0.000000
3,18,19,100,0.010000,0.712500,0.800000,0.980000,1.190000,0.100000,0.100000,0.100000,0.100000,0.269460,0.000000
3,18,27,100,0.010000,1.012500,0.800000,0.980000,1.190000,0.100000,0.100000,0.100000,0.100000,0.268583,0.000000
3,18,34,100,0.010000,1.275000,0.800000,0.980000,1.190000,0.100000,0.100000,0.100000,0.100000,0.291336,0.000000
3,18,26,100,0.010000,0.975000,0.800000,0.980000,1.190000,0.100000,0.100000,0.100000,0.100000,0.268547,0.000000
3,18,24,100,0.010000,0.900000,0.800000,0.980000,1.190000,0.100000,0.100000,0.100000,0.100000,0.268751,0.000000
3,18,25,100,0.010000,0.937500,0.800000,0.980000,1.190000,0.100000,0.100000,0.100000,0.100000,0.268628,0.000000
3,18,31,100,0.010000,1.162500,0.800000,0.980000,1.190000,0.100000,0.100000,0.100000,0.100000,0.269173,0.000000
3,18,29,100,0.010000,1.087500,0.800000,0.980000,1.190000,0.100000,0.100000,0.100000,0.100000,0.268050,0.000000
3,18,33,100,0.010000,1.237500,0.800000,0.980000,1.190000,0.100000,0.100000,0.100000,0.100000,0.278987,0.000000
3,18,38,100,0.010000,1.425000,0.800000,0.980000,1.190000,0.100000,0.100000,0.100000,0.100000,0.336832,0.000000
3,18,36,100,0.010000,1.350000,0.800000,0.980000,1.190000,0.100000,0.100000,0.100000,0.100000,0.318126,0.000000
3,18,30,100,0.010000,1.125000,0.800000,0.980000,1.190000,0.100000,0.100000,0.100000,0.100000,0.269391,0.000000
3,18,37,100,0.010000,1.387500,0.800000,0.980000,1.190000,0.100000,0.100000,0.100000,0.100000,0.321446,0.000000
3,18,35,100,0.010000,1.312500,0.800000,0.980000,1.190000,0.100000,0.100000,0.100000,0.100000,0.301830,0.000000
3,18,39,100,0.010000,1.462500,0.800000,0.980000,1.190000,0.100000,0.100000,0.100000,0.100000,0.342000,0.000000
3,19,0,100,0.010000,0.000000,0.800000,0.980000,1.190000,0.100000,0.100000,0.100000,0.100000,0.270708,0.000000
3,18,40,100,0.010000,1.500000,0.800000,0.980000,1.190000,0.100000,0.100000,0.100000,0.100000,0.368710,0.000000
3,19,4,100,0.010000,0.150000,0.800000,0.980000,1.190000,0.100000,0.100000,0.100000,0.100000,0.270454,0.000000
3,19,2,100,0.010000,0.075000,0.800000,0.980000,1.190000,0.100000,0.100000,0.100000,0.100000,0.270610,0.000000
3,19,1,100,0.010000,0.037500,0.800000,0.980000,1.190000,0.100000,0.100000,0.100000,0.100000,0.270667,0.000000
3,19,8,100,0.010000,0.300000,0.800000,0.980000,1.190000,0.100000,0.100000,0.100000,0.100000,0.270018,0.000000
3,19,5,100,0.010000,0.187500,0.800000,0.980000,1.190000,0.100000,0.100000,0.100000,0.100000,0.270358,0.000000
3,19,7,100,0.010000,0.262500,0.800000,0.980000,1.190000,0.100000,0.100000,0.100000,0.100000,0.270137,0.000000
3,19,9,100,0.010000,0.337500,0.800000,0.980000,1.190000,0.100000,0.100000,0.100000,0.100000,0.269897,0.000000
3,19,3,100,0.010000,0.112500,0.800000,0.980000,1.190000,0.100000,0.100000,0.100000,0.100000,0.270539,0.000000
3,19,13,100,0.010000,0.487500,0.800000,0.980000,1.190000,0.100000,0.100000,0.100000,0.100000,0.269502,0.000000
3,19,6,100,0.010000,0.225000,0.800000,0.980000,1.190000,0.100000,0.100000,0.100000,0.100000,0.270251,0.000000
3,19,10,100,0.010000,0.375000,0.800000,0.980000,1.190000,0.100000,0.100000,0.100000,0.100000,0.269781,0.000000
3,19,15,100,0.010000,0.562500,0.800000,0.980000,1.190000,0.100000,0.100000,0.100000,0.100000,0.269423,0.000000
3,19,24,100,0.010000,0.900000,0.800000,0.980000,1.190000,0.100000,0.100000,0.100000,0.100000,0.270763,0.000000
3,19,16,100,0.010000,0.600000,0.800000,0.980000,1.190000,0.100000,0.100000,0.100000,0.100000,0.269423,0.000000
3,19,14,100,0.010000,0.525000,0.800000,0.980000,1.190000,0.100000,0.100000,0.100000,0.100000,0.269449,0.000000
3,19,12,100,0.010000,0.450000,0.800000,0.980000,1.190000,0.100000,0.100000,0.100000,0.100000,0.269577,0.000000
3,19,11,100,0.010000,0.412500,0.800000,0.980000,1.190000,0.100000,0.100000,0.100000,0.100000,0.269672,0.000000
3,19,18,100,0.010000,0.675000,0.800000,0.980000,1.190000,0.100000,0.100000,0.100000,0.100000,0.269494,0.000000
3,19,25,100,0.010000,0.937500,0.800000,0.980000,1.190000,0.100000,0.100000,0.100000,0.100000,0.270670,0.000000
3,19,22,100,0.010000,0.825000,0.800000,0.980000,1.190000,0.100000,0.100000,0.100000,0.100000,0.270076,0.000000
3,19,21,100,0.010000,0.787500,0.800000,0.980000,1.190000,0.100000,0.100000,0.100000,0.100000,0.269806,0.000000
3,19,29,100,0.010000,1.087500,0.800000,0.980000,1.190000,0.100000,0.100000,0.100000,0.100000,0.269081,0.000000
3,19,17,100,0.010000,0.637500,0.800000,0.980000,1.190000,0.100000,0.100000,0.100000,0.100000,0.269448,0.000000
3,19,19,100,0.010000,0.712500,0.800000,0.980000,1.190000,0.100000,0.100000,0.100000,0.100000,0.269557,0.000000
3,19,23,100,0.010000,0.862500,0.800000,0.980000,1.190000,0.100000,0.100000,0.100000,0.100000,0.270453,0.000000
3,19,20,100,0.010000,0.750000,0.800000,0.980000,1.190000,0.100000,0.100000,0.100000,0.100000,0.269650,0.000000
3,19,26,100,0.010000,0.975000,0.800000,0.980000,1.190000,0.100000,0.100000,0.100000,0.100000,0.269918,0.000000
3,19,31,100,0.010000,1.162500,0.800000,0.980000,1.190000,0.100000,0.100000,0.100000,0.100000,0.273774,0.000000
3,19,35,100,0.010000,1.312500,0.800000,0.980000,1.190000,0.100000,0.100000,0.100000,0.100000,0.288228,0.000000
3,19,27,100,0.010000,1.012500,0.800000,0.980000,1.190000,0.100000,0.100000,0.100000,0.100000,0.268463,0.000000
3,19,34,100,0.010000,1.275000,0.800000,0.980000,1.190000,0.100000,0.100000,0.100000,0.100000,0.279937,0.000000
3,19,33,100,0.010000,1.237500,0.800000,0.980000,1.190000,0.100000,0.100000,0.100000,0.100000,0.274357,0.000000
3,19,32,100,0.010000,1.200000,0.800000,0.980000,1.190000,0.100000,0.100000,0.100000,0.100000,0.273277,0.000000
3,19,30,100,0.010000,1.125000,0.800000,0.980000,1.190000,0.100000,0.100000,0.100000,0.100000,0.270691,0.000000
3,19,36,100,0.010000,1.350000,0.800000,0.980000,1.190000,0.100000,0.100000,0.100000,0.100000,0.302433,0.000000
3,19,28,100,0.010000,1.050000,0.800000,0.980000,1.190000,0.100000,0.100000,0.100000,0.100000,0.268295,0.000000
3,19,40,100,0.010000,1.500000,0.800000,0.980000,1.190000,0.100000,0.100000,0.100000,0.100000,0.396822,0.000000
3,19,39,100,0.010000,1.462500,0.800000,0.980000,1.190000,0.100000,0.100000,0.100000,0.100000,0.433442,0.000000
3,19,38,100,0.010000,1.425000,0.800000,0.980000,1.190000,0.100000,0.100000,0.100000,0.100000,0.352190,0.000000
3,19,37,100,0.010000,1.387500,0.800000,0.980000,1.190000,0.100000,0.100000,0.100000,0.100000,0.338625,0.000000
