1,0,6,100,0.950000,0.770000,0.800000,0.600000,0.300000,0.100000,0.100000,0.100000,0.100000,1.113331,0.000000
1,0,11,100,0.950000,0.770000,0.800000,0.600000,0.550000,0.100000,0.100000,0.100000,0.100000,0.503444,0.000000
1,0,4,100,0.950000,0.770000,0.800000,0.600000,0.200000,0.100000,0.100000,0.100000,0.100000,0.750076,0.000000
1,0,3,100,0.950000,0.770000,0.800000,0.600000,0.150000,0.100000,0.100000,0.100000,0.100000,0.737105,0.000000
1,0,2,100,0.950000,0.770000,0.800000,0.600000,0.100000,0.100000,0.100000,0.100000,0.100000,nan,0.000000
1,0,18,100,0.950000,0.770000,0.800000,0.600000,0.900000,0.100000,0.100000,0.100000,0.100000,0.490747,0.000000
1,0,23,100,0.950000,0.770000,0.800000,0.600000,1.150000,0.100000,0.100000,0.100000,0.100000,0.485598,0.000000
1,0,9,100,0.950000,0.770000,0.800000,0.600000,0.450000,0.100000,0.100000,0.100000,0.100000,0.560641,0.000000
1,0,16,100,0.950000,0.770000,0.800000,0.600000,0.800000,0.100000,0.100000,0.100000,0.100000,0.495409,0.000000
1,0,14,100,0.950000,0.770000,0.800000,0.600000,0.700000,0.100000,0.100000,0.100000,0.100000,0.490717,0.000000
1,0,19,100,0.950000,0.770000,0.800000,0.600000,0.950000,0.100000,0.100000,0.100000,0.100000,0.487569,0.000000
1,0,7,100,0.950000,0.770000,0.800000,0.600000,0.350000,0.100000,0.100000,0.100000,0.100000,0.888939,0.000000
1,0,17,100,0.950000,0.770000,0.800000,0.600000,0.850000,0.100000,0.100000,0.100000,0.100000,0.494961,0.000000
1,0,22,100,0.950000,0.770000,0.800000,0.600000,1.100000,0.100000,0.100000,0.100000,0.100000,0.487263,0.000000
1,0,15,100,0.950000,0.770000,0.800000,0.600000,0.750000,0.100000,0.100000,0.100000,0.100000,0.493838,0.000000
1,0,5,100,0.950000,0.770000,0.800000,0.600000,0.250000,0.100000,0.100000,0.100000,0.100000,0.766389,0.000000
1,0,10,100,0.950000,0.770000,0.800000,0.600000,0.500000,0.100000,0.100000,0.100000,0.100000,0.534713,0.000000
1,0,12,100,0.950000,0.770000,0.800000,0.600000,0.600000,0.100000,0.100000,0.100000,0.100000,0.485138,0.000000
1,0,21,100,0.950000,0.770000,0.800000,0.600000,1.050000,0.100000,0.100000,0.100000,0.100000,0.486575,0.000000
1,0,8,100,0.950000,0.770000,0.800000,0.600000,0.400000,0.100000,0.100000,0.100000,0.100000,0.677575,0.000000
1,0,13,100,0.950000,0.770000,0.800000,0.600000,0.650000,0.100000,0.100000,0.100000,0.100000,0.475859,0.000000
1,0,20,100,0.950000,0.770000,0.800000,0.600000,1.000000,0.100000,0.100000,0.100000,0.100000,0.486217,0.000000
1,0,1,100,0.950000,0.770000,0.800000,0.600000,0.050000,0.100000,0.100000,0.100000,0.100000,nan,0.000000
1,0,24,100,0.950000,0.770000,0.800000,0.600000,1.200000,0.100000,0.100000,0.100000,0.100000,0.479317,0.000000
1,0,28,100,0.950000,0.770000,0.800000,0.600000,1.400000,0.100000,0.100000,0.100000,0.100000,0.475783,0.000000
1,0,32,100,0.950000,0.770000,0.800000,0.600000,1.600000,0.100000,0.100000,0.100000,0.100000,0.478805,0.000000
1,0,34,100,0.950000,0.770000,0.800000,0.600000,1.700000,0.100000,0.100000,0.100000,0.100000,0.480207,0.000000
1,0,25,100,0.950000,0.770000,0.800000,0.600000,1.250000,0.100000,0.100000,0.100000,0.100000,0.472693,0.000000
1,0,31,100,0.950000,0.770000,0.800000,0.600000,1.550000,0.100000,0.100000,0.100000,0.100000,0.478120,0.000000
1,0,35,100,0.950000,0.770000,0.800000,0.600000,1.750000,0.100000,0.100000,0.100000,0.100000,0.480505,0.000000
1,0,39,100,0.950000,0.770000,0.800000,0.600000,1.950000,0.100000,0.100000,0.100000,0.100000,0.477751,0.000000
1,0,29,100,0.950000,0.770000,0.800000,0.600000,1.450000,0.100000,0.100000,0.100000,0.100000,0.477043,0.000000
1,0,27,100,0.950000,0.770000,0.800000,0.600000,1.350000,0.100000,0.100000,0.100000,0.100000,0.473248,0.000000
1,0,30,100,0.950000,0.770000,0.800000,0.600000,1.500000,0.100000,0.100000,0.100000,0.100000,0.477603,0.000000
1,0,38,100,0.950000,0.770000,0.800000,0.600000,1.900000,0.100000,0.100000,0.100000,0.100000,0.478787,0.000000
1,1,5,100,0.950000,0.770000,0.800000,0.600000,0.250000,0.100000,0.100000,0.100000,0.100000,0.762550,0.000000
1,0,40,100,0.950000,0.770000,0.800000,0.600000,2.000000,0.100000,0.100000,0.100000,0.100000,0.476603,0.000000
1,1,6,100,0.950000,0.770000,0.800000,0.600000,0.300000,0.100000,0.100000,0.100000,0.100000,1.114305,0.000000
1,0,36,100,0.950000,0.770000,0.800000,0.600000,1.800000,0.100000,0.100000,0.100000,0.100000,0.480320,0.000000
1,0,33,100,0.950000,0.770000,0.800000,0.600000,1.650000,0.100000,0.100000,0.100000,0.100000,0.479569,0.000000
1,0,37,100,0.950000,0.770000,0.800000,0.600000,1.850000,0.100000,0.100000,0.100000,0.100000,0.479687,0.000000
1,1,4,100,0.950000,0.770000,0.800000,0.600000,0.200000,0.100000,0.100000,0.100000,0.100000,0.742084,0.000000
1,1,3,100,0.950000,0.770000,0.800000,0.600000,0.150000,0.100000,0.100000,0.100000,0.100000,0.740130,0.000000
1,1,2,100,0.950000,0.770000,0.800000,0.600000,0.100000,0.100000,0.100000,0.100000,0.100000,nan,0.000000
1,0,26,100,0.950000,0.770000,0.800000,0.600000,1.300000,0.100000,0.100000,0.100000,0.100000,0.470954,0.000000
1,1,1,100,0.950000,0.770000,0.800000,0.600000,0.050000,0.100000,0.100000,0.100000,0.100000,nan,0.000000
1,1,7,100,0.950000,0.770000,0.800000,0.600000,0.350000,0.100000,0.100000,0.100000,0.100000,0.882677,0.000000
1,1,18,100,0.950000,0.770000,0.800000,0.600000,0.900000,0.100000,0.100000,0.100000,0.100000,0.486526,0.000000
1,1,11,100,0.950000,0.770000,0.800000,0.600000,0.550000,0.100000,0.100000,0.100000,0.100000,0.629138,0.000000
1,1,19,100,0.950000,0.770000,0.800000,0.600000,0.950000,0.100000,0.100000,0.100000,0.100000,0.482049,0.000000
1,1,20,100,0.950000,0.770000,0.800000,0.600000,1.000000,0.100000,0.100000,0.100000,0.100000,0.476620,0.000000
1,1,15,100,0.950000,0.770000,0.800000,0.600000,0.750000,0.100000,0.100000,0.100000,0.100000,0.465459,0.000000
1,1,17,100,0.950000,0.770000,0.800000,0.600000,0.850000,0.100000,0.100000,0.100000,0.100000,0.487914,0.000000
1,1,14,100,0.950000,0.770000,0.800000,0.600000,0.700000,0.100000,0.100000,0.100000,0.100000,0.495402,0.000000
1,1,12,100,0.950000,0.770000,0.800000,0.600000,0.600000,0.100000,0.100000,0.100000,0.100000,0.588885,0.000000
1,1,13,100,0.950000,0.770000,0.800000,0.600000,0.650000,0.100000,0.100000,0.100000,0.100000,0.587479,0.000000
1,1,10,100,0.950000,0.770000,0.800000,0.600000,0.500000,0.100000,0.100000,0.100000,0.100000,0.980541,0.000000
1,1,24,100,0.950000,0.770000,0.800000,0.600000,1.200000,0.100000,0.100000,0.100000,0.100000,0.463415,0.000000
1,1,16,100,0.950000,0.770000,0.800000,0.600000,0.800000,0.100000,0.100000,0.100000,0.100000,0.486313,0.000000
1,1,23,100,0.950000,0.770000,0.800000,0.600000,1.150000,0.100000,0.100000,0.100000,0.100000,0.462965,0.000000
1,1,21,100,0.950000,0.770000,0.800000,0.600000,1.050000,0.100000,0.100000,0.100000,0.100000,0.468256,0.000000
1,1,22,100,0.950000,0.770000,0.800000,0.600000,1.100000,0.100000,0.100000,0.100000,0.100000,0.462457,0.000000
1,1,30,100,0.950000,0.770000,0.800000,0.600000,1.500000,0.100000,0.100000,0.100000,0.100000,0.399503,0.000000
1,1,9,100,0.950000,0.770000,0.800000,0.600000,0.450000,0.100000,0.100000,0.100000,0.100000,0.509440,0.000000
1,1,28,100,0.950000,0.770000,0.800000,0.600000,1.400000,0.100000,0.100000,0.100000,0.100000,0.434846,0.000000
1,1,26,100,0.950000,0.770000,0.800000,0.600000,1.300000,0.100000,0.100000,0.100000,0.100000,0.453935,0.000000
1,1,27,100,0.950000,0.770000,0.800000,0.600000,1.350000,0.100000,0.100000,0.100000,0.100000,0.446275,0.000000
1,1,8,100,0.950000,0.770000,0.800000,0.600000,0.400000,0.100000,0.100000,0.100000,0.100000,0.786241,0.000000
1,1,29,100,0.950000,0.770000,0.800000,0.600000,1.450000,0.100000,0.100000,0.100000,0.100000,0.418985,0.000000
1,1,25,100,0.950000,0.770000,0.800000,0.600000,1.250000,0.100000,0.100000,0.100000,0.100000,0.459748,0.000000
1,1,32,100,0.950000,0.770000,0.800000,0.600000,1.600000,0.100000,0.100000,0.100000,0.100000,0.369591,0.000000
1,1,31,100,0.950000,0.770000,0.800000,0.600000,1.550000,0.100000,0.100000,0.100000,0.100000,0.380202,0.000000
1,1,34,100,0.950000,0.770000,0.800000,0.600000,1.700000,0.100000,0.100000,0.100000,0.100000,0.391095,0.000000
1,1,33,100,0.950000,0.770000,0.800000,0.600000,1.650000,0.100000,0.100000,0.100000,0.100000,0.375351,0.000000
1,2,1,100,0.950000,0.770000,0.800000,0.600000,0.050000,0.100000,0.100000,0.100000,0.100000,nan,0.000000
1,2,4,100,0.950000,0.770000,0.800000,0.600000,0.200000,0.100000,0.100000,0.100000,0.100000,0.748724,0.000000
1,2,5,100,0.950000,0.770000,0.800000,0.600000,0.250000,0.100000,0.100000,0.100000,0.100000,0.754802,0.000000
1,1,37,100,0.950000,0.770000,0.800000,0.600000,1.850000,0.100000,0.100000,0.100000,0.100000,0.265353,0.000000
1,2,3,100,0.950000,0.770000,0.800000,0.600000,0.150000,0.100000,0.100000,0.100000,0.100000,0.737369,0.000000
1,1,38,100,0.950000,0.770000,0.800000,0.600000,1.900000,0.100000,0.100000,0.100000,0.100000,0.273793,0.000000
1,1,35,100,0.950000,0.770000,0.800000,0.600000,1.750000,0.100000,0.100000,0.100000,0.100000,0.390937,0.000000
1,2,7,100,0.950000,0.770000,0.800000,0.600000,0.350000,0.100000,0.100000,0.100000,0.100000,0.791201,0.000000
1,1,36,100,0.950000,0.770000,0.800000,0.600000,1.800000,0.100000,0.100000,0.100000,0.100000,0.329616,0.000000
1,1,39,100,0.950000,0.770000,0.800000,0.600000,1.950000,0.100000,0.100000,0.100000,0.100000,0.350011,0.000000
1,2,9,100,0.950000,0.770000,0.800000,0.600000,0.450000,0.100000,0.100000,0.100000,0.100000,0.596594,0.000000
1,2,6,100,0.950000,0.770000,0.800000,0.600000,0.300000,0.100000,0.100000,0.100000,0.100000,1.114566,0.000000
1,2,2,100,0.950000,0.770000,0.800000,0.600000,0.100000,0.100000,0.100000,0.100000,0.100000,nan,0.000000
1,1,40,100,0.950000,0.770000,0.800000,0.600000,2.000000,0.100000,0.100000,0.100000,0.100000,0.420723,0.000000
1,2,10,100,0.950000,0.770000,0.800000,0.600000,0.500000,0.100000,0.100000,0.100000,0.100000,0.604550,0.000000
1,2,8,100,0.950000,0.770000,0.800000,0.600000,0.400000,0.100000,0.100000,0.100000,0.100000,0.595790,0.000000
1,2,13,100,0.950000,0.770000,0.800000,0.600000,0.650000,0.100000,0.100000,0.100000,0.100000,0.377067,0.000000
1,2,12,100,0.950000,0.770000,0.800000,0.600000,0.600000,0.100000,0.100000,0.100000,0.100000,0.099049,0.000000
1,2,11,100,0.950000,0.770000,0.800000,0.600000,0.550000,0.100000,0.100000,0.100000,0.100000,0.558586,0.000000
1,2,14,100,0.950000,0.770000,0.800000,0.600000,0.700000,0.100000,0.100000,0.100000,0.100000,0.494034,0.000000
1,2,20,100,0.950000,0.770000,0.800000,0.600000,1.000000,0.100000,0.100000,0.100000,0.100000,0.486281,0.000000
1,2,16,100,0.950000,0.770000,0.800000,0.600000,0.800000,0.100000,0.100000,0.100000,0.100000,0.491774,0.000000
1,2,17,100,0.950000,0.770000,0.800000,0.600000,0.850000,0.100000,0.100000,0.100000,0.100000,0.490283,0.000000
1,2,19,100,0.950000,0.770000,0.800000,0.600000,0.950000,0.100000,0.100000,0.100000,0.100000,0.486645,0.000000
1,2,15,100,0.950000,0.770000,0.800000,0.600000,0.750000,0.100000,0.100000,0.100000,0.100000,0.492705,0.000000
1,2,30,100,0.950000,0.770000,0.800000,0.600000,1.500000,0.100000,0.100000,0.100000,0.100000,0.461997,0.000000
1,2,28,100,0.950000,0.770000,0.800000,0.600000,1.400000,0.100000,0.100000,0.100000,0.100000,0.470092,0.000000
1,2,25,100,0.950000,0.770000,0.800000,0.600000,1.250000,0.100000,0.100000,0.100000,0.100000,0.481140,0.000000
1,2,33,100,0.950000,0.770000,0.800000,0.600000,1.650000,0.100000,0.100000,0.100000,0.100000,0.452195,0.000000
1,2,18,100,0.950000,0.770000,0.800000,0.600000,0.900000,0.100000,0.100000,0.100000,0.100000,0.488149,0.000000
1,2,23,100,0.950000,0.770000,0.800000,0.600000,1.150000,0.100000,0.100000,0.100000,0.100000,0.485219,0.000000
1,2,24,100,0.950000,0.770000,0.800000,0.600000,1.200000,0.100000,0.100000,0.100000,0.100000,0.483629,0.000000
1,2,21,100,0.950000,0.770000,0.800000,0.600000,1.050000,0.100000,0.100000,0.100000,0.100000,0.486379,0.000000
1,2,26,100,0.950000,0.770000,0.800000,0.600000,1.300000,0.100000,0.100000,0.100000,0.100000,0.477851,0.000000
1,2,22,100,0.950000,0.770000,0.800000,0.600000,1.100000,0.100000,0.100000,0.100000,0.100000,0.486106,0.000000
1,2,27,100,0.950000,0.770000,0.800000,0.600000,1.350000,0.100000,0.100000,0.100000,0.100000,0.474100,0.000000
1,2,34,100,0.950000,0.770000,0.800000,0.600000,1.700000,0.100000,0.100000,0.100000,0.100000,0.452443,0.000000
1,2,36,100,0.950000,0.770000,0.800000,0.600000,1.800000,0.100000,0.100000,0.100000,0.100000,0.466118,0.000000
1,2,29,100,0.950000,0.770000,0.800000,0.600000,1.450000,0.100000,0.100000,0.100000,0.100000,0.466003,0.000000
1,2,37,100,0.950000,0.770000,0.800000,0.600000,1.850000,0.100000,0.100000,0.100000,0.100000,0.480080,0.000000
1,2,31,100,0.950000,0.770000,0.800000,0.600000,1.550000,0.100000,0.100000,0.100000,0.100000,0.458103,0.000000
1,2,32,100,0.950000,0.770000,0.800000,0.600000,1.600000,0.100000,0.100000,0.100000,0.100000,0.454548,0.000000
1,2,35,100,0.950000,0.770000,0.800000,0.600000,1.750000,0.100000,0.100000,0.100000,0.100000,0.456781,0.000000
1,2,40,100,0.950000,0.770000,0.800000,0.600000,2.000000,0.100000,0.100000,0.100000,0.100000,0.521447,0.000000
1,2,39,100,0.950000,0.770000,0.800000,0.600000,1.950000,0.100000,0.100000,0.100000,0.100000,0.512088,0.000000
1,3,7,100,0.950000,0.770000,0.800000,0.600000,0.350000,0.100000,0.100000,0.100000,0.100000,0.953945,0.000000
1,3,3,100,0.950000,0.770000,0.800000,0.600000,0.150000,0.100000,0.100000,0.100000,0.100000,0.734049,0.000000
1,3,4,100,0.950000,0.770000,0.800000,0.600000,0.200000,0.100000,0.100000,0.100000,0.100000,0.741179,0.000000
1,3,5,100,0.950000,0.770000,0.800000,0.600000,0.250000,0.100000,0.100000,0.100000,0.100000,0.747628,0.000000
1,3,9,100,0.950000,0.770000,0.800000,0.600000,0.450000,0.100000,0.100000,0.100000,0.100000,0.517427,0.000000
1,3,6,100,0.950000,0.770000,0.800000,0.600000,0.300000,0.100000,0.100000,0.100000,0.100000,1.114963,0.000000
1,3,1,100,0.950000,0.770000,0.800000,0.600000,0.050000,0.100000,0.100000,0.100000,0.100000,nan,0.000000
1,3,11,100,0.950000,0.770000,0.800000,0.600000,0.550000,0.100000,0.100000,0.100000,0.100000,0.493152,0.000000
1,3,15,100,0.950000,0.770000,0.800000,0.600000,0.750000,0.100000,0.100000,0.100000,0.100000,0.487912,0.000000
1,2,38,100,0.950000,0.770000,0.800000,0.600000,1.900000,0.100000,0.100000,0.100000,0.100000,0.496654,0.000000
1,3,12,100,0.950000,0.770000,0.800000,0.600000,0.600000,0.100000,0.100000,0.100000,0.100000,0.510966,0.000000
1,3,16,100,0.950000,0.770000,0.800000,0.600000,0.800000,0.100000,0.100000,0.100000,0.100000,0.492489,0.000000
1,3,8,100,0.950000,0.770000,0.800000,0.600000,0.400000,0.100000,0.100000,0.100000,0.100000,0.621200,0.000000
1,3,10,100,0.950000,0.770000,0.800000,0.600000,0.500000,0.100000,0.100000,0.100000,0.100000,0.498637,0.000000
1,3,17,100,0.950000,0.770000,0.800000,0.600000,0.850000,0.100000,0.100000,0.100000,0.100000,0.653599,0.000000
1,3,2,100,0.950000,0.770000,0.800000,0.600000,0.100000,0.100000,0.100000,0.100000,0.100000,nan,0.000000
1,3,20,100,0.950000,0.770000,0.800000,0.600000,1.000000,0.100000,0.100000,0.100000,0.100000,0.321296,0.000000
1,3,13,100,0.950000,0.770000,0.800000,0.600000,0.650000,0.100000,0.100000,0.100000,0.100000,0.455264,0.000000
1,3,14,100,0.950000,0.770000,0.800000,0.600000,0.700000,0.100000,0.100000,0.100000,0.100000,0.512333,0.000000
1,3,19,100,0.950000,0.770000,0.800000,0.600000,0.950000,0.100000,0.100000,0.100000,0.100000,0.158506,0.000000
1,3,18,100,0.950000,0.770000,0.800000,0.600000,0.900000,0.100000,0.100000,0.100000,0.100000,0.077387,0.000000
1,3,23,100,0.950000,0.770000,0.800000,0.600000,1.150000,0.100000,0.100000,0.100000,0.100000,0.460007,0.000000
1,3,26,100,0.950000,0.770000,0.800000,0.600000,1.300000,0.100000,0.100000,0.100000,0.100000,0.479188,0.000000
1,3,21,100,0.950000,0.770000,0.800000,0.600000,1.050000,0.100000,0.100000,0.100000,0.100000,0.402969,0.000000
1,3,36,100,0.950000,0.770000,0.800000,0.600000,1.800000,0.100000,0.100000,0.100000,0.100000,0.469436,0.000000
1,3,32,100,0.950000,0.770000,0.800000,0.600000,1.600000,0.100000,0.100000,0.100000,0.100000,0.468455,0.000000
1,3,27,100,0.950000,0.770000,0.800000,0.600000,1.350000,0.100000,0.100000,0.100000,0.100000,0.475090,0.000000
1,3,33,100,0.950000,0.770000,0.800000,0.600000,1.650000,0.100000,0.100000,0.100000,0.100000,0.469387,0.000000
1,3,28,100,0.950000,0.770000,0.800000,0.600000,1.400000,0.100000,0.100000,0.100000,0.100000,0.470923,0.000000
1,3,30,100,0.950000,0.770000,0.800000,0.600000,1.500000,0.100000,0.100000,0.100000,0.100000,0.467007,0.000000
1,3,31,100,0.950000,0.770000,0.800000,0.600000,1.550000,0.100000,0.100000,0.100000,0.100000,0.467419,0.000000
1,3,25,100,0.950000,0.770000,0.800000,0.600000,1.250000,0.100000,0.100000,0.100000,0.100000,0.479971,0.000000
1,3,24,100,0.950000,0.770000,0.800000,0.600000,1.200000,0.100000,0.100000,0.100000,0.100000,0.472830,0.000000
1,3,22,100,0.950000,0.770000,0.800000,0.600000,1.100000,0.100000,0.100000,0.100000,0.100000,0.439899,0.000000
1,3,38,100,0.950000,0.770000,0.800000,0.600000,1.900000,0.100000,0.100000,0.100000,0.100000,0.467851,0.000000
1,3,37,100,0.950000,0.770000,0.800000,0.600000,1.850000,0.100000,0.100000,0.100000,0.100000,0.468768,0.000000
1,3,29,100,0.950000,0.770000,0.800000,0.600000,1.450000,0.100000,0.100000,0.100000,0.100000,0.468052,0.000000
1,3,40,100,0.950000,0.770000,0.800000,0.600000,2.000000,0.100000,0.100000,0.100000,0.100000,0.465174,0.000000
1,3,39,100,0.950000,0.770000,0.800000,0.600000,1.950000,0.100000,0.100000,0.100000,0.100000,0.466604,0.000000
1,4,3,100,0.950000,0.770000,0.800000,0.600000,0.150000,0.100000,0.100000,0.100000,0.100000,0.734730,0.000000
1,3,35,100,0.950000,0.770000,0.800000,0.600000,1.750000,0.100000,0.100000,0.100000,0.100000,0.469835,0.000000
1,3,34,100,0.950000,0.770000,0.800000,0.600000,1.700000,0.100000,0.100000,0.100000,0.100000,0.469852,0.000000
1,4,2,100,0.950000,0.770000,0.800000,0.600000,0.100000,0.100000,0.100000,0.100000,0.100000,nan,0.000000
1,4,1,100,0.950000,0.770000,0.800000,0.600000,0.050000,0.100000,0.100000,0.100000,0.100000,nan,0.000000
1,4,13,100,0.950000,0.770000,0.800000,0.600000,0.650000,0.100000,0.100000,0.100000,0.100000,0.007700,0.000000
1,4,5,100,0.950000,0.770000,0.800000,0.600000,0.250000,0.100000,0.100000,0.100000,0.100000,0.751564,0.000000
1,4,7,100,0.950000,0.770000,0.800000,0.600000,0.350000,0.100000,0.100000,0.100000,0.100000,0.743100,0.000000
1,4,6,100,0.950000,0.770000,0.800000,0.600000,0.300000,0.100000,0.100000,0.100000,0.100000,1.113947,0.000000
1,4,8,100,0.950000,0.770000,0.800000,0.600000,0.400000,0.100000,0.100000,0.100000,0.100000,0.621720,0.000000
1,4,4,100,0.950000,0.770000,0.800000,0.600000,0.200000,0.100000,0.100000,0.100000,0.100000,0.746975,0.000000
1,4,15,100,0.950000,0.770000,0.800000,0.600000,0.750000,0.100000,0.100000,0.100000,0.100000,0.009093,0.000000
1,4,9,100,0.950000,0.770000,0.800000,0.600000,0.450000,0.100000,0.100000,0.100000,0.100000,0.555361,0.000000
1,4,12,100,0.950000,0.770000,0.800000,0.600000,0.600000,0.100000,0.100000,0.100000,0.100000,0.020636,0.000000
1,4,11,100,0.950000,0.770000,0.800000,0.600000,0.550000,0.100000,0.100000,0.100000,0.100000,0.548471,0.000000
1,4,26,100,0.950000,0.770000,0.800000,0.600000,1.300000,0.100000,0.100000,0.100000,0.100000,0.021923,0.000000
1,4,14,100,0.950000,0.770000,0.800000,0.600000,0.700000,0.100000,0.100000,0.100000,0.100000,0.007733,0.000000
1,4,21,100,0.950000,0.770000,0.800000,0.600000,1.050000,0.100000,0.100000,0.100000,0.100000,0.010794,0.000000
1,4,17,100,0.950000,0.770000,0.800000,0.600000,0.850000,0.100000,0.100000,0.100000,0.100000,0.010078,0.000000
1,4,27,100,0.950000,0.770000,0.800000,0.600000,1.350000,0.100000,0.100000,0.100000,0.100000,0.025585,0.000000
1,4,22,100,0.950000,0.770000,0.800000,0.600000,1.100000,0.100000,0.100000,0.100000,0.100000,0.012713,0.000000
1,4,18,100,0.950000,0.770000,0.800000,0.600000,0.900000,0.100000,0.100000,0.100000,0.100000,0.008360,0.000000
1,4,16,100,0.950000,0.770000,0.800000,0.600000,0.800000,0.100000,0.100000,0.100000,0.100000,0.010442,0.000000
1,4,23,100,0.950000,0.770000,0.800000,0.600000,1.150000,0.100000,0.100000,0.100000,0.100000,0.014590,0.000000
1,4,20,100,0.950000,0.770000,0.800000,0.600000,1.000000,0.100000,0.100000,0.100000,0.100000,0.008940,0.000000
1,4,10,100,0.950000,0.770000,0.800000,0.600000,0.500000,0.100000,0.100000,0.100000,0.100000,0.559249,0.000000
1,4,19,100,0.950000,0.770000,0.800000,0.600000,0.950000,0.100000,0.100000,0.100000,0.100000,0.007760,0.000000
1,4,25,100,0.950000,0.770000,0.800000,0.600000,1.250000,0.100000,0.100000,0.100000,0.100000,0.018938,0.000000
1,4,24,100,0.950000,0.770000,0.800000,0.600000,1.200000,0.100000,0.100000,0.100000,0.100000,0.016571,0.000000
1,4,28,100,0.950000,0.770000,0.800000,0.600000,1.400000,0.100000,0.100000,0.100000,0.100000,0.029835,0.000000
1,4,30,100,0.950000,0.770000,0.800000,0.600000,1.500000,0.100000,0.100000,0.100000,0.100000,0.039685,0.000000
1,4,36,100,0.950000,0.770000,0.800000,0.600000,1.800000,0.100000,0.100000,0.100000,0.100000,0.040511,0.000000
1,4,29,100,0.950000,0.770000,0.800000,0.600000,1.450000,0.100000,0.100000,0.100000,0.100000,0.034553,0.000000
1,4,33,100,0.950000,0.770000,0.800000,0.600000,1.650000,0.100000,0.100000,0.100000,0.100000,0.050209,0.000000
1,4,31,100,0.950000,0.770000,0.800000,0.600000,1.550000,0.100000,0.100000,0.100000,0.100000,0.044936,0.000000
1,4,35,100,0.950000,0.770000,0.800000,0.600000,1.750000,0.100000,0.100000,0.100000,0.100000,0.045067,0.000000
1,4,32,100,0.950000,0.770000,0.800000,0.600000,1.600000,0.100000,0.100000,0.100000,0.100000,0.049004,0.000000
1,4,34,100,0.950000,0.770000,0.800000,0.600000,1.700000,0.100000,0.100000,0.100000,0.100000,0.048706,0.000000
1,4,38,100,0.950000,0.770000,0.800000,0.600000,1.900000,0.100000,0.100000,0.100000,0.100000,0.034316,0.000000
1,4,39,100,0.950000,0.770000,0.800000,0.600000,1.950000,0.100000,0.100000,0.100000,0.100000,0.033324,0.000000
1,5,8,100,0.950000,0.770000,0.800000,0.600000,0.400000,0.100000,0.100000,0.100000,0.100000,0.577530,0.000000
1,4,40,100,0.950000,0.770000,0.800000,0.600000,2.000000,0.100000,0.100000,0.100000,0.100000,0.033476,0.000000
1,5,1,100,0.950000,0.770000,0.800000,0.600000,0.050000,0.100000,0.100000,0.100000,0.100000,nan,0.000000
1,5,3,100,0.950000,0.770000,0.800000,0.600000,0.150000,0.100000,0.100000,0.100000,0.100000,0.740647,0.000000
1,4,37,100,0.950000,0.770000,0.800000,0.600000,1.850000,0.100000,0.100000,0.100000,0.100000,0.036703,0.000000
1,5,5,100,0.950000,0.770000,0.800000,0.600000,0.250000,0.100000,0.100000,0.100000,0.100000,0.783119,0.000000
1,5,2,100,0.950000,0.770000,0.800000,0.600000,0.100000,0.100000,0.100000,0.100000,0.100000,nan,0.000000
1,5,9,100,0.950000,0.770000,0.800000,0.600000,0.450000,0.100000,0.100000,0.100000,0.100000,0.564840,0.000000
1,5,4,100,0.950000,0.770000,0.800000,0.600000,0.200000,0.100000,0.100000,0.100000,0.100000,0.739102,0.000000
1,5,7,100,0.950000,0.770000,0.800000,0.600000,0.350000,0.100000,0.100000,0.100000,0.100000,0.717739,0.000000
1,5,13,100,0.950000,0.770000,0.800000,0.600000,0.650000,0.100000,0.100000,0.100000,0.100000,0.490637,0.000000
1,5,10,100,0.950000,0.770000,0.800000,0.600000,0.500000,0.100000,0.100000,0.100000,0.100000,0.544040,0.000000
1,5,6,100,0.950000,0.770000,0.800000,0.600000,0.300000,0.100000,0.100000,0.100000,0.100000,1.113081,0.000000
1,5,12,100,0.950000,0.770000,0.800000,0.600000,0.600000,0.100000,0.100000,0.100000,0.100000,0.567066,0.000000
1,5,17,100,0.950000,0.770000,0.800000,0.600000,0.850000,0.100000,0.100000,0.100000,0.100000,0.485668,0.000000
1,5,14,100,0.950000,0.770000,0.800000,0.600000,0.700000,0.100000,0.100000,0.100000,0.100000,0.485819,0.000000
1,5,19,100,0.950000,0.770000,0.800000,0.600000,0.950000,0.100000,0.100000,0.100000,0.100000,0.491129,0.000000
1,5,18,100,0.950000,0.770000,0.800000,0.600000,0.900000,0.100000,0.100000,0.100000,0.100000,0.488701,0.000000
1,5,27,100,0.950000,0.770000,0.800000,0.600000,1.350000,0.100000,0.100000,0.100000,0.100000,0.482803,0.000000
1,5,21,100,0.950000,0.770000,0.800000,0.600000,1.050000,0.100000,0.100000,0.100000,0.100000,0.491425,0.000000
1,5,15,100,0.950000,0.770000,0.800000,0.600000,0.750000,0.100000,0.100000,0.100000,0.100000,0.486895,0.000000
1,5,11,100,0.950000,0.770000,0.800000,0.600000,0.550000,0.100000,0.100000,0.100000,0.100000,0.547416,0.000000
1,5,26,100,0.950000,0.770000,0.800000,0.600000,1.300000,0.100000,0.100000,0.100000,0.100000,0.483209,0.000000
1,5,16,100,0.950000,0.770000,0.800000,0.600000,0.800000,0.100000,0.100000,0.100000,0.100000,0.484825,0.000000
1,5,24,100,0.950000,0.770000,0.800000,0.600000,1.200000,0.100000,0.100000,0.100000,0.100000,0.485525,0.000000
1,5,20,100,0.950000,0.770000,0.800000,0.600000,1.000000,0.100000,0.100000,0.100000,0.100000,0.491273,0.000000
1,5,30,100,0.950000,0.770000,0.800000,0.600000,1.500000,0.100000,0.100000,0.100000,0.100000,0.482241,0.000000
1,5,23,100,0.950000,0.770000,0.800000,0.600000,1.150000,0.100000,0.100000,0.100000,0.100000,0.487960,0.000000
1,5,25,100,0.950000,0.770000,0.800000,0.600000,1.250000,0.100000,0.100000,0.100000,0.100000,0.483885,0.000000
1,5,22,100,0.950000,0.770000,0.800000,0.600000,1.100000,0.100000,0.100000,0.100000,0.100000,0.491198,0.000000
1,5,31,100,0.950000,0.770000,0.800000,0.600000,1.550000,0.100000,0.100000,0.100000,0.100000,0.481562,0.000000
1,5,34,100,0.950000,0.770000,0.800000,0.600000,1.700000,0.100000,0.100000,0.100000,0.100000,0.484728,0.000000
1,5,29,100,0.950000,0.770000,0.800000,0.600000,1.450000,0.100000,0.100000,0.100000,0.100000,0.482660,0.000000
1,5,28,100,0.950000,0.770000,0.800000,0.600000,1.400000,0.100000,0.100000,0.100000,0.100000,0.482759,0.000000
1,5,33,100,0.950000,0.770000,0.800000,0.600000,1.650000,0.100000,0.100000,0.100000,0.100000,0.481123,0.000000
1,5,35,100,0.950000,0.770000,0.800000,0.600000,1.750000,0.100000,0.100000,0.100000,0.100000,0.469207,0.000000
1,5,32,100,0.950000,0.770000,0.800000,0.600000,1.600000,0.100000,0.100000,0.100000,0.100000,0.480832,0.000000
1,5,36,100,0.950000,0.770000,0.800000,0.600000,1.800000,0.100000,0.100000,0.100000,0.100000,0.436860,0.000000
1,5,39,100,0.950000,0.770000,0.800000,0.600000,1.950000,0.100000,0.100000,0.100000,0.100000,0.399586,0.000000
1,6,1,100,0.950000,0.770000,0.800000,0.600000,0.050000,0.100000,0.100000,0.100000,0.100000,nan,0.000000
1,5,38,100,0.950000,0.770000,0.800000,0.600000,1.900000,0.100000,0.100000,0.100000,0.100000,0.499135,0.000000
1,5,37,100,0.950000,0.770000,0.800000,0.600000,1.850000,0.100000,0.100000,0.100000,0.100000,0.458555,0.000000
1,6,3,100,0.950000,0.770000,0.800000,0.600000,0.150000,0.100000,0.100000,0.100000,0.100000,0.740970,0.000000
1,5,40,100,0.950000,0.770000,0.800000,0.600000,2.000000,0.100000,0.100000,0.100000,0.100000,0.341392,0.000000
1,6,7,100,0.950000,0.770000,0.800000,0.600000,0.350000,0.100000,0.100000,0.100000,0.100000,0.841024,0.000000
1,6,4,100,0.950000,0.770000,0.800000,0.600000,0.200000,0.100000,0.100000,0.100000,0.100000,0.743474,0.000000
1,6,5,100,0.950000,0.770000,0.800000,0.600000,0.250000,0.100000,0.100000,0.100000,0.100000,0.751568,0.000000
1,6,2,100,0.950000,0.770000,0.800000,0.600000,0.100000,0.100000,0.100000,0.100000,0.100000,nan,0.000000
1,6,8,100,0.950000,0.770000,0.800000,0.600000,0.400000,0.100000,0.100000,0.100000,0.100000,0.620001,0.000000
1,6,10,100,0.950000,0.770000,0.800000,0.600000,0.500000,0.100000,0.100000,0.100000,0.100000,0.555736,0.000000
1,6,6,100,0.950000,0.770000,0.800000,0.600000,0.300000,0.100000,0.100000,0.100000,0.100000,1.113986,0.000000
1,6,9,100,0.950000,0.770000,0.800000,0.600000,0.450000,0.100000,0.100000,0.100000,0.100000,0.614785,0.000000
1,6,12,100,0.950000,0.770000,0.800000,0.600000,0.600000,0.100000,0.100000,0.100000,0.100000,0.543847,0.000000
1,6,13,100,0.950000,0.770000,0.800000,0.600000,0.650000,0.100000,0.100000,0.100000,0.100000,0.488186,0.000000
1,6,11,100,0.950000,0.770000,0.800000,0.600000,0.550000,0.100000,0.100000,0.100000,0.100000,0.553461,0.000000
1,6,16,100,0.950000,0.770000,0.800000,0.600000,0.800000,0.100000,0.100000,0.100000,0.100000,0.491201,0.000000
1,6,14,100,0.950000,0.770000,0.800000,0.600000,0.700000,0.100000,0.100000,0.100000,0.100000,0.478201,0.000000
1,6,15,100,0.950000,0.770000,0.800000,0.600000,0.750000,0.100000,0.100000,0.100000,0.100000,0.484383,0.000000
1,6,17,100,0.950000,0.770000,0.800000,0.600000,0.850000,0.100000,0.100000,0.100000,0.100000,0.490487,0.000000
1,6,19,100,0.950000,0.770000,0.800000,0.600000,0.950000,0.100000,0.100000,0.100000,0.100000,0.492263,0.000000
1,6,30,100,0.950000,0.770000,0.800000,0.600000,1.500000,0.100000,0.100000,0.100000,0.100000,0.404713,0.000000
1,6,18,100,0.950000,0.770000,0.800000,0.600000,0.900000,0.100000,0.100000,0.100000,0.100000,0.490988,0.000000
1,6,27,100,0.950000,0.770000,0.800000,0.600000,1.350000,0.100000,0.100000,0.100000,0.100000,0.412167,0.000000
1,6,28,100,0.950000,0.770000,0.800000,0.600000,1.400000,0.100000,0.100000,0.100000,0.100000,0.399227,0.000000
1,6,23,100,0.950000,0.770000,0.800000,0.600000,1.150000,0.100000,0.100000,0.100000,0.100000,0.471441,0.000000
1,6,29,100,0.950000,0.770000,0.800000,0.600000,1.450000,0.100000,0.100000,0.100000,0.100000,0.398905,0.000000
1,6,20,100,0.950000,0.770000,0.800000,0.600000,1.000000,0.100000,0.100000,0.100000,0.100000,0.490017,0.000000
1,6,22,100,0.950000,0.770000,0.800000,0.600000,1.100000,0.100000,0.100000,0.100000,0.100000,0.477257,0.000000
1,6,24,100,0.950000,0.770000,0.800000,0.600000,1.200000,0.100000,0.100000,0.100000,0.100000,0.473075,0.000000
1,6,21,100,0.950000,0.770000,0.800000,0.600000,1.050000,0.100000,0.100000,0.100000,0.100000,0.483110,0.000000
1,6,25,100,0.950000,0.770000,0.800000,0.600000,1.250000,0.100000,0.100000,0.100000,0.100000,0.471648,0.000000
1,6,26,100,0.950000,0.770000,0.800000,0.600000,1.300000,0.100000,0.100000,0.100000,0.100000,0.437637,0.000000
1,6,35,100,0.950000,0.770000,0.800000,0.600000,1.750000,0.100000,0.100000,0.100000,0.100000,0.308099,0.000000
1,6,34,100,0.950000,0.770000,0.800000,0.600000,1.700000,0.100000,0.100000,0.100000,0.100000,0.365530,0.000000
1,6,31,100,0.950000,0.770000,0.800000,0.600000,1.550000,0.100000,0.100000,0.100000,0.100000,0.407988,0.000000
1,6,32,100,0.950000,0.770000,0.800000,0.600000,1.600000,0.100000,0.100000,0.100000,0.100000,0.404613,0.000000
1,6,33,100,0.950000,0.770000,0.800000,0.600000,1.650000,0.100000,0.100000,0.100000,0.100000,0.392276,0.000000
1,7,1,100,0.950000,0.770000,0.800000,0.600000,0.050000,0.100000,0.100000,0.100000,0.100000,nan,0.000000
1,6,37,100,0.950000,0.770000,0.800000,0.600000,1.850000,0.100000,0.100000,0.100000,0.100000,0.040667,0.000000
1,6,39,100,0.950000,0.770000,0.800000,0.600000,1.950000,0.100000,0.100000,0.100000,0.100000,0.013670,0.000000
1,6,36,100,0.950000,0.770000,0.800000,0.600000,1.800000,0.100000,0.100000,0.100000,0.100000,0.183883,0.000000
1,7,6,100,0.950000,0.770000,0.800000,0.600000,0.300000,0.100000,0.100000,0.100000,0.100000,1.114108,0.000000
1,7,4,100,0.950000,0.770000,0.800000,0.600000,0.200000,0.100000,0.100000,0.100000,0.100000,0.747024,0.000000
1,6,38,100,0.950000,0.770000,0.800000,0.600000,1.900000,0.100000,0.100000,0.100000,0.100000,0.018807,0.000000
1,6,40,100,0.950000,0.770000,0.800000,0.600000,2.000000,0.100000,0.100000,0.100000,0.100000,0.011828,0.000000
1,7,2,100,0.950000,0.770000,0.800000,0.600000,0.100000,0.100000,0.100000,0.100000,0.100000,nan,0.000000
1,7,8,100,0.950000,0.770000,0.800000,0.600000,0.400000,0.100000,0.100000,0.100000,0.100000,0.685576,0.000000
1,7,3,100,0.950000,0.770000,0.800000,0.600000,0.150000,0.100000,0.100000,0.100000,0.100000,0.742641,0.000000
1,7,10,100,0.950000,0.770000,0.800000,0.600000,0.500000,0.100000,0.100000,0.100000,0.100000,0.615218,0.000000
1,7,5,100,0.950000,0.770000,0.800000,0.600000,0.250000,0.100000,0.100000,0.100000,0.100000,0.759110,0.000000
1,7,11,100,0.950000,0.770000,0.800000,0.600000,0.550000,0.100000,0.100000,0.100000,0.100000,0.547967,0.000000
1,7,12,100,0.950000,0.770000,0.800000,0.600000,0.600000,0.100000,0.100000,0.100000,0.100000,0.511335,0.000000
1,7,7,100,0.950000,0.770000,0.800000,0.600000,0.350000,0.100000,0.100000,0.100000,0.100000,0.785617,0.000000
1,7,13,100,0.950000,0.770000,0.800000,0.600000,0.650000,0.100000,0.100000,0.100000,0.100000,0.496171,0.000000
1,7,9,100,0.950000,0.770000,0.800000,0.600000,0.450000,0.100000,0.100000,0.100000,0.100000,0.578154,0.000000
1,7,14,100,0.950000,0.770000,0.800000,0.600000,0.700000,0.100000,0.100000,0.100000,0.100000,0.497170,0.000000
1,7,18,100,0.950000,0.770000,0.800000,0.600000,0.900000,0.100000,0.100000,0.100000,0.100000,0.491393,0.000000
1,7,20,100,0.950000,0.770000,0.800000,0.600000,1.000000,0.100000,0.100000,0.100000,0.100000,0.490936,0.000000
1,7,16,100,0.950000,0.770000,0.800000,0.600000,0.800000,0.100000,0.100000,0.100000,0.100000,0.484804,0.000000
1,7,17,100,0.950000,0.770000,0.800000,0.600000,0.850000,0.100000,0.100000,0.100000,0.100000,0.482482,0.000000
1,7,15,100,0.950000,0.770000,0.800000,0.600000,0.750000,0.100000,0.100000,0.100000,0.100000,0.492167,0.000000
1,7,23,100,0.950000,0.770000,0.800000,0.600000,1.150000,0.100000,0.100000,0.100000,0.100000,0.487883,0.000000
1,7,26,100,0.950000,0.770000,0.800000,0.600000,1.300000,0.100000,0.100000,0.100000,0.100000,0.487688,0.000000
1,7,22,100,0.950000,0.770000,0.800000,0.600000,1.100000,0.100000,0.100000,0.100000,0.100000,0.488229,0.000000
1,7,19,100,0.950000,0.770000,0.800000,0.600000,0.950000,0.100000,0.100000,0.100000,0.100000,0.492965,0.000000
1,7,21,100,0.950000,0.770000,0.800000,0.600000,1.050000,0.100000,0.100000,0.100000,0.100000,0.489093,0.000000
1,7,24,100,0.950000,0.770000,0.800000,0.600000,1.200000,0.100000,0.100000,0.100000,0.100000,0.487959,0.000000
1,7,27,100,0.950000,0.770000,0.800000,0.600000,1.350000,0.100000,0.100000,0.100000,0.100000,0.486788,0.000000
1,7,28,100,0.950000,0.770000,0.800000,0.600000,1.400000,0.100000,0.100000,0.100000,0.100000,0.485733,0.000000
1,7,29,100,0.950000,0.770000,0.800000,0.600000,1.450000,0.100000,0.100000,0.100000,0.100000,0.484874,0.000000
1,7,32,100,0.950000,0.770000,0.800000,0.600000,1.600000,0.100000,0.100000,0.100000,0.100000,0.482292,0.000000
1,7,25,100,0.950000,0.770000,0.800000,0.600000,1.250000,0.100000,0.100000,0.100000,0.100000,0.488055,0.000000
1,7,31,100,0.950000,0.770000,0.800000,0.600000,1.550000,0.100000,0.100000,0.100000,0.100000,0.483330,0.000000
1,7,30,100,0.950000,0.770000,0.800000,0.600000,1.500000,0.100000,0.100000,0.100000,0.100000,0.484151,0.000000
1,7,33,100,0.950000,0.770000,0.800000,0.600000,1.650000,0.100000,0.100000,0.100000,0.100000,0.481089,0.000000
1,7,36,100,0.950000,0.770000,0.800000,0.600000,1.800000,0.100000,0.100000,0.100000,0.100000,0.478040,0.000000
1,7,34,100,0.950000,0.770000,0.800000,0.600000,1.700000,0.100000,0.100000,0.100000,0.100000,0.479900,0.000000
1,8,1,100,0.950000,0.770000,0.800000,0.600000,0.050000,0.100000,0.100000,0.100000,0.100000,nan,0.000000
1,7,38,100,0.950000,0.770000,0.800000,0.600000,1.900000,0.100000,0.100000,0.100000,0.100000,0.476443,0.000000
1,7,39,100,0.950000,0.770000,0.800000,0.600000,1.950000,0.100000,0.100000,0.100000,0.100000,0.475794,0.000000
1,7,35,100,0.950000,0.770000,0.800000,0.600000,1.750000,0.100000,0.100000,0.100000,0.100000,0.478889,0.000000
1,7,37,100,0.950000,0.770000,0.800000,0.600000,1.850000,0.100000,0.100000,0.100000,0.100000,0.477231,0.000000
1,7,40,100,0.950000,0.770000,0.800000,0.600000,2.000000,0.100000,0.100000,0.100000,0.100000,0.475432,0.000000
1,8,3,100,0.950000,0.770000,0.800000,0.600000,0.150000,0.100000,0.100000,0.100000,0.100000,0.740343,0.000000
1,8,6,100,0.950000,0.770000,0.800000,0.600000,0.300000,0.100000,0.100000,0.100000,0.100000,1.113846,0.000000
1,8,2,100,0.950000,0.770000,0.800000,0.600000,0.100000,0.100000,0.100000,0.100000,0.100000,nan,0.000000
1,8,9,100,0.950000,0.770000,0.800000,0.600000,0.450000,0.100000,0.100000,0.100000,0.100000,1.043857,0.000000
1,8,8,100,0.950000,0.770000,0.800000,0.600000,0.400000,0.100000,0.100000,0.100000,0.100000,1.053243,0.000000
1,8,5,100,0.950000,0.770000,0.800000,0.600000,0.250000,0.100000,0.100000,0.100000,0.100000,0.757936,0.000000
1,8,4,100,0.950000,0.770000,0.800000,0.600000,0.200000,0.100000,0.100000,0.100000,0.100000,0.740880,0.000000
1,8,10,100,0.950000,0.770000,0.800000,0.600000,0.500000,0.100000,0.100000,0.100000,0.100000,0.492983,0.000000
1,8,11,100,0.950000,0.770000,0.800000,0.600000,0.550000,0.100000,0.100000,0.100000,0.100000,0.493760,0.000000
1,8,12,100,0.950000,0.770000,0.800000,0.600000,0.600000,0.100000,0.100000,0.100000,0.100000,0.494629,0.000000
1,8,7,100,0.950000,0.770000,0.800000,0.600000,0.350000,0.100000,0.100000,0.100000,0.100000,0.838387,0.000000
1,8,13,100,0.950000,0.770000,0.800000,0.600000,0.650000,0.100000,0.100000,0.100000,0.100000,0.493856,0.000000
1,8,14,100,0.950000,0.770000,0.800000,0.600000,0.700000,0.100000,0.100000,0.100000,0.100000,0.493525,0.000000
1,8,15,100,0.950000,0.770000,0.800000,0.600000,0.750000,0.100000,0.100000,0.100000,0.100000,0.493870,0.000000
1,8,23,100,0.950000,0.770000,0.800000,0.600000,1.150000,0.100000,0.100000,0.100000,0.100000,0.493797,0.000000
1,8,20,100,0.950000,0.770000,0.800000,0.600000,1.000000,0.100000,0.100000,0.100000,0.100000,0.493637,0.000000
1,8,16,100,0.950000,0.770000,0.800000,0.600000,0.800000,0.100000,0.100000,0.100000,0.100000,0.493776,0.000000
1,8,21,100,0.950000,0.770000,0.800000,0.600000,1.050000,0.100000,0.100000,0.100000,0.100000,0.493708,0.000000
1,8,18,100,0.950000,0.770000,0.800000,0.600000,0.900000,0.100000,0.100000,0.100000,0.100000,0.493528,0.000000
1,8,19,100,0.950000,0.770000,0.800000,0.600000,0.950000,0.100000,0.100000,0.100000,0.100000,0.493547,0.000000
1,8,17,100,0.950000,0.770000,0.800000,0.600000,0.850000,0.100000,0.100000,0.100000,0.100000,0.493629,0.000000
1,8,32,100,0.950000,0.770000,0.800000,0.600000,1.600000,0.100000,0.100000,0.100000,0.100000,0.492226,0.000000
1,8,34,100,0.950000,0.770000,0.800000,0.600000,1.700000,0.100000,0.100000,0.100000,0.100000,0.490458,0.000000
1,8,22,100,0.950000,0.770000,0.800000,0.600000,1.100000,0.100000,0.100000,0.100000,0.100000,0.493745,0.000000
1,8,26,100,0.950000,0.770000,0.800000,0.600000,1.300000,0.100000,0.100000,0.100000,0.100000,0.494085,0.000000
1,8,25,100,0.950000,0.770000,0.800000,0.600000,1.250000,0.100000,0.100000,0.100000,0.100000,0.494009,0.000000
1,8,33,100,0.950000,0.770000,0.800000,0.600000,1.650000,0.100000,0.100000,0.100000,0.100000,0.491417,0.000000
1,8,39,100,0.950000,0.770000,0.800000,0.600000,1.950000,0.100000,0.100000,0.100000,0.100000,0.485096,0.000000
1,8,24,100,0.950000,0.770000,0.800000,0.600000,1.200000,0.100000,0.100000,0.100000,0.100000,0.493895,0.000000
1,8,28,100,0.950000,0.770000,0.800000,0.600000,1.400000,0.100000,0.100000,0.100000,0.100000,0.493982,0.000000
1,8,30,100,0.950000,0.770000,0.800000,0.600000,1.500000,0.100000,0.100000,0.100000,0.100000,0.493398,0.000000
1,8,27,100,0.950000,0.770000,0.800000,0.600000,1.350000,0.100000,0.100000,0.100000,0.100000,0.494084,0.000000
1,8,29,100,0.950000,0.770000,0.800000,0.600000,1.450000,0.100000,0.100000,0.100000,0.100000,0.493760,0.000000
1,8,31,100,0.950000,0.770000,0.800000,0.600000,1.550000,0.100000,0.100000,0.100000,0.100000,0.492886,0.000000
1,9,1,100,0.950000,0.770000,0.800000,0.600000,0.050000,0.100000,0.100000,0.100000,0.100000,nan,0.000000
1,8,35,100,0.950000,0.770000,0.800000,0.600000,1.750000,0.100000,0.100000,0.100000,0.100000,0.489364,0.000000
1,8,37,100,0.950000,0.770000,0.800000,0.600000,1.850000,0.100000,0.100000,0.100000,0.100000,0.487022,0.000000
1,8,36,100,0.950000,0.770000,0.800000,0.600000,1.800000,0.100000,0.100000,0.100000,0.100000,0.488188,0.000000
1,8,38,100,0.950000,0.770000,0.800000,0.600000,1.900000,0.100000,0.100000,0.100000,0.100000,0.485965,0.000000
1,9,7,100,0.950000,0.770000,0.800000,0.600000,0.350000,0.100000,0.100000,0.100000,0.100000,0.899762,0.000000
1,8,40,100,0.950000,0.770000,0.800000,0.600000,2.000000,0.100000,0.100000,0.100000,0.100000,0.484451,0.000000
1,9,2,100,0.950000,0.770000,0.800000,0.600000,0.100000,0.100000,0.100000,0.100000,0.100000,nan,0.000000
1,9,4,100,0.950000,0.770000,0.800000,0.600000,0.200000,0.100000,0.100000,0.100000,0.100000,0.755172,0.000000
1,9,6,100,0.950000,0.770000,0.800000,0.600000,0.300000,0.100000,0.100000,0.100000,0.100000,1.114801,0.000000
1,9,11,100,0.950000,0.770000,0.800000,0.600000,0.550000,0.100000,0.100000,0.100000,0.100000,0.501292,0.000000
1,9,3,100,0.950000,0.770000,0.800000,0.600000,0.150000,0.100000,0.100000,0.100000,0.100000,0.738831,0.000000
1,9,5,100,0.950000,0.770000,0.800000,0.600000,0.250000,0.100000,0.100000,0.100000,0.100000,0.768588,0.000000
1,9,10,100,0.950000,0.770000,0.800000,0.600000,0.500000,0.100000,0.100000,0.100000,0.100000,0.588050,0.000000
1,9,9,100,0.950000,0.770000,0.800000,0.600000,0.450000,0.100000,0.100000,0.100000,0.100000,0.574247,0.000000
1,9,8,100,0.950000,0.770000,0.800000,0.600000,0.400000,0.100000,0.100000,0.100000,0.100000,0.689991,0.000000
1,9,12,100,0.950000,0.770000,0.800000,0.600000,0.600000,0.100000,0.100000,0.100000,0.100000,0.012528,0.000000
1,9,15,100,0.950000,0.770000,0.800000,0.600000,0.750000,0.100000,0.100000,0.100000,0.100000,0.006390,0.000000
1,9,16,100,0.950000,0.770000,0.800000,0.600000,0.800000,0.100000,0.100000,0.100000,0.100000,0.006765,0.000000
1,9,14,100,0.950000,0.770000,0.800000,0.600000,0.700000,0.100000,0.100000,0.100000,0.100000,0.006040,0.000000
1,9,21,100,0.950000,0.770000,0.800000,0.600000,1.050000,0.100000,0.100000,0.100000,0.100000,0.013891,0.000000
1,9,13,100,0.950000,0.770000,0.800000,0.600000,0.650000,0.100000,0.100000,0.100000,0.100000,0.006142,0.000000
1,9,17,100,0.950000,0.770000,0.800000,0.600000,0.850000,0.100000,0.100000,0.100000,0.100000,0.007781,0.000000
1,9,23,100,0.950000,0.770000,0.800000,0.600000,1.150000,0.100000,0.100000,0.100000,0.100000,0.015376,0.000000
1,9,20,100,0.950000,0.770000,0.800000,0.600000,1.000000,0.100000,0.100000,0.100000,0.100000,0.012844,0.000000
1,9,19,100,0.950000,0.770000,0.800000,0.600000,0.950000,0.100000,0.100000,0.100000,0.100000,0.011321,0.000000
1,9,18,100,0.950000,0.770000,0.800000,0.600000,0.900000,0.100000,0.100000,0.100000,0.100000,0.009424,0.000000
1,9,24,100,0.950000,0.770000,0.800000,0.600000,1.200000,0.100000,0.100000,0.100000,0.100000,0.015837,0.000000
1,9,32,100,0.950000,0.770000,0.800000,0.600000,1.600000,0.100000,0.100000,0.100000,0.100000,0.028783,0.000000
1,9,27,100,0.950000,0.770000,0.800000,0.600000,1.350000,0.100000,0.100000,0.100000,0.100000,0.018484,0.000000
1,9,30,100,0.950000,0.770000,0.800000,0.600000,1.500000,0.100000,0.100000,0.100000,0.100000,0.022974,0.000000
1,9,25,100,0.950000,0.770000,0.800000,0.600000,1.250000,0.100000,0.100000,0.100000,0.100000,0.017044,0.000000
1,9,22,100,0.950000,0.770000,0.800000,0.600000,1.100000,0.100000,0.100000,0.100000,0.100000,0.014750,0.000000
1,9,26,100,0.950000,0.770000,0.800000,0.600000,1.300000,0.100000,0.100000,0.100000,0.100000,0.018822,0.000000
1,9,28,100,0.950000,0.770000,0.800000,0.600000,1.400000,0.100000,0.100000,0.100000,0.100000,0.018210,0.000000
1,9,33,100,0.950000,0.770000,0.800000,0.600000,1.650000,0.100000,0.100000,0.100000,0.100000,0.032436,0.000000
1,9,31,100,0.950000,0.770000,0.800000,0.600000,1.550000,0.100000,0.100000,0.100000,0.100000,0.025617,0.000000
1,9,40,100,0.950000,0.770000,0.800000,0.600000,2.000000,0.100000,0.100000,0.100000,0.100000,0.059588,0.000000
1,9,29,100,0.950000,0.770000,0.800000,0.600000,1.450000,0.100000,0.100000,0.100000,0.100000,0.020365,0.000000
1,9,34,100,0.950000,0.770000,0.800000,0.600000,1.700000,0.100000,0.100000,0.100000,0.100000,0.036251,0.000000
1,9,35,100,0.950000,0.770000,0.800000,0.600000,1.750000,0.100000,0.100000,0.100000,0.100000,0.039714,0.000000
1,9,36,100,0.950000,0.770000,0.800000,0.600000,1.800000,0.100000,0.100000,0.100000,0.100000,0.043022,0.000000
1,9,39,100,0.950000,0.770000,0.800000,0.600000,1.950000,0.100000,0.100000,0.100000,0.100000,0.055409,0.000000
1,9,38,100,0.950000,0.770000,0.800000,0.600000,1.900000,0.100000,0.100000,0.100000,0.100000,0.051135,0.000000
1,10,1,100,0.950000,0.770000,0.800000,0.600000,0.050000,0.100000,0.100000,0.100000,0.100000,nan,0.000000
1,9,37,100,0.950000,0.770000,0.800000,0.600000,1.850000,0.100000,0.100000,0.100000,0.100000,0.046820,0.000000
1,10,3,100,0.950000,0.770000,0.800000,0.600000,0.150000,0.100000,0.100000,0.100000,0.100000,0.739609,0.000000
1,10,4,100,0.950000,0.770000,0.800000,0.600000,0.200000,0.100000,0.100000,0.100000,0.100000,0.741655,0.000000
1,10,2,100,0.950000,0.770000,0.800000,0.600000,0.100000,0.100000,0.100000,0.100000,0.100000,nan,0.000000
1,10,5,100,0.950000,0.770000,0.800000,0.600000,0.250000,0.100000,0.100000,0.100000,0.100000,0.760808,0.000000
1,10,7,100,0.950000,0.770000,0.800000,0.600000,0.350000,0.100000,0.100000,0.100000,0.100000,0.892512,0.000000
1,10,9,100,0.950000,0.770000,0.800000,0.600000,0.450000,0.100000,0.100000,0.100000,0.100000,0.553121,0.000000
1,10,8,100,0.950000,0.770000,0.800000,0.600000,0.400000,0.100000,0.100000,0.100000,0.100000,0.608298,0.000000
1,10,11,100,0.950000,0.770000,0.800000,0.600000,0.550000,0.100000,0.100000,0.100000,0.100000,0.585474,0.000000
1,10,16,100,0.950000,0.770000,0.800000,0.600000,0.800000,0.100000,0.100000,0.100000,0.100000,0.487937,0.000000
1,10,12,100,0.950000,0.770000,0.800000,0.600000,0.600000,0.100000,0.100000,0.100000,0.100000,0.501074,0.000000
1,10,6,100,0.950000,0.770000,0.800000,0.600000,0.300000,0.100000,0.100000,0.100000,0.100000,1.113022,0.000000
1,10,10,100,0.950000,0.770000,0.800000,0.600000,0.500000,0.100000,0.100000,0.100000,0.100000,0.580497,0.000000
1,10,19,100,0.950000,0.770000,0.800000,0.600000,0.950000,0.100000,0.100000,0.100000,0.100000,0.480179,0.000000
1,10,18,100,0.950000,0.770000,0.800000,0.600000,0.900000,0.100000,0.100000,0.100000,0.100000,0.483810,0.000000
1,10,13,100,0.950000,0.770000,0.800000,0.600000,0.650000,0.100000,0.100000,0.100000,0.100000,0.493692,0.000000
1,10,14,100,0.950000,0.770000,0.800000,0.600000,0.700000,0.100000,0.100000,0.100000,0.100000,0.493479,0.000000
1,10,17,100,0.950000,0.770000,0.800000,0.600000,0.850000,0.100000,0.100000,0.100000,0.100000,0.486661,0.000000
1,10,15,100,0.950000,0.770000,0.800000,0.600000,0.750000,0.100000,0.100000,0.100000,0.100000,0.490693,0.000000
1,10,23,100,0.950000,0.770000,0.800000,0.600000,1.150000,0.100000,0.100000,0.100000,0.100000,0.482811,0.000000
1,10,25,100,0.950000,0.770000,0.800000,0.600000,1.250000,0.100000,0.100000,0.100000,0.100000,0.486057,0.000000
1,10,27,100,0.950000,0.770000,0.800000,0.600000,1.350000,0.100000,0.100000,0.100000,0.100000,0.487107,0.000000
1,10,28,100,0.950000,0.770000,0.800000,0.600000,1.400000,0.100000,0.100000,0.100000,0.100000,0.487394,0.000000
1,10,21,100,0.950000,0.770000,0.800000,0.600000,1.050000,0.100000,0.100000,0.100000,0.100000,0.480862,0.000000
1,10,20,100,0.950000,0.770000,0.800000,0.600000,1.000000,0.100000,0.100000,0.100000,0.100000,0.481842,0.000000
1,10,22,100,0.950000,0.770000,0.800000,0.600000,1.100000,0.100000,0.100000,0.100000,0.100000,0.480566,0.000000
1,10,24,100,0.950000,0.770000,0.800000,0.600000,1.200000,0.100000,0.100000,0.100000,0.100000,0.485055,0.000000
1,10,32,100,0.950000,0.770000,0.800000,0.600000,1.600000,0.100000,0.100000,0.100000,0.100000,0.484951,0.000000
1,10,30,100,0.950000,0.770000,0.800000,0.600000,1.500000,0.100000,0.100000,0.100000,0.100000,0.486277,0.000000
1,10,36,100,0.950000,0.770000,0.800000,0.600000,1.800000,0.100000,0.100000,0.100000,0.100000,0.480282,0.000000
1,10,26,100,0.950000,0.770000,0.800000,0.600000,1.300000,0.100000,0.100000,0.100000,0.100000,0.486527,0.000000
1,10,31,100,0.950000,0.770000,0.800000,0.600000,1.550000,0.100000,0.100000,0.100000,0.100000,0.485571,0.000000
1,10,29,100,0.950000,0.770000,0.800000,0.600000,1.450000,0.100000,0.100000,0.100000,0.100000,0.487026,0.000000
1,10,33,100,0.950000,0.770000,0.800000,0.600000,1.650000,0.100000,0.100000,0.100000,0.100000,0.484202,0.000000
1,10,34,100,0.950000,0.770000,0.800000,0.600000,1.700000,0.100000,0.100000,0.100000,0.100000,0.483097,0.000000
1,11,4,100,0.950000,0.770000,0.800000,0.600000,0.200000,0.100000,0.100000,0.100000,0.100000,0.745277,0.000000
1,10,37,100,0.950000,0.770000,0.800000,0.600000,1.850000,0.100000,0.100000,0.100000,0.100000,0.479370,0.000000
1,11,1,100,0.950000,0.770000,0.800000,0.600000,0.050000,0.100000,0.100000,0.100000,0.100000,nan,0.000000
1,10,35,100,0.950000,0.770000,0.800000,0.600000,1.750000,0.100000,0.100000,0.100000,0.100000,0.481661,0.000000
1,10,39,100,0.950000,0.770000,0.800000,0.600000,1.950000,0.100000,0.100000,0.100000,0.100000,0.478327,0.000000
1,10,40,100,0.950000,0.770000,0.800000,0.600000,2.000000,0.100000,0.100000,0.100000,0.100000,0.477495,0.000000
1,11,3,100,0.950000,0.770000,0.800000,0.600000,0.150000,0.100000,0.100000,0.100000,0.100000,0.739996,0.000000
1,11,2,100,0.950000,0.770000,0.800000,0.600000,0.100000,0.100000,0.100000,0.100000,0.100000,nan,0.000000
1,10,38,100,0.950000,0.770000,0.800000,0.600000,1.900000,0.100000,0.100000,0.100000,0.100000,0.478867,0.000000
1,11,5,100,0.950000,0.770000,0.800000,0.600000,0.250000,0.100000,0.100000,0.100000,0.100000,0.750111,0.000000
1,11,12,100,0.950000,0.770000,0.800000,0.600000,0.600000,0.100000,0.100000,0.100000,0.100000,0.472271,0.000000
1,11,6,100,0.950000,0.770000,0.800000,0.600000,0.300000,0.100000,0.100000,0.100000,0.100000,1.114108,0.000000
1,11,8,100,0.950000,0.770000,0.800000,0.600000,0.400000,0.100000,0.100000,0.100000,0.100000,0.622403,0.000000
1,11,11,100,0.950000,0.770000,0.800000,0.600000,0.550000,0.100000,0.100000,0.100000,0.100000,0.621054,0.000000
1,11,9,100,0.950000,0.770000,0.800000,0.600000,0.450000,0.100000,0.100000,0.100000,0.100000,0.579481,0.000000
1,11,7,100,0.950000,0.770000,0.800000,0.600000,0.350000,0.100000,0.100000,0.100000,0.100000,0.804293,0.000000
1,11,10,100,0.950000,0.770000,0.800000,0.600000,0.500000,0.100000,0.100000,0.100000,0.100000,0.587996,0.000000
1,11,13,100,0.950000,0.770000,0.800000,0.600000,0.650000,0.100000,0.100000,0.100000,0.100000,0.494430,0.000000
1,11,16,100,0.950000,0.770000,0.800000,0.600000,0.800000,0.100000,0.100000,0.100000,0.100000,0.490993,0.000000
1,11,18,100,0.950000,0.770000,0.800000,0.600000,0.900000,0.100000,0.100000,0.100000,0.100000,0.492873,0.000000
1,11,22,100,0.950000,0.770000,0.800000,0.600000,1.100000,0.100000,0.100000,0.100000,0.100000,0.482784,0.000000
1,11,14,100,0.950000,0.770000,0.800000,0.600000,0.700000,0.100000,0.100000,0.100000,0.100000,0.492747,0.000000
1,11,19,100,0.950000,0.770000,0.800000,0.600000,0.950000,0.100000,0.100000,0.100000,0.100000,0.491168,0.000000
1,11,24,100,0.950000,0.770000,0.800000,0.600000,1.200000,0.100000,0.100000,0.100000,0.100000,0.469367,0.000000
1,11,17,100,0.950000,0.770000,0.800000,0.600000,0.850000,0.100000,0.100000,0.100000,0.100000,0.492872,0.000000
1,11,20,100,0.950000,0.770000,0.800000,0.600000,1.000000,0.100000,0.100000,0.100000,0.100000,0.489507,0.000000
1,11,25,100,0.950000,0.770000,0.800000,0.600000,1.250000,0.100000,0.100000,0.100000,0.100000,0.463205,0.000000
1,11,21,100,0.950000,0.770000,0.800000,0.600000,1.050000,0.100000,0.100000,0.100000,0.100000,0.487395,0.000000
1,11,15,100,0.950000,0.770000,0.800000,0.600000,0.750000,0.100000,0.100000,0.100000,0.100000,0.490620,0.000000
1,11,27,100,0.950000,0.770000,0.800000,0.600000,1.350000,0.100000,0.100000,0.100000,0.100000,0.454345,0.000000
1,11,28,100,0.950000,0.770000,0.800000,0.600000,1.400000,0.100000,0.100000,0.100000,0.100000,0.451218,0.000000
1,11,35,100,0.950000,0.770000,0.800000,0.600000,1.750000,0.100000,0.100000,0.100000,0.100000,0.413565,0.000000
1,11,36,100,0.950000,0.770000,0.800000,0.600000,1.800000,0.100000,0.100000,0.100000,0.100000,0.405306,0.000000
1,11,23,100,0.950000,0.770000,0.800000,0.600000,1.150000,0.100000,0.100000,0.100000,0.100000,0.476260,0.000000
1,11,26,100,0.950000,0.770000,0.800000,0.600000,1.300000,0.100000,0.100000,0.100000,0.100000,0.458222,0.000000
1,11,30,100,0.950000,0.770000,0.800000,0.600000,1.500000,0.100000,0.100000,0.100000,0.100000,0.443714,0.000000
1,11,29,100,0.950000,0.770000,0.800000,0.600000,1.450000,0.100000,0.100000,0.100000,0.100000,0.447892,0.000000
1,11,31,100,0.950000,0.770000,0.800000,0.600000,1.550000,0.100000,0.100000,0.100000,0.100000,0.438772,0.000000
1,11,32,100,0.950000,0.770000,0.800000,0.600000,1.600000,0.100000,0.100000,0.100000,0.100000,0.433238,0.000000
1,11,33,100,0.950000,0.770000,0.800000,0.600000,1.650000,0.100000,0.100000,0.100000,0.100000,0.427937,0.000000
1,11,34,100,0.950000,0.770000,0.800000,0.600000,1.700000,0.100000,0.100000,0.100000,0.100000,0.422733,0.000000
1,11,40,100,0.950000,0.770000,0.800000,0.600000,2.000000,0.100000,0.100000,0.100000,0.100000,0.384838,0.000000
1,11,38,100,0.950000,0.770000,0.800000,0.600000,1.900000,0.100000,0.100000,0.100000,0.100000,0.395243,0.000000
1,11,39,100,0.950000,0.770000,0.800000,0.600000,1.950000,0.100000,0.100000,0.100000,0.100000,0.390309,0.000000
1,12,2,100,0.950000,0.770000,0.800000,0.600000,0.100000,0.100000,0.100000,0.100000,0.100000,nan,0.000000
1,11,37,100,0.950000,0.770000,0.800000,0.600000,1.850000,0.100000,0.100000,0.100000,0.100000,0.399486,0.000000
1,12,7,100,0.950000,0.770000,0.800000,0.600000,0.350000,0.100000,0.100000,0.100000,0.100000,0.808749,0.000000
1,12,6,100,0.950000,0.770000,0.800000,0.600000,0.300000,0.100000,0.100000,0.100000,0.100000,1.114210,0.000000
1,12,1,100,0.950000,0.770000,0.800000,0.600000,0.050000,0.100000,0.100000,0.100000,0.100000,nan,0.000000
1,12,3,100,0.950000,0.770000,0.800000,0.600000,0.150000,0.100000,0.100000,0.100000,0.100000,0.738054,0.000000
1,12,4,100,0.950000,0.770000,0.800000,0.600000,0.200000,0.100000,0.100000,0.100000,0.100000,0.753549,0.000000
1,12,5,100,0.950000,0.770000,0.800000,0.600000,0.250000,0.100000,0.100000,0.100000,0.100000,0.777034,0.000000
1,12,9,100,0.950000,0.770000,0.800000,0.600000,0.450000,0.100000,0.100000,0.100000,0.100000,0.554337,0.000000
1,12,15,100,0.950000,0.770000,0.800000,0.600000,0.750000,0.100000,0.100000,0.100000,0.100000,0.489868,0.000000
1,12,8,100,0.950000,0.770000,0.800000,0.600000,0.400000,0.100000,0.100000,0.100000,0.100000,0.610741,0.000000
1,12,10,100,0.950000,0.770000,0.800000,0.600000,0.500000,0.100000,0.100000,0.100000,0.100000,0.552597,0.000000
1,12,11,100,0.950000,0.770000,0.800000,0.600000,0.550000,0.100000,0.100000,0.100000,0.100000,0.630108,0.000000
1,12,13,100,0.950000,0.770000,0.800000,0.600000,0.650000,0.100000,0.100000,0.100000,0.100000,0.491121,0.000000
1,12,12,100,0.950000,0.770000,0.800000,0.600000,0.600000,0.100000,0.100000,0.100000,0.100000,0.501656,0.000000
1,12,14,100,0.950000,0.770000,0.800000,0.600000,0.700000,0.100000,0.100000,0.100000,0.100000,0.491624,0.000000
1,12,18,100,0.950000,0.770000,0.800000,0.600000,0.900000,0.100000,0.100000,0.100000,0.100000,0.483386,0.000000
1,12,16,100,0.950000,0.770000,0.800000,0.600000,0.800000,0.100000,0.100000,0.100000,0.100000,0.488584,0.000000
1,12,19,100,0.950000,0.770000,0.800000,0.600000,0.950000,0.100000,0.100000,0.100000,0.100000,0.465477,0.000000
1,12,20,100,0.950000,0.770000,0.800000,0.600000,1.000000,0.100000,0.100000,0.100000,0.100000,0.426764,0.000000
1,12,22,100,0.950000,0.770000,0.800000,0.600000,1.100000,0.100000,0.100000,0.100000,0.100000,0.377448,0.000000
1,12,17,100,0.950000,0.770000,0.800000,0.600000,0.850000,0.100000,0.100000,0.100000,0.100000,0.488615,0.000000
1,12,25,100,0.950000,0.770000,0.800000,0.600000,1.250000,0.100000,0.100000,0.100000,0.100000,0.452186,0.000000
1,12,24,100,0.950000,0.770000,0.800000,0.600000,1.200000,0.100000,0.100000,0.100000,0.100000,0.432015,0.000000
1,12,26,100,0.950000,0.770000,0.800000,0.600000,1.300000,0.100000,0.100000,0.100000,0.100000,0.464056,0.000000
1,12,21,100,0.950000,0.770000,0.800000,0.600000,1.050000,0.100000,0.100000,0.100000,0.100000,0.385176,0.000000
1,12,27,100,0.950000,0.770000,0.800000,0.600000,1.350000,0.100000,0.100000,0.100000,0.100000,0.470830,0.000000
1,12,23,100,0.950000,0.770000,0.800000,0.600000,1.150000,0.100000,0.100000,0.100000,0.100000,0.402626,0.000000
1,12,32,100,0.950000,0.770000,0.800000,0.600000,1.600000,0.100000,0.100000,0.100000,0.100000,0.486373,0.000000
1,12,29,100,0.950000,0.770000,0.800000,0.600000,1.450000,0.100000,0.100000,0.100000,0.100000,0.485884,0.000000
1,12,28,100,0.950000,0.770000,0.800000,0.600000,1.400000,0.100000,0.100000,0.100000,0.100000,0.475754,0.000000
1,12,37,100,0.950000,0.770000,0.800000,0.600000,1.850000,0.100000,0.100000,0.100000,0.100000,0.194168,0.000000
1,12,30,100,0.950000,0.770000,0.800000,0.600000,1.500000,0.100000,0.100000,0.100000,0.100000,0.500289,0.000000
1,12,31,100,0.950000,0.770000,0.800000,0.600000,1.550000,0.100000,0.100000,0.100000,0.100000,0.501607,0.000000
1,12,36,100,0.950000,0.770000,0.800000,0.600000,1.800000,0.100000,0.100000,0.100000,0.100000,0.245773,0.000000
1,12,33,100,0.950000,0.770000,0.800000,0.600000,1.650000,0.100000,0.100000,0.100000,0.100000,0.455081,0.000000
1,12,35,100,0.950000,0.770000,0.800000,0.600000,1.750000,0.100000,0.100000,0.100000,0.100000,0.328746,0.000000
1,12,39,100,0.950000,0.770000,0.800000,0.600000,1.950000,0.100000,0.100000,0.100000,0.100000,0.159982,0.000000
1,12,34,100,0.950000,0.770000,0.800000,0.600000,1.700000,0.100000,0.100000,0.100000,0.100000,0.404159,0.000000
1,12,40,100,0.950000,0.770000,0.800000,0.600000,2.000000,0.100000,0.100000,0.100000,0.100000,0.148703,0.000000
1,13,1,100,0.950000,0.770000,0.800000,0.600000,0.050000,0.100000,0.100000,0.100000,0.100000,nan,0.000000
1,12,38,100,0.950000,0.770000,0.800000,0.600000,1.900000,0.100000,0.100000,0.100000,0.100000,0.171165,0.000000
1,13,2,100,0.950000,0.770000,0.800000,0.600000,0.100000,0.100000,0.100000,0.100000,0.100000,nan,0.000000
1,13,3,100,0.950000,0.770000,0.800000,0.600000,0.150000,0.100000,0.100000,0.100000,0.100000,0.742146,0.000000
1,13,4,100,0.950000,0.770000,0.800000,0.600000,0.200000,0.100000,0.100000,0.100000,0.100000,0.742505,0.000000
1,13,10,100,0.950000,0.770000,0.800000,0.600000,0.500000,0.100000,0.100000,0.100000,0.100000,0.529200,0.000000
1,13,7,100,0.950000,0.770000,0.800000,0.600000,0.350000,0.100000,0.100000,0.100000,0.100000,0.870635,0.000000
1,13,5,100,0.950000,0.770000,0.800000,0.600000,0.250000,0.100000,0.100000,0.100000,0.100000,0.757382,0.000000
1,13,8,100,0.950000,0.770000,0.800000,0.600000,0.400000,0.100000,0.100000,0.100000,0.100000,0.698607,0.000000
1,13,9,100,0.950000,0.770000,0.800000,0.600000,0.450000,0.100000,0.100000,0.100000,0.100000,0.734326,0.000000
1,13,6,100,0.950000,0.770000,0.800000,0.600000,0.300000,0.100000,0.100000,0.100000,0.100000,1.114801,0.000000
1,13,16,100,0.950000,0.770000,0.800000,0.600000,0.800000,0.100000,0.100000,0.100000,0.100000,0.012763,0.000000
1,13,15,100,0.950000,0.770000,0.800000,0.600000,0.750000,0.100000,0.100000,0.100000,0.100000,0.012321,0.000000
1,13,17,100,0.950000,0.770000,0.800000,0.600000,0.850000,0.100000,0.100000,0.100000,0.100000,0.012862,0.000000
1,13,12,100,0.950000,0.770000,0.800000,0.600000,0.600000,0.100000,0.100000,0.100000,0.100000,0.010700,0.000000
1,13,13,100,0.950000,0.770000,0.800000,0.600000,0.650000,0.100000,0.100000,0.100000,0.100000,0.011421,0.000000
1,13,14,100,0.950000,0.770000,0.800000,0.600000,0.700000,0.100000,0.100000,0.100000,0.100000,0.011960,0.000000
1,13,21,100,0.950000,0.770000,0.800000,0.600000,1.050000,0.100000,0.100000,0.100000,0.100000,0.067696,0.000000
1,13,11,100,0.950000,0.770000,0.800000,0.600000,0.550000,0.100000,0.100000,0.100000,0.100000,0.237616,0.000000
1,13,24,100,0.950000,0.770000,0.800000,0.600000,1.200000,0.100000,0.100000,0.100000,0.100000,0.952515,0.000000
1,13,20,100,0.950000,0.770000,0.800000,0.600000,1.000000,0.100000,0.100000,0.100000,0.100000,0.046103,0.000000
1,13,19,100,0.950000,0.770000,0.800000,0.600000,0.950000,0.100000,0.100000,0.100000,0.100000,0.024301,0.000000
1,13,26,100,0.950000,0.770000,0.800000,0.600000,1.300000,0.100000,0.100000,0.100000,0.100000,0.971905,0.000000
1,13,18,100,0.950000,0.770000,0.800000,0.600000,0.900000,0.100000,0.100000,0.100000,0.100000,0.013864,0.000000
1,13,25,100,0.950000,0.770000,0.800000,0.600000,1.250000,0.100000,0.100000,0.100000,0.100000,0.965545,0.000000
1,13,22,100,0.950000,0.770000,0.800000,0.600000,1.100000,0.100000,0.100000,0.100000,0.100000,0.096253,0.000000
1,13,33,100,0.950000,0.770000,0.800000,0.600000,1.650000,0.100000,0.100000,0.100000,0.100000,0.978512,0.000000
1,13,32,100,0.950000,0.770000,0.800000,0.600000,1.600000,0.100000,0.100000,0.100000,0.100000,0.978638,0.000000
1,13,31,100,0.950000,0.770000,0.800000,0.600000,1.550000,0.100000,0.100000,0.100000,0.100000,0.978631,0.000000
1,13,23,100,0.950000,0.770000,0.800000,0.600000,1.150000,0.100000,0.100000,0.100000,0.100000,0.144955,0.000000
1,13,28,100,0.950000,0.770000,0.800000,0.600000,1.400000,0.100000,0.100000,0.100000,0.100000,0.976724,0.000000
1,13,29,100,0.950000,0.770000,0.800000,0.600000,1.450000,0.100000,0.100000,0.100000,0.100000,0.977795,0.000000
1,13,27,100,0.950000,0.770000,0.800000,0.600000,1.350000,0.100000,0.100000,0.100000,0.100000,0.974956,0.000000
1,13,40,100,0.950000,0.770000,0.800000,0.600000,2.000000,0.100000,0.100000,0.100000,0.100000,0.977726,0.000000
1,13,30,100,0.950000,0.770000,0.800000,0.600000,1.500000,0.100000,0.100000,0.100000,0.100000,0.978388,0.000000
1,13,39,100,0.950000,0.770000,0.800000,0.600000,1.950000,0.100000,0.100000,0.100000,0.100000,0.977747,0.000000
1,13,38,100,0.950000,0.770000,0.800000,0.600000,1.900000,0.100000,0.100000,0.100000,0.100000,0.977805,0.000000
1,13,36,100,0.950000,0.770000,0.800000,0.600000,1.800000,0.100000,0.100000,0.100000,0.100000,0.978014,0.000000
1,13,37,100,0.950000,0.770000,0.800000,0.600000,1.850000,0.100000,0.100000,0.100000,0.100000,0.977894,0.000000
1,13,35,100,0.950000,0.770000,0.800000,0.600000,1.750000,0.100000,0.100000,0.100000,0.100000,0.978164,0.000000
1,13,34,100,0.950000,0.770000,0.800000,0.600000,1.700000,0.100000,0.100000,0.100000,0.100000,0.978337,0.000000
1,14,5,100,0.950000,0.770000,0.800000,0.600000,0.250000,0.100000,0.100000,0.100000,0.100000,0.766281,0.000000
1,14,3,100,0.950000,0.770000,0.800000,0.600000,0.150000,0.100000,0.100000,0.100000,0.100000,0.741447,0.000000
1,14,1,100,0.950000,0.770000,0.800000,0.600000,0.050000,0.100000,0.100000,0.100000,0.100000,nan,0.000000
1,14,13,100,0.950000,0.770000,0.800000,0.600000,0.650000,0.100000,0.100000,0.100000,0.100000,0.467112,0.000000
1,14,4,100,0.950000,0.770000,0.800000,0.600000,0.200000,0.100000,0.100000,0.100000,0.100000,0.747958,0.000000
1,14,6,100,0.950000,0.770000,0.800000,0.600000,0.300000,0.100000,0.100000,0.100000,0.100000,1.114801,0.000000
1,14,2,100,0.950000,0.770000,0.800000,0.600000,0.100000,0.100000,0.100000,0.100000,0.100000,nan,0.000000
1,14,12,100,0.950000,0.770000,0.800000,0.600000,0.600000,0.100000,0.100000,0.100000,0.100000,0.532394,0.000000
1,14,7,100,0.950000,0.770000,0.800000,0.600000,0.350000,0.100000,0.100000,0.100000,0.100000,0.934188,0.000000
1,14,10,100,0.950000,0.770000,0.800000,0.600000,0.500000,0.100000,0.100000,0.100000,0.100000,0.654379,0.000000
1,14,11,100,0.950000,0.770000,0.800000,0.600000,0.550000,0.100000,0.100000,0.100000,0.100000,0.558965,0.000000
1,14,8,100,0.950000,0.770000,0.800000,0.600000,0.400000,0.100000,0.100000,0.100000,0.100000,0.855180,0.000000
1,14,16,100,0.950000,0.770000,0.800000,0.600000,0.800000,0.100000,0.100000,0.100000,0.100000,0.480602,0.000000
1,14,9,100,0.950000,0.770000,0.800000,0.600000,0.450000,0.100000,0.100000,0.100000,0.100000,0.640895,0.000000
1,14,15,100,0.950000,0.770000,0.800000,0.600000,0.750000,0.100000,0.100000,0.100000,0.100000,0.480850,0.000000
1,14,17,100,0.950000,0.770000,0.800000,0.600000,0.850000,0.100000,0.100000,0.100000,0.100000,0.480106,0.000000
1,14,18,100,0.950000,0.770000,0.800000,0.600000,0.900000,0.100000,0.100000,0.100000,0.100000,0.472575,0.000000
1,14,14,100,0.950000,0.770000,0.800000,0.600000,0.700000,0.100000,0.100000,0.100000,0.100000,0.481735,0.000000
1,14,24,100,0.950000,0.770000,0.800000,0.600000,1.200000,0.100000,0.100000,0.100000,0.100000,0.438998,0.000000
1,14,20,100,0.950000,0.770000,0.800000,0.600000,1.000000,0.100000,0.100000,0.100000,0.100000,0.447796,0.000000
1,14,21,100,0.950000,0.770000,0.800000,0.600000,1.050000,0.100000,0.100000,0.100000,0.100000,0.444186,0.000000
1,14,23,100,0.950000,0.770000,0.800000,0.600000,1.150000,0.100000,0.100000,0.100000,0.100000,0.443107,0.000000
1,14,25,100,0.950000,0.770000,0.800000,0.600000,1.250000,0.100000,0.100000,0.100000,0.100000,0.432655,0.000000
1,14,19,100,0.950000,0.770000,0.800000,0.600000,0.950000,0.100000,0.100000,0.100000,0.100000,0.458350,0.000000
1,14,22,100,0.950000,0.770000,0.800000,0.600000,1.100000,0.100000,0.100000,0.100000,0.100000,0.444150,0.000000
1,14,27,100,0.950000,0.770000,0.800000,0.600000,1.350000,0.100000,0.100000,0.100000,0.100000,0.397468,0.000000
1,14,26,100,0.950000,0.770000,0.800000,0.600000,1.300000,0.100000,0.100000,0.100000,0.100000,0.420555,0.000000
1,14,28,100,0.950000,0.770000,0.800000,0.600000,1.400000,0.100000,0.100000,0.100000,0.100000,0.364870,0.000000
1,14,31,100,0.950000,0.770000,0.800000,0.600000,1.550000,0.100000,0.100000,0.100000,0.100000,0.313373,0.000000
1,14,29,100,0.950000,0.770000,0.800000,0.600000,1.450000,0.100000,0.100000,0.100000,0.100000,0.334711,0.000000
1,14,35,100,0.950000,0.770000,0.800000,0.600000,1.750000,0.100000,0.100000,0.100000,0.100000,0.340595,0.000000
1,14,40,100,0.950000,0.770000,0.800000,0.600000,2.000000,0.100000,0.100000,0.100000,0.100000,0.311301,0.000000
1,14,37,100,0.950000,0.770000,0.800000,0.600000,1.850000,0.100000,0.100000,0.100000,0.100000,0.342198,0.000000
1,14,38,100,0.950000,0.770000,0.800000,0.600000,1.900000,0.100000,0.100000,0.100000,0.100000,0.337005,0.000000
1,14,39,100,0.950000,0.770000,0.800000,0.600000,1.950000,0.100000,0.100000,0.100000,0.100000,0.327031,0.000000
1,14,30,100,0.950000,0.770000,0.800000,0.600000,1.500000,0.100000,0.100000,0.100000,0.100000,0.317381,0.000000
1,14,32,100,0.950000,0.770000,0.800000,0.600000,1.600000,0.100000,0.100000,0.100000,0.100000,0.317989,0.000000
1,14,33,100,0.950000,0.770000,0.800000,0.600000,1.650000,0.100000,0.100000,0.100000,0.100000,0.326241,0.000000
1,14,34,100,0.950000,0.770000,0.800000,0.600000,1.700000,0.100000,0.100000,0.100000,0.100000,0.334529,0.000000
1,15,2,100,0.950000,0.770000,0.800000,0.600000,0.100000,0.100000,0.100000,0.100000,0.100000,nan,0.000000
1,14,36,100,0.950000,0.770000,0.800000,0.600000,1.800000,0.100000,0.100000,0.100000,0.100000,0.343283,0.000000
1,15,5,100,0.950000,0.770000,0.800000,0.600000,0.250000,0.100000,0.100000,0.100000,0.100000,0.756388,0.000000
1,15,3,100,0.950000,0.770000,0.800000,0.600000,0.150000,0.100000,0.100000,0.100000,0.100000,0.740003,0.000000
1,15,1,100,0.950000,0.770000,0.800000,0.600000,0.050000,0.100000,0.100000,0.100000,0.100000,nan,0.000000
1,15,9,100,0.950000,0.770000,0.800000,0.600000,0.450000,0.100000,0.100000,0.100000,0.100000,0.543364,0.000000
1,15,8,100,0.950000,0.770000,0.800000,0.600000,0.400000,0.100000,0.100000,0.100000,0.100000,0.597166,0.000000
1,15,4,100,0.950000,0.770000,0.800000,0.600000,0.200000,0.100000,0.100000,0.100000,0.100000,0.752478,0.000000
1,15,11,100,0.950000,0.770000,0.800000,0.600000,0.550000,0.100000,0.100000,0.100000,0.100000,0.521441,0.000000
1,15,18,100,0.950000,0.770000,0.800000,0.600000,0.900000,0.100000,0.100000,0.100000,0.100000,0.546891,0.000000
1,15,6,100,0.950000,0.770000,0.800000,0.600000,0.300000,0.100000,0.100000,0.100000,0.100000,1.110758,0.000000
1,15,16,100,0.950000,0.770000,0.800000,0.600000,0.800000,0.100000,0.100000,0.100000,0.100000,0.593824,0.000000
1,15,15,100,0.950000,0.770000,0.800000,0.600000,0.750000,0.100000,0.100000,0.100000,0.100000,0.436074,0.000000
1,15,7,100,0.950000,0.770000,0.800000,0.600000,0.350000,0.100000,0.100000,0.100000,0.100000,0.672849,0.000000
1,15,12,100,0.950000,0.770000,0.800000,0.600000,0.600000,0.100000,0.100000,0.100000,0.100000,0.483650,0.000000
1,15,10,100,0.950000,0.770000,0.800000,0.600000,0.500000,0.100000,0.100000,0.100000,0.100000,0.565316,0.000000
1,15,14,100,0.950000,0.770000,0.800000,0.600000,0.700000,0.100000,0.100000,0.100000,0.100000,0.447630,0.000000
1,15,13,100,0.950000,0.770000,0.800000,0.600000,0.650000,0.100000,0.100000,0.100000,0.100000,0.364948,0.000000
1,15,28,100,0.950000,0.770000,0.800000,0.600000,1.400000,0.100000,0.100000,0.100000,0.100000,0.481421,0.000000
1,15,24,100,0.950000,0.770000,0.800000,0.600000,1.200000,0.100000,0.100000,0.100000,0.100000,0.664724,0.000000
1,15,23,100,0.950000,0.770000,0.800000,0.600000,1.150000,0.100000,0.100000,0.100000,0.100000,0.584564,0.000000
1,15,17,100,0.950000,0.770000,0.800000,0.600000,0.850000,0.100000,0.100000,0.100000,0.100000,0.608115,0.000000
1,15,25,100,0.950000,0.770000,0.800000,0.600000,1.250000,0.100000,0.100000,0.100000,0.100000,0.708633,0.000000
1,15,21,100,0.950000,0.770000,0.800000,0.600000,1.050000,0.100000,0.100000,0.100000,0.100000,0.496782,0.000000
1,15,19,100,0.950000,0.770000,0.800000,0.600000,0.950000,0.100000,0.100000,0.100000,0.100000,0.501494,0.000000
1,15,26,100,0.950000,0.770000,0.800000,0.600000,1.300000,0.100000,0.100000,0.100000,0.100000,0.627479,0.000000
1,15,22,100,0.950000,0.770000,0.800000,0.600000,1.100000,0.100000,0.100000,0.100000,0.100000,0.539908,0.000000
1,15,20,100,0.950000,0.770000,0.800000,0.600000,1.000000,0.100000,0.100000,0.100000,0.100000,0.483850,0.000000
1,15,29,100,0.950000,0.770000,0.800000,0.600000,1.450000,0.100000,0.100000,0.100000,0.100000,0.470391,0.000000
1,15,30,100,0.950000,0.770000,0.800000,0.600000,1.500000,0.100000,0.100000,0.100000,0.100000,0.429836,0.000000
1,15,31,100,0.950000,0.770000,0.800000,0.600000,1.550000,0.100000,0.100000,0.100000,0.100000,0.380471,0.000000
1,15,33,100,0.950000,0.770000,0.800000,0.600000,1.650000,0.100000,0.100000,0.100000,0.100000,0.368071,0.000000
1,15,32,100,0.950000,0.770000,0.800000,0.600000,1.600000,0.100000,0.100000,0.100000,0.100000,0.368391,0.000000
1,15,27,100,0.950000,0.770000,0.800000,0.600000,1.350000,0.100000,0.100000,0.100000,0.100000,0.584505,0.000000
1,15,40,100,0.950000,0.770000,0.800000,0.600000,2.000000,0.100000,0.100000,0.100000,0.100000,0.462196,0.000000
1,15,35,100,0.950000,0.770000,0.800000,0.600000,1.750000,0.100000,0.100000,0.100000,0.100000,0.273018,0.000000
1,15,37,100,0.950000,0.770000,0.800000,0.600000,1.850000,0.100000,0.100000,0.100000,0.100000,0.448946,0.000000
1,16,1,100,0.950000,0.770000,0.800000,0.600000,0.050000,0.100000,0.100000,0.100000,0.100000,nan,0.000000
1,15,36,100,0.950000,0.770000,0.800000,0.600000,1.800000,0.100000,0.100000,0.100000,0.100000,0.394639,0.000000
1,15,34,100,0.950000,0.770000,0.800000,0.600000,1.700000,0.100000,0.100000,0.100000,0.100000,0.225642,0.000000
1,15,39,100,0.950000,0.770000,0.800000,0.600000,1.950000,0.100000,0.100000,0.100000,0.100000,0.474549,0.000000
1,15,38,100,0.950000,0.770000,0.800000,0.600000,1.900000,0.100000,0.100000,0.100000,0.100000,0.498412,0.000000
1,16,4,100,0.950000,0.770000,0.800000,0.600000,0.200000,0.100000,0.100000,0.100000,0.100000,0.748017,0.000000
1,16,5,100,0.950000,0.770000,0.800000,0.600000,0.250000,0.100000,0.100000,0.100000,0.100000,0.751328,0.000000
1,16,10,100,0.950000,0.770000,0.800000,0.600000,0.500000,0.100000,0.100000,0.100000,0.100000,0.582583,0.000000
1,16,6,100,0.950000,0.770000,0.800000,0.600000,0.300000,0.100000,0.100000,0.100000,0.100000,1.114432,0.000000
1,16,11,100,0.950000,0.770000,0.800000,0.600000,0.550000,0.100000,0.100000,0.100000,0.100000,0.592343,0.000000
1,16,7,100,0.950000,0.770000,0.800000,0.600000,0.350000,0.100000,0.100000,0.100000,0.100000,0.753550,0.000000
1,16,13,100,0.950000,0.770000,0.800000,0.600000,0.650000,0.100000,0.100000,0.100000,0.100000,0.493177,0.000000
1,16,3,100,0.950000,0.770000,0.800000,0.600000,0.150000,0.100000,0.100000,0.100000,0.100000,0.746894,0.000000
1,16,8,100,0.950000,0.770000,0.800000,0.600000,0.400000,0.100000,0.100000,0.100000,0.100000,0.666320,0.000000
1,16,2,100,0.950000,0.770000,0.800000,0.600000,0.100000,0.100000,0.100000,0.100000,0.100000,nan,0.000000
1,16,9,100,0.950000,0.770000,0.800000,0.600000,0.450000,0.100000,0.100000,0.100000,0.100000,0.554906,0.000000
1,16,12,100,0.950000,0.770000,0.800000,0.600000,0.600000,0.100000,0.100000,0.100000,0.100000,0.500333,0.000000
1,16,15,100,0.950000,0.770000,0.800000,0.600000,0.750000,0.100000,0.100000,0.100000,0.100000,0.485385,0.000000
1,16,16,100,0.950000,0.770000,0.800000,0.600000,0.800000,0.100000,0.100000,0.100000,0.100000,0.459555,0.000000
1,16,17,100,0.950000,0.770000,0.800000,0.600000,0.850000,0.100000,0.100000,0.100000,0.100000,0.167160,0.000000
1,16,14,100,0.950000,0.770000,0.800000,0.600000,0.700000,0.100000,0.100000,0.100000,0.100000,0.489925,0.000000
1,16,20,100,0.950000,0.770000,0.800000,0.600000,1.000000,0.100000,0.100000,0.100000,0.100000,0.150363,0.000000
1,16,23,100,0.950000,0.770000,0.800000,0.600000,1.150000,0.100000,0.100000,0.100000,0.100000,0.024989,0.000000
1,16,18,100,0.950000,0.770000,0.800000,0.600000,0.900000,0.100000,0.100000,0.100000,0.100000,0.445846,0.000000
1,16,22,100,0.950000,0.770000,0.800000,0.600000,1.100000,0.100000,0.100000,0.100000,0.100000,0.021246,0.000000
1,16,19,100,0.950000,0.770000,0.800000,0.600000,0.950000,0.100000,0.100000,0.100000,0.100000,0.319139,0.000000
1,16,28,100,0.950000,0.770000,0.800000,0.600000,1.400000,0.100000,0.100000,0.100000,0.100000,0.015462,0.000000
1,16,27,100,0.950000,0.770000,0.800000,0.600000,1.350000,0.100000,0.100000,0.100000,0.100000,0.015643,0.000000
1,16,36,100,0.950000,0.770000,0.800000,0.600000,1.800000,0.100000,0.100000,0.100000,0.100000,0.041457,0.000000
1,16,25,100,0.950000,0.770000,0.800000,0.600000,1.250000,0.100000,0.100000,0.100000,0.100000,0.015570,0.000000
1,16,21,100,0.950000,0.770000,0.800000,0.600000,1.050000,0.100000,0.100000,0.100000,0.100000,0.038367,0.000000
1,16,24,100,0.950000,0.770000,0.800000,0.600000,1.200000,0.100000,0.100000,0.100000,0.100000,0.016369,0.000000
1,16,29,100,0.950000,0.770000,0.800000,0.600000,1.450000,0.100000,0.100000,0.100000,0.100000,0.015260,0.000000
1,16,33,100,0.950000,0.770000,0.800000,0.600000,1.650000,0.100000,0.100000,0.100000,0.100000,0.017071,0.000000
1,16,26,100,0.950000,0.770000,0.800000,0.600000,1.300000,0.100000,0.100000,0.100000,0.100000,0.015580,0.000000
1,16,31,100,0.950000,0.770000,0.800000,0.600000,1.550000,0.100000,0.100000,0.100000,0.100000,0.015708,0.000000
1,16,37,100,0.950000,0.770000,0.800000,0.600000,1.850000,0.100000,0.100000,0.100000,0.100000,0.425879,0.000000
1,16,30,100,0.950000,0.770000,0.800000,0.600000,1.500000,0.100000,0.100000,0.100000,0.100000,0.015360,0.000000
1,16,32,100,0.950000,0.770000,0.800000,0.600000,1.600000,0.100000,0.100000,0.100000,0.100000,0.016308,0.000000
1,16,39,100,0.950000,0.770000,0.800000,0.600000,1.950000,0.100000,0.100000,0.100000,0.100000,0.407037,0.000000
1,16,34,100,0.950000,0.770000,0.800000,0.600000,1.700000,0.100000,0.100000,0.100000,0.100000,0.017724,0.000000
1,16,40,100,0.950000,0.770000,0.800000,0.600000,2.000000,0.100000,0.100000,0.100000,0.100000,0.381827,0.000000
1,16,35,100,0.950000,0.770000,0.800000,0.600000,1.750000,0.100000,0.100000,0.100000,0.100000,0.020115,0.000000
1,17,3,100,0.950000,0.770000,0.800000,0.600000,0.150000,0.100000,0.100000,0.100000,0.100000,0.735965,0.000000
1,17,2,100,0.950000,0.770000,0.800000,0.600000,0.100000,0.100000,0.100000,0.100000,0.100000,nan,0.000000
1,17,1,100,0.950000,0.770000,0.800000,0.600000,0.050000,0.100000,0.100000,0.100000,0.100000,nan,0.000000
1,17,5,100,0.950000,0.770000,0.800000,0.600000,0.250000,0.100000,0.100000,0.100000,0.100000,0.782220,0.000000
1,16,38,100,0.950000,0.770000,0.800000,0.600000,1.900000,0.100000,0.100000,0.100000,0.100000,0.449442,0.000000
1,17,4,100,0.950000,0.770000,0.800000,0.600000,0.200000,0.100000,0.100000,0.100000,0.100000,0.754287,0.000000
1,17,8,100,0.950000,0.770000,0.800000,0.600000,0.400000,0.100000,0.100000,0.100000,0.100000,0.648908,0.000000
1,17,11,100,0.950000,0.770000,0.800000,0.600000,0.550000,0.100000,0.100000,0.100000,0.100000,0.550136,0.000000
1,17,6,100,0.950000,0.770000,0.800000,0.600000,0.300000,0.100000,0.100000,0.100000,0.100000,1.114538,0.000000
1,17,9,100,0.950000,0.770000,0.800000,0.600000,0.450000,0.100000,0.100000,0.100000,0.100000,0.599120,0.000000
1,17,15,100,0.950000,0.770000,0.800000,0.600000,0.750000,0.100000,0.100000,0.100000,0.100000,0.501486,0.000000
1,17,16,100,0.950000,0.770000,0.800000,0.600000,0.800000,0.100000,0.100000,0.100000,0.100000,0.479319,0.000000
1,17,13,100,0.950000,0.770000,0.800000,0.600000,0.650000,0.100000,0.100000,0.100000,0.100000,0.372091,0.000000
1,17,10,100,0.950000,0.770000,0.800000,0.600000,0.500000,0.100000,0.100000,0.100000,0.100000,0.596644,0.000000
1,17,7,100,0.950000,0.770000,0.800000,0.600000,0.350000,0.100000,0.100000,0.100000,0.100000,0.903586,0.000000
1,17,18,100,0.950000,0.770000,0.800000,0.600000,0.900000,0.100000,0.100000,0.100000,0.100000,0.418292,0.000000
1,17,20,100,0.950000,0.770000,0.800000,0.600000,1.000000,0.100000,0.100000,0.100000,0.100000,0.019721,0.000000
1,17,12,100,0.950000,0.770000,0.800000,0.600000,0.600000,0.100000,0.100000,0.100000,0.100000,0.668491,0.000000
1,17,14,100,0.950000,0.770000,0.800000,0.600000,0.700000,0.100000,0.100000,0.100000,0.100000,0.491056,0.000000
1,17,23,100,0.950000,0.770000,0.800000,0.600000,1.150000,0.100000,0.100000,0.100000,0.100000,0.072302,0.000000
1,17,24,100,0.950000,0.770000,0.800000,0.600000,1.200000,0.100000,0.100000,0.100000,0.100000,0.043173,0.000000
1,17,17,100,0.950000,0.770000,0.800000,0.600000,0.850000,0.100000,0.100000,0.100000,0.100000,0.495844,0.000000
1,17,19,100,0.950000,0.770000,0.800000,0.600000,0.950000,0.100000,0.100000,0.100000,0.100000,0.017350,0.000000
1,17,21,100,0.950000,0.770000,0.800000,0.600000,1.050000,0.100000,0.100000,0.100000,0.100000,0.071177,0.000000
1,17,29,100,0.950000,0.770000,0.800000,0.600000,1.450000,0.100000,0.100000,0.100000,0.100000,0.124736,0.000000
1,17,31,100,0.950000,0.770000,0.800000,0.600000,1.550000,0.100000,0.100000,0.100000,0.100000,0.128075,0.000000
1,17,22,100,0.950000,0.770000,0.800000,0.600000,1.100000,0.100000,0.100000,0.100000,0.100000,0.629123,0.000000
1,17,32,100,0.950000,0.770000,0.800000,0.600000,1.600000,0.100000,0.100000,0.100000,0.100000,0.135578,0.000000
1,17,30,100,0.950000,0.770000,0.800000,0.600000,1.500000,0.100000,0.100000,0.100000,0.100000,0.133853,0.000000
1,17,25,100,0.950000,0.770000,0.800000,0.600000,1.250000,0.100000,0.100000,0.100000,0.100000,0.026707,0.000000
1,17,38,100,0.950000,0.770000,0.800000,0.600000,1.900000,0.100000,0.100000,0.100000,0.100000,0.655928,0.000000
1,17,27,100,0.950000,0.770000,0.800000,0.600000,1.350000,0.100000,0.100000,0.100000,0.100000,0.081825,0.000000
1,17,34,100,0.950000,0.770000,0.800000,0.600000,1.700000,0.100000,0.100000,0.100000,0.100000,0.596014,0.000000
1,17,28,100,0.950000,0.770000,0.800000,0.600000,1.400000,0.100000,0.100000,0.100000,0.100000,0.106073,0.000000
1,17,33,100,0.950000,0.770000,0.800000,0.600000,1.650000,0.100000,0.100000,0.100000,0.100000,0.129135,0.000000
1,18,2,100,0.950000,0.770000,0.800000,0.600000,0.100000,0.100000,0.100000,0.100000,0.100000,nan,0.000000
1,17,26,100,0.950000,0.770000,0.800000,0.600000,1.300000,0.100000,0.100000,0.100000,0.100000,0.048272,0.000000
1,17,36,100,0.950000,0.770000,0.800000,0.600000,1.800000,0.100000,0.100000,0.100000,0.100000,0.597247,0.000000
1,17,35,100,0.950000,0.770000,0.800000,0.600000,1.750000,0.100000,0.100000,0.100000,0.100000,0.513213,0.000000
1,17,37,100,0.950000,0.770000,0.800000,0.600000,1.850000,0.100000,0.100000,0.100000,0.100000,0.630977,0.000000
1,17,40,100,0.950000,0.770000,0.800000,0.600000,2.000000,0.100000,0.100000,0.100000,0.100000,0.669014,0.000000
1,18,1,100,0.950000,0.770000,0.800000,0.600000,0.050000,0.100000,0.100000,0.100000,0.100000,nan,0.000000
1,18,4,100,0.950000,0.770000,0.800000,0.600000,0.200000,0.100000,0.100000,0.100000,0.100000,0.742340,0.000000
1,17,39,100,0.950000,0.770000,0.800000,0.600000,1.950000,0.100000,0.100000,0.100000,0.100000,0.664678,0.000000
1,18,6,100,0.950000,0.770000,0.800000,0.600000,0.300000,0.100000,0.100000,0.100000,0.100000,1.114801,0.000000
1,18,7,100,0.950000,0.770000,0.800000,0.600000,0.350000,0.100000,0.100000,0.100000,0.100000,0.836900,0.000000
1,18,8,100,0.950000,0.770000,0.800000,0.600000,0.400000,0.100000,0.100000,0.100000,0.100000,0.845158,0.000000
1,18,5,100,0.950000,0.770000,0.800000,0.600000,0.250000,0.100000,0.100000,0.100000,0.100000,0.768633,0.000000
1,18,12,100,0.950000,0.770000,0.800000,0.600000,0.600000,0.100000,0.100000,0.100000,0.100000,0.488658,0.000000
1,18,9,100,0.950000,0.770000,0.800000,0.600000,0.450000,0.100000,0.100000,0.100000,0.100000,0.691245,0.000000
1,18,3,100,0.950000,0.770000,0.800000,0.600000,0.150000,0.100000,0.100000,0.100000,0.100000,0.742890,0.000000
1,18,11,100,0.950000,0.770000,0.800000,0.600000,0.550000,0.100000,0.100000,0.100000,0.100000,0.638968,0.000000
1,18,17,100,0.950000,0.770000,0.800000,0.600000,0.850000,0.100000,0.100000,0.100000,0.100000,0.495383,0.000000
1,18,18,100,0.950000,0.770000,0.800000,0.600000,0.900000,0.100000,0.100000,0.100000,0.100000,0.492662,0.000000
1,18,10,100,0.950000,0.770000,0.800000,0.600000,0.500000,0.100000,0.100000,0.100000,0.100000,0.604660,0.000000
1,18,22,100,0.950000,0.770000,0.800000,0.600000,1.100000,0.100000,0.100000,0.100000,0.100000,0.480612,0.000000
1,18,19,100,0.950000,0.770000,0.800000,0.600000,0.950000,0.100000,0.100000,0.100000,0.100000,0.493556,0.000000
1,18,23,100,0.950000,0.770000,0.800000,0.600000,1.150000,0.100000,0.100000,0.100000,0.100000,0.472698,0.000000
1,18,21,100,0.950000,0.770000,0.800000,0.600000,1.050000,0.100000,0.100000,0.100000,0.100000,0.487158,0.000000
1,18,13,100,0.950000,0.770000,0.800000,0.600000,0.650000,0.100000,0.100000,0.100000,0.100000,0.492572,0.000000
1,18,14,100,0.950000,0.770000,0.800000,0.600000,0.700000,0.100000,0.100000,0.100000,0.100000,0.487540,0.000000
1,18,25,100,0.950000,0.770000,0.800000,0.600000,1.250000,0.100000,0.100000,0.100000,0.100000,0.453737,0.000000
1,18,20,100,0.950000,0.770000,0.800000,0.600000,1.000000,0.100000,0.100000,0.100000,0.100000,0.492063,0.000000
1,18,16,100,0.950000,0.770000,0.800000,0.600000,0.800000,0.100000,0.100000,0.100000,0.100000,0.494978,0.000000
1,18,15,100,0.950000,0.770000,0.800000,0.600000,0.750000,0.100000,0.100000,0.100000,0.100000,0.490875,0.000000
1,18,24,100,0.950000,0.770000,0.800000,0.600000,1.200000,0.100000,0.100000,0.100000,0.100000,0.463298,0.000000
1,18,31,100,0.950000,0.770000,0.800000,0.600000,1.550000,0.100000,0.100000,0.100000,0.100000,0.442054,0.000000
1,18,26,100,0.950000,0.770000,0.800000,0.600000,1.300000,0.100000,0.100000,0.100000,0.100000,0.445972,0.000000
1,18,32,100,0.950000,0.770000,0.800000,0.600000,1.600000,0.100000,0.100000,0.100000,0.100000,0.443443,0.000000
1,18,29,100,0.950000,0.770000,0.800000,0.600000,1.450000,0.100000,0.100000,0.100000,0.100000,0.439334,0.000000
1,18,27,100,0.950000,0.770000,0.800000,0.600000,1.350000,0.100000,0.100000,0.100000,0.100000,0.441125,0.000000
1,18,28,100,0.950000,0.770000,0.800000,0.600000,1.400000,0.100000,0.100000,0.100000,0.100000,0.439178,0.000000
1,18,30,100,0.950000,0.770000,0.800000,0.600000,1.500000,0.100000,0.100000,0.100000,0.100000,0.440559,0.000000
1,18,36,100,0.950000,0.770000,0.800000,0.600000,1.800000,0.100000,0.100000,0.100000,0.100000,0.447766,0.000000
1,18,35,100,0.950000,0.770000,0.800000,0.600000,1.750000,0.100000,0.100000,0.100000,0.100000,0.446980,0.000000
1,18,39,100,0.950000,0.770000,0.800000,0.600000,1.950000,0.100000,0.100000,0.100000,0.100000,0.445822,0.000000
1,18,34,100,0.950000,0.770000,0.800000,0.600000,1.700000,0.100000,0.100000,0.100000,0.100000,0.445886,0.000000
1,18,33,100,0.950000,0.770000,0.800000,0.600000,1.650000,0.100000,0.100000,0.100000,0.100000,0.444694,0.000000
1,18,38,100,0.950000,0.770000,0.800000,0.600000,1.900000,0.100000,0.100000,0.100000,0.100000,0.447327,0.000000
1,18,37,100,0.950000,0.770000,0.800000,0.600000,1.850000,0.100000,0.100000,0.100000,0.100000,0.447961,0.000000
1,19,4,100,0.950000,0.770000,0.800000,0.600000,0.200000,0.100000,0.100000,0.100000,0.100000,0.745715,0.000000
1,19,6,100,0.950000,0.770000,0.800000,0.600000,0.300000,0.100000,0.100000,0.100000,0.100000,1.113926,0.000000
1,18,40,100,0.950000,0.770000,0.800000,0.600000,2.000000,0.100000,0.100000,0.100000,0.100000,0.443642,0.000000
1,19,1,100,0.950000,0.770000,0.800000,0.600000,0.050000,0.100000,0.100000,0.100000,0.100000,nan,0.000000
1,19,3,100,0.950000,0.770000,0.800000,0.600000,0.150000,0.100000,0.100000,0.100000,0.100000,0.746508,0.000000
1,19,2,100,0.950000,0.770000,0.800000,0.600000,0.100000,0.100000,0.100000,0.100000,0.100000,nan,0.000000
1,19,7,100,0.950000,0.770000,0.800000,0.600000,0.350000,0.100000,0.100000,0.100000,0.100000,0.866478,0.000000
1,19,5,100,0.950000,0.770000,0.800000,0.600000,0.250000,0.100000,0.100000,0.100000,0.100000,0.758336,0.000000
1,19,8,100,0.950000,0.770000,0.800000,0.600000,0.400000,0.100000,0.100000,0.100000,0.100000,0.632725,0.000000
1,19,14,100,0.950000,0.770000,0.800000,0.600000,0.700000,0.100000,0.100000,0.100000,0.100000,0.483188,0.000000
1,19,16,100,0.950000,0.770000,0.800000,0.600000,0.800000,0.100000,0.100000,0.100000,0.100000,0.477188,0.000000
1,19,10,100,0.950000,0.770000,0.800000,0.600000,0.500000,0.100000,0.100000,0.100000,0.100000,0.594395,0.000000
1,19,11,100,0.950000,0.770000,0.800000,0.600000,0.550000,0.100000,0.100000,0.100000,0.100000,0.561010,0.000000
1,19,13,100,0.950000,0.770000,0.800000,0.600000,0.650000,0.100000,0.100000,0.100000,0.100000,0.485092,0.000000
1,19,9,100,0.950000,0.770000,0.800000,0.600000,0.450000,0.100000,0.100000,0.100000,0.100000,0.580160,0.000000
1,19,12,100,0.950000,0.770000,0.800000,0.600000,0.600000,0.100000,0.100000,0.100000,0.100000,0.484433,0.000000
1,19,18,100,0.950000,0.770000,0.800000,0.600000,0.900000,0.100000,0.100000,0.100000,0.100000,0.330174,0.000000
1,19,24,100,0.950000,0.770000,0.800000,0.600000,1.200000,0.100000,0.100000,0.100000,0.100000,0.013991,0.000000
1,19,15,100,0.950000,0.770000,0.800000,0.600000,0.750000,0.100000,0.100000,0.100000,0.100000,0.481033,0.000000
1,19,19,100,0.950000,0.770000,0.800000,0.600000,0.950000,0.100000,0.100000,0.100000,0.100000,0.036209,0.000000
1,19,20,100,0.950000,0.770000,0.800000,0.600000,1.000000,0.100000,0.100000,0.100000,0.100000,0.019021,0.000000
1,19,22,100,0.950000,0.770000,0.800000,0.600000,1.100000,0.100000,0.100000,0.100000,0.100000,0.019007,0.000000
1,19,25,100,0.950000,0.770000,0.800000,0.600000,1.250000,0.100000,0.100000,0.100000,0.100000,0.013337,0.000000
1,19,17,100,0.950000,0.770000,0.800000,0.600000,0.850000,0.100000,0.100000,0.100000,0.100000,0.450126,0.000000
1,19,23,100,0.950000,0.770000,0.800000,0.600000,1.150000,0.100000,0.100000,0.100000,0.100000,0.015516,0.000000
1,19,21,100,0.950000,0.770000,0.800000,0.600000,1.050000,0.100000,0.100000,0.100000,0.100000,0.021592,0.000000
1,19,28,100,0.950000,0.770000,0.800000,0.600000,1.400000,0.100000,0.100000,0.100000,0.100000,0.012782,0.000000
1,19,26,100,0.950000,0.770000,0.800000,0.600000,1.300000,0.100000,0.100000,0.100000,0.100000,0.013210,0.000000
1,19,27,100,0.950000,0.770000,0.800000,0.600000,1.350000,0.100000,0.100000,0.100000,0.100000,0.013313,0.000000
1,19,30,100,0.950000,0.770000,0.800000,0.600000,1.500000,0.100000,0.100000,0.100000,0.100000,0.009414,0.000000
1,19,29,100,0.950000,0.770000,0.800000,0.600000,1.450000,0.100000,0.100000,0.100000,0.100000,0.011240,0.000000
1,19,35,100,0.950000,0.770000,0.800000,0.600000,1.750000,0.100000,0.100000,0.100000,0.100000,0.010124,0.000000
1,19,32,100,0.950000,0.770000,0.800000,0.600000,1.600000,0.100000,0.100000,0.100000,0.100000,0.009187,0.000000
1,19,31,100,0.950000,0.770000,0.800000,0.600000,1.550000,0.100000,0.100000,0.100000,0.100000,0.008569,0.000000
1,19,33,100,0.950000,0.770000,0.800000,0.600000,1.650000,0.100000,0.100000,0.100000,0.100000,0.010123,0.000000
1,19,34,100,0.950000,0.770000,0.800000,0.600000,1.700000,0.100000,0.100000,0.100000,0.100000,0.010401,0.000000
1,19,39,100,0.950000,0.770000,0.800000,0.600000,1.950000,0.100000,0.100000,0.100000,0.100000,0.009994,0.000000
1,19,38,100,0.950000,0.770000,0.800000,0.600000,1.900000,0.100000,0.100000,0.100000,0.100000,0.009595,0.000000
1,19,37,100,0.950000,0.770000,0.800000,0.600000,1.850000,0.100000,0.100000,0.100000,0.100000,0.009515,0.000000
1,19,40,100,0.950000,0.770000,0.800000,0.600000,2.000000,0.100000,0.100000,0.100000,0.100000,0.010615,0.000000
1,19,36,100,0.950000,0.770000,0.800000,0.600000,1.800000,0.100000,0.100000,0.100000,0.100000,0.009736,0.000000
