2,0,15,100,1.030000,0.820000,0.800000,0.700000,0.750000,0.100000,0.100000,0.100000,0.100000,0.006194,0.000000
2,0,3,100,1.030000,0.820000,0.800000,0.700000,0.150000,0.100000,0.100000,0.100000,0.100000,nan,0.000000
2,0,8,100,1.030000,0.820000,0.800000,0.700000,0.400000,0.100000,0.100000,0.100000,0.100000,1.025055,0.000000
2,0,7,100,1.030000,0.820000,0.800000,0.700000,0.350000,0.100000,0.100000,0.100000,0.100000,1.134087,0.000000
2,0,1,100,1.030000,0.820000,0.800000,0.700000,0.050000,0.100000,0.100000,0.100000,0.100000,nan,0.000000
2,0,13,100,1.030000,0.820000,0.800000,0.700000,0.650000,0.100000,0.100000,0.100000,0.100000,0.052095,0.000000
2,0,14,100,1.030000,0.820000,0.800000,0.700000,0.700000,0.100000,0.100000,0.100000,0.100000,0.007132,0.000000
2,0,10,100,1.030000,0.820000,0.800000,0.700000,0.500000,0.100000,0.100000,0.100000,0.100000,0.370721,0.000000
2,0,6,100,1.030000,0.820000,0.800000,0.700000,0.300000,0.100000,0.100000,0.100000,0.100000,0.614746,0.000000
2,0,20,100,1.030000,0.820000,0.800000,0.700000,1.000000,0.100000,0.100000,0.100000,0.100000,0.009835,0.000000
2,0,17,100,1.030000,0.820000,0.800000,0.700000,0.850000,0.100000,0.100000,0.100000,0.100000,0.006270,0.000000
2,0,11,100,1.030000,0.820000,0.800000,0.700000,0.550000,0.100000,0.100000,0.100000,0.100000,0.260077,0.000000
2,0,4,100,1.030000,0.820000,0.800000,0.700000,0.200000,0.100000,0.100000,0.100000,0.100000,0.572325,0.000000
2,0,19,100,1.030000,0.820000,0.800000,0.700000,0.950000,0.100000,0.100000,0.100000,0.100000,0.008420,0.000000
2,0,9,100,1.030000,0.820000,0.800000,0.700000,0.450000,0.100000,0.100000,0.100000,0.100000,0.799846,0.000000
2,0,22,100,1.030000,0.820000,0.800000,0.700000,1.100000,0.100000,0.100000,0.100000,0.100000,0.010553,0.000000
2,0,21,100,1.030000,0.820000,0.800000,0.700000,1.050000,0.100000,0.100000,0.100000,0.100000,0.010507,0.000000
2,0,18,100,1.030000,0.820000,0.800000,0.700000,0.900000,0.100000,0.100000,0.100000,0.100000,0.006932,0.000000
2,0,23,100,1.030000,0.820000,0.800000,0.700000,1.150000,0.100000,0.100000,0.100000,0.100000,0.010296,0.000000
2,0,5,100,1.030000,0.820000,0.800000,0.700000,0.250000,0.100000,0.100000,0.100000,0.100000,0.567946,0.000000
2,0,2,100,1.030000,0.820000,0.800000,0.700000,0.100000,0.100000,0.100000,0.100000,0.100000,nan,0.000000
2,0,12,100,1.030000,0.820000,0.800000,0.700000,0.600000,0.100000,0.100000,0.100000,0.100000,0.104420,0.000000
2,0,16,100,1.030000,0.820000,0.800000,0.700000,0.800000,0.100000,0.100000,0.100000,0.100000,0.006142,0.000000
2,0,25,100,1.030000,0.820000,0.800000,0.700000,1.250000,0.100000,0.100000,0.100000,0.100000,0.009693,0.000000
2,0,35,100,1.030000,0.820000,0.800000,0.700000,1.750000,0.100000,0.100000,0.100000,0.100000,0.009352,0.000000
2,0,24,100,1.030000,0.820000,0.800000,0.700000,1.200000,0.100000,0.100000,0.100000,0.100000,0.009971,0.000000
2,0,30,100,1.030000,0.820000,0.800000,0.700000,1.500000,0.100000,0.100000,0.100000,0.100000,0.009234,0.000000
2,0,26,100,1.030000,0.820000,0.800000,0.700000,1.300000,0.100000,0.100000,0.100000,0.100000,0.009502,0.000000
2,0,33,100,1.030000,0.820000,0.800000,0.700000,1.650000,0.100000,0.100000,0.100000,0.100000,0.009190,0.000000
2,1,2,100,1.030000,0.820000,0.800000,0.700000,0.100000,0.100000,0.100000,0.100000,0.100000,nan,0.000000
2,0,36,100,1.030000,0.820000,0.800000,0.700000,1.800000,0.100000,0.100000,0.100000,0.100000,0.009482,0.000000
2,0,38,100,1.030000,0.820000,0.800000,0.700000,1.900000,0.100000,0.100000,0.100000,0.100000,0.009789,0.000000
2,1,1,100,1.030000,0.820000,0.800000,0.700000,0.050000,0.100000,0.100000,0.100000,0.100000,nan,0.000000
2,0,37,100,1.030000,0.820000,0.800000,0.700000,1.850000,0.100000,0.100000,0.100000,0.100000,0.009630,0.000000
2,0,31,100,1.030000,0.820000,0.800000,0.700000,1.550000,0.100000,0.100000,0.100000,0.100000,0.009194,0.000000
2,0,39,100,1.030000,0.820000,0.800000,0.700000,1.950000,0.100000,0.100000,0.100000,0.100000,0.009959,0.000000
2,0,29,100,1.030000,0.820000,0.800000,0.700000,1.450000,0.100000,0.100000,0.100000,0.100000,0.009277,0.000000
2,0,28,100,1.030000,0.820000,0.800000,0.700000,1.400000,0.100000,0.100000,0.100000,0.100000,0.009323,0.000000
2,0,27,100,1.030000,0.820000,0.800000,0.700000,1.350000,0.100000,0.100000,0.100000,0.100000,0.009388,0.000000
2,0,34,100,1.030000,0.820000,0.800000,0.700000,1.700000,0.100000,0.100000,0.100000,0.100000,0.009250,0.000000
2,0,32,100,1.030000,0.820000,0.800000,0.700000,1.600000,0.100000,0.100000,0.100000,0.100000,0.009173,0.000000
2,1,3,100,1.030000,0.820000,0.800000,0.700000,0.150000,0.100000,0.100000,0.100000,0.100000,nan,0.000000
2,1,6,100,1.030000,0.820000,0.800000,0.700000,0.300000,0.100000,0.100000,0.100000,0.100000,0.611108,0.000000
2,1,4,100,1.030000,0.820000,0.800000,0.700000,0.200000,0.100000,0.100000,0.100000,0.100000,0.568234,0.000000
2,0,40,100,1.030000,0.820000,0.800000,0.700000,2.000000,0.100000,0.100000,0.100000,0.100000,0.010149,0.000000
2,1,5,100,1.030000,0.820000,0.800000,0.700000,0.250000,0.100000,0.100000,0.100000,0.100000,0.580803,0.000000
2,1,18,100,1.030000,0.820000,0.800000,0.700000,0.900000,0.100000,0.100000,0.100000,0.100000,0.002736,0.000000
2,1,7,100,1.030000,0.820000,0.800000,0.700000,0.350000,0.100000,0.100000,0.100000,0.100000,1.134398,0.000000
2,1,9,100,1.030000,0.820000,0.800000,0.700000,0.450000,0.100000,0.100000,0.100000,0.100000,0.787776,0.000000
2,1,8,100,1.030000,0.820000,0.800000,0.700000,0.400000,0.100000,0.100000,0.100000,0.100000,1.033374,0.000000
2,1,13,100,1.030000,0.820000,0.800000,0.700000,0.650000,0.100000,0.100000,0.100000,0.100000,0.080428,0.000000
2,1,17,100,1.030000,0.820000,0.800000,0.700000,0.850000,0.100000,0.100000,0.100000,0.100000,0.003589,0.000000
2,1,15,100,1.030000,0.820000,0.800000,0.700000,0.750000,0.100000,0.100000,0.100000,0.100000,0.005711,0.000000
2,1,14,100,1.030000,0.820000,0.800000,0.700000,0.700000,0.100000,0.100000,0.100000,0.100000,0.007112,0.000000
2,1,21,100,1.030000,0.820000,0.800000,0.700000,1.050000,0.100000,0.100000,0.100000,0.100000,0.003011,0.000000
2,1,16,100,1.030000,0.820000,0.800000,0.700000,0.800000,0.100000,0.100000,0.100000,0.100000,0.003921,0.000000
2,1,19,100,1.030000,0.820000,0.800000,0.700000,0.950000,0.100000,0.100000,0.100000,0.100000,0.002583,0.000000
2,1,20,100,1.030000,0.820000,0.800000,0.700000,1.000000,0.100000,0.100000,0.100000,0.100000,0.002932,0.000000
2,1,22,100,1.030000,0.820000,0.800000,0.700000,1.100000,0.100000,0.100000,0.100000,0.100000,0.002890,0.000000
2,1,23,100,1.030000,0.820000,0.800000,0.700000,1.150000,0.100000,0.100000,0.100000,0.100000,0.002840,0.000000
2,1,12,100,1.030000,0.820000,0.800000,0.700000,0.600000,0.100000,0.100000,0.100000,0.100000,0.302966,0.000000
2,1,11,100,1.030000,0.820000,0.800000,0.700000,0.550000,0.100000,0.100000,0.100000,0.100000,0.355109,0.000000
2,1,10,100,1.030000,0.820000,0.800000,0.700000,0.500000,0.100000,0.100000,0.100000,0.100000,1.001089,0.000000
2,1,25,100,1.030000,0.820000,0.800000,0.700000,1.250000,0.100000,0.100000,0.100000,0.100000,0.003477,0.000000
2,1,27,100,1.030000,0.820000,0.800000,0.700000,1.350000,0.100000,0.100000,0.100000,0.100000,0.004755,0.000000
2,1,24,100,1.030000,0.820000,0.800000,0.700000,1.200000,0.100000,0.100000,0.100000,0.100000,0.003014,0.000000
2,1,28,100,1.030000,0.820000,0.800000,0.700000,1.400000,0.100000,0.100000,0.100000,0.100000,0.005489,0.000000
2,1,26,100,1.030000,0.820000,0.800000,0.700000,1.300000,0.100000,0.100000,0.100000,0.100000,0.004099,0.000000
2,1,29,100,1.030000,0.820000,0.800000,0.700000,1.450000,0.100000,0.100000,0.100000,0.100000,0.006266,0.000000
2,1,30,100,1.030000,0.820000,0.800000,0.700000,1.500000,0.100000,0.100000,0.100000,0.100000,0.006922,0.000000
2,1,35,100,1.030000,0.820000,0.800000,0.700000,1.750000,0.100000,0.100000,0.100000,0.100000,0.006988,0.000000
2,1,36,100,1.030000,0.820000,0.800000,0.700000,1.800000,0.100000,0.100000,0.100000,0.100000,0.007166,0.000000
2,1,40,100,1.030000,0.820000,0.800000,0.700000,2.000000,0.100000,0.100000,0.100000,0.100000,0.010758,0.000000
2,1,37,100,1.030000,0.820000,0.800000,0.700000,1.850000,0.100000,0.100000,0.100000,0.100000,0.007800,0.000000
2,1,32,100,1.030000,0.820000,0.800000,0.700000,1.600000,0.100000,0.100000,0.100000,0.100000,0.007425,0.000000
2,2,1,100,1.030000,0.820000,0.800000,0.700000,0.050000,0.100000,0.100000,0.100000,0.100000,nan,0.000000
2,2,2,100,1.030000,0.820000,0.800000,0.700000,0.100000,0.100000,0.100000,0.100000,0.100000,nan,0.000000
2,1,34,100,1.030000,0.820000,0.800000,0.700000,1.700000,0.100000,0.100000,0.100000,0.100000,0.007105,0.000000
2,2,8,100,1.030000,0.820000,0.800000,0.700000,0.400000,0.100000,0.100000,0.100000,0.100000,1.049253,0.000000
2,1,33,100,1.030000,0.820000,0.800000,0.700000,1.650000,0.100000,0.100000,0.100000,0.100000,0.007309,0.000000
2,2,3,100,1.030000,0.820000,0.800000,0.700000,0.150000,0.100000,0.100000,0.100000,0.100000,nan,0.000000
2,1,31,100,1.030000,0.820000,0.800000,0.700000,1.550000,0.100000,0.100000,0.100000,0.100000,0.007318,0.000000
2,2,7,100,1.030000,0.820000,0.800000,0.700000,0.350000,0.100000,0.100000,0.100000,0.100000,1.132730,0.000000
2,1,38,100,1.030000,0.820000,0.800000,0.700000,1.900000,0.100000,0.100000,0.100000,0.100000,0.008811,0.000000
2,2,5,100,1.030000,0.820000,0.800000,0.700000,0.250000,0.100000,0.100000,0.100000,0.100000,0.576972,0.000000
2,2,6,100,1.030000,0.820000,0.800000,0.700000,0.300000,0.100000,0.100000,0.100000,0.100000,0.657425,0.000000
2,1,39,100,1.030000,0.820000,0.800000,0.700000,1.950000,0.100000,0.100000,0.100000,0.100000,0.009886,0.000000
2,2,9,100,1.030000,0.820000,0.800000,0.700000,0.450000,0.100000,0.100000,0.100000,0.100000,0.783518,0.000000
2,2,4,100,1.030000,0.820000,0.800000,0.700000,0.200000,0.100000,0.100000,0.100000,0.100000,0.559411,0.000000
2,2,10,100,1.030000,0.820000,0.800000,0.700000,0.500000,0.100000,0.100000,0.100000,0.100000,0.398590,0.000000
2,2,12,100,1.030000,0.820000,0.800000,0.700000,0.600000,0.100000,0.100000,0.100000,0.100000,0.259286,0.000000
2,2,11,100,1.030000,0.820000,0.800000,0.700000,0.550000,0.100000,0.100000,0.100000,0.100000,0.303118,0.000000
2,2,13,100,1.030000,0.820000,0.800000,0.700000,0.650000,0.100000,0.100000,0.100000,0.100000,0.336947,0.000000
2,2,22,100,1.030000,0.820000,0.800000,0.700000,1.100000,0.100000,0.100000,0.100000,0.100000,0.004896,0.000000
2,2,17,100,1.030000,0.820000,0.800000,0.700000,0.850000,0.100000,0.100000,0.100000,0.100000,0.004326,0.000000
2,2,19,100,1.030000,0.820000,0.800000,0.700000,0.950000,0.100000,0.100000,0.100000,0.100000,0.004730,0.000000
2,2,24,100,1.030000,0.820000,0.800000,0.700000,1.200000,0.100000,0.100000,0.100000,0.100000,0.005110,0.000000
2,2,20,100,1.030000,0.820000,0.800000,0.700000,1.000000,0.100000,0.100000,0.100000,0.100000,0.004768,0.000000
2,2,16,100,1.030000,0.820000,0.800000,0.700000,0.800000,0.100000,0.100000,0.100000,0.100000,0.004410,0.000000
2,2,21,100,1.030000,0.820000,0.800000,0.700000,1.050000,0.100000,0.100000,0.100000,0.100000,0.004821,0.000000
2,2,28,100,1.030000,0.820000,0.800000,0.700000,1.400000,0.100000,0.100000,0.100000,0.100000,0.006877,0.000000
2,2,14,100,1.030000,0.820000,0.800000,0.700000,0.700000,0.100000,0.100000,0.100000,0.100000,0.005472,0.000000
2,2,29,100,1.030000,0.820000,0.800000,0.700000,1.450000,0.100000,0.100000,0.100000,0.100000,0.007069,0.000000
2,2,15,100,1.030000,0.820000,0.800000,0.700000,0.750000,0.100000,0.100000,0.100000,0.100000,0.005155,0.000000
2,2,23,100,1.030000,0.820000,0.800000,0.700000,1.150000,0.100000,0.100000,0.100000,0.100000,0.004955,0.000000
2,2,18,100,1.030000,0.820000,0.800000,0.700000,0.900000,0.100000,0.100000,0.100000,0.100000,0.004579,0.000000
2,2,25,100,1.030000,0.820000,0.800000,0.700000,1.250000,0.100000,0.100000,0.100000,0.100000,0.005480,0.000000
2,2,27,100,1.030000,0.820000,0.800000,0.700000,1.350000,0.100000,0.100000,0.100000,0.100000,0.006507,0.000000
2,2,34,100,1.030000,0.820000,0.800000,0.700000,1.700000,0.100000,0.100000,0.100000,0.100000,0.006281,0.000000
2,2,31,100,1.030000,0.820000,0.800000,0.700000,1.550000,0.100000,0.100000,0.100000,0.100000,0.007030,0.000000
2,2,26,100,1.030000,0.820000,0.800000,0.700000,1.300000,0.100000,0.100000,0.100000,0.100000,0.006000,0.000000
2,2,32,100,1.030000,0.820000,0.800000,0.700000,1.600000,0.100000,0.100000,0.100000,0.100000,0.006854,0.000000
2,2,30,100,1.030000,0.820000,0.800000,0.700000,1.500000,0.100000,0.100000,0.100000,0.100000,0.007106,0.000000
2,2,36,100,1.030000,0.820000,0.800000,0.700000,1.800000,0.100000,0.100000,0.100000,0.100000,0.005954,0.000000
2,3,4,100,1.030000,0.820000,0.800000,0.700000,0.200000,0.100000,0.100000,0.100000,0.100000,0.567135,0.000000
2,2,33,100,1.030000,0.820000,0.800000,0.700000,1.650000,0.100000,0.100000,0.100000,0.100000,0.006589,0.000000
2,2,37,100,1.030000,0.820000,0.800000,0.700000,1.850000,0.100000,0.100000,0.100000,0.100000,0.006164,0.000000
2,2,38,100,1.030000,0.820000,0.800000,0.700000,1.900000,0.100000,0.100000,0.100000,0.100000,0.006678,0.000000
2,3,2,100,1.030000,0.820000,0.800000,0.700000,0.100000,0.100000,0.100000,0.100000,0.100000,nan,0.000000
2,2,35,100,1.030000,0.820000,0.800000,0.700000,1.750000,0.100000,0.100000,0.100000,0.100000,0.006026,0.000000
2,3,5,100,1.030000,0.820000,0.800000,0.700000,0.250000,0.100000,0.100000,0.100000,0.100000,0.570795,0.000000
2,3,1,100,1.030000,0.820000,0.800000,0.700000,0.050000,0.100000,0.100000,0.100000,0.100000,nan,0.000000
2,2,40,100,1.030000,0.820000,0.800000,0.700000,2.000000,0.100000,0.100000,0.100000,0.100000,0.008367,0.000000
2,3,11,100,1.030000,0.820000,0.800000,0.700000,0.550000,0.100000,0.100000,0.100000,0.100000,0.107023,0.000000
2,3,10,100,1.030000,0.820000,0.800000,0.700000,0.500000,0.100000,0.100000,0.100000,0.100000,0.278675,0.000000
2,2,39,100,1.030000,0.820000,0.800000,0.700000,1.950000,0.100000,0.100000,0.100000,0.100000,0.007439,0.000000
2,3,8,100,1.030000,0.820000,0.800000,0.700000,0.400000,0.100000,0.100000,0.100000,0.100000,1.095594,0.000000
2,3,3,100,1.030000,0.820000,0.800000,0.700000,0.150000,0.100000,0.100000,0.100000,0.100000,nan,0.000000
2,3,14,100,1.030000,0.820000,0.800000,0.700000,0.700000,0.100000,0.100000,0.100000,0.100000,0.008890,0.000000
2,3,9,100,1.030000,0.820000,0.800000,0.700000,0.450000,0.100000,0.100000,0.100000,0.100000,0.798009,0.000000
2,3,6,100,1.030000,0.820000,0.800000,0.700000,0.300000,0.100000,0.100000,0.100000,0.100000,0.586880,0.000000
2,3,7,100,1.030000,0.820000,0.800000,0.700000,0.350000,0.100000,0.100000,0.100000,0.100000,1.131942,0.000000
2,3,12,100,1.030000,0.820000,0.800000,0.700000,0.600000,0.100000,0.100000,0.100000,0.100000,0.030355,0.000000
2,3,13,100,1.030000,0.820000,0.800000,0.700000,0.650000,0.100000,0.100000,0.100000,0.100000,0.018153,0.000000
2,3,19,100,1.030000,0.820000,0.800000,0.700000,0.950000,0.100000,0.100000,0.100000,0.100000,0.003687,0.000000
2,3,16,100,1.030000,0.820000,0.800000,0.700000,0.800000,0.100000,0.100000,0.100000,0.100000,0.004482,0.000000
2,3,21,100,1.030000,0.820000,0.800000,0.700000,1.050000,0.100000,0.100000,0.100000,0.100000,0.003984,0.000000
2,3,15,100,1.030000,0.820000,0.800000,0.700000,0.750000,0.100000,0.100000,0.100000,0.100000,0.005432,0.000000
2,3,20,100,1.030000,0.820000,0.800000,0.700000,1.000000,0.100000,0.100000,0.100000,0.100000,0.003681,0.000000
2,3,26,100,1.030000,0.820000,0.800000,0.700000,1.300000,0.100000,0.100000,0.100000,0.100000,0.004519,0.000000
2,3,18,100,1.030000,0.820000,0.800000,0.700000,0.900000,0.100000,0.100000,0.100000,0.100000,0.003594,0.000000
2,3,23,100,1.030000,0.820000,0.800000,0.700000,1.150000,0.100000,0.100000,0.100000,0.100000,0.003476,0.000000
2,3,17,100,1.030000,0.820000,0.800000,0.700000,0.850000,0.100000,0.100000,0.100000,0.100000,0.003963,0.000000
2,3,34,100,1.030000,0.820000,0.800000,0.700000,1.700000,0.100000,0.100000,0.100000,0.100000,0.006890,0.000000
2,3,25,100,1.030000,0.820000,0.800000,0.700000,1.250000,0.100000,0.100000,0.100000,0.100000,0.004111,0.000000
2,3,28,100,1.030000,0.820000,0.800000,0.700000,1.400000,0.100000,0.100000,0.100000,0.100000,0.004907,0.000000
2,3,27,100,1.030000,0.820000,0.800000,0.700000,1.350000,0.100000,0.100000,0.100000,0.100000,0.004278,0.000000
2,3,30,100,1.030000,0.820000,0.800000,0.700000,1.500000,0.100000,0.100000,0.100000,0.100000,0.005166,0.000000
2,3,32,100,1.030000,0.820000,0.800000,0.700000,1.600000,0.100000,0.100000,0.100000,0.100000,0.006233,0.000000
2,3,22,100,1.030000,0.820000,0.800000,0.700000,1.100000,0.100000,0.100000,0.100000,0.100000,0.003996,0.000000
2,3,29,100,1.030000,0.820000,0.800000,0.700000,1.450000,0.100000,0.100000,0.100000,0.100000,0.005054,0.000000
2,3,24,100,1.030000,0.820000,0.800000,0.700000,1.200000,0.100000,0.100000,0.100000,0.100000,0.003446,0.000000
2,3,31,100,1.030000,0.820000,0.800000,0.700000,1.550000,0.100000,0.100000,0.100000,0.100000,0.005667,0.000000
2,3,38,100,1.030000,0.820000,0.800000,0.700000,1.900000,0.100000,0.100000,0.100000,0.100000,0.007707,0.000000
2,3,37,100,1.030000,0.820000,0.800000,0.700000,1.850000,0.100000,0.100000,0.100000,0.100000,0.007475,0.000000
2,4,1,100,1.030000,0.820000,0.800000,0.700000,0.050000,0.100000,0.100000,0.100000,0.100000,nan,0.000000
2,3,33,100,1.030000,0.820000,0.800000,0.700000,1.650000,0.100000,0.100000,0.100000,0.100000,0.006653,0.000000
2,3,40,100,1.030000,0.820000,0.800000,0.700000,2.000000,0.100000,0.100000,0.100000,0.100000,0.007373,0.000000
2,3,35,100,1.030000,0.820000,0.800000,0.700000,1.750000,0.100000,0.100000,0.100000,0.100000,0.007032,0.000000
2,3,36,100,1.030000,0.820000,0.800000,0.700000,1.800000,0.100000,0.100000,0.100000,0.100000,0.007212,0.000000
2,4,4,100,1.030000,0.820000,0.800000,0.700000,0.200000,0.100000,0.100000,0.100000,0.100000,0.560708,0.000000
2,3,39,100,1.030000,0.820000,0.800000,0.700000,1.950000,0.100000,0.100000,0.100000,0.100000,0.007714,0.000000
2,4,3,100,1.030000,0.820000,0.800000,0.700000,0.150000,0.100000,0.100000,0.100000,0.100000,nan,0.000000
2,4,6,100,1.030000,0.820000,0.800000,0.700000,0.300000,0.100000,0.100000,0.100000,0.100000,0.593283,0.000000
2,4,9,100,1.030000,0.820000,0.800000,0.700000,0.450000,0.100000,0.100000,0.100000,0.100000,0.812775,0.000000
2,4,5,100,1.030000,0.820000,0.800000,0.700000,0.250000,0.100000,0.100000,0.100000,0.100000,0.557407,0.000000
2,4,8,100,1.030000,0.820000,0.800000,0.700000,0.400000,0.100000,0.100000,0.100000,0.100000,1.025703,0.000000
2,4,15,100,1.030000,0.820000,0.800000,0.700000,0.750000,0.100000,0.100000,0.100000,0.100000,0.007886,0.000000
2,4,7,100,1.030000,0.820000,0.800000,0.700000,0.350000,0.100000,0.100000,0.100000,0.100000,1.133968,0.000000
2,4,2,100,1.030000,0.820000,0.800000,0.700000,0.100000,0.100000,0.100000,0.100000,0.100000,nan,0.000000
2,4,12,100,1.030000,0.820000,0.800000,0.700000,0.600000,0.100000,0.100000,0.100000,0.100000,0.281573,0.000000
2,4,17,100,1.030000,0.820000,0.800000,0.700000,0.850000,0.100000,0.100000,0.100000,0.100000,0.008657,0.000000
2,4,14,100,1.030000,0.820000,0.800000,0.700000,0.700000,0.100000,0.100000,0.100000,0.100000,0.008493,0.000000
2,4,24,100,1.030000,0.820000,0.800000,0.700000,1.200000,0.100000,0.100000,0.100000,0.100000,0.020682,0.000000
2,4,16,100,1.030000,0.820000,0.800000,0.700000,0.800000,0.100000,0.100000,0.100000,0.100000,0.007727,0.000000
2,4,18,100,1.030000,0.820000,0.800000,0.700000,0.900000,0.100000,0.100000,0.100000,0.100000,0.010466,0.000000
2,4,23,100,1.030000,0.820000,0.800000,0.700000,1.150000,0.100000,0.100000,0.100000,0.100000,0.018521,0.000000
2,4,20,100,1.030000,0.820000,0.800000,0.700000,1.000000,0.100000,0.100000,0.100000,0.100000,0.014413,0.000000
2,4,13,100,1.030000,0.820000,0.800000,0.700000,0.650000,0.100000,0.100000,0.100000,0.100000,0.042434,0.000000
2,4,11,100,1.030000,0.820000,0.800000,0.700000,0.550000,0.100000,0.100000,0.100000,0.100000,0.275469,0.000000
2,4,10,100,1.030000,0.820000,0.800000,0.700000,0.500000,0.100000,0.100000,0.100000,0.100000,0.392272,0.000000
2,4,22,100,1.030000,0.820000,0.800000,0.700000,1.100000,0.100000,0.100000,0.100000,0.100000,0.017377,0.000000
2,4,19,100,1.030000,0.820000,0.800000,0.700000,0.950000,0.100000,0.100000,0.100000,0.100000,0.012495,0.000000
2,4,27,100,1.030000,0.820000,0.800000,0.700000,1.350000,0.100000,0.100000,0.100000,0.100000,0.016298,0.000000
2,4,25,100,1.030000,0.820000,0.800000,0.700000,1.250000,0.100000,0.100000,0.100000,0.100000,0.017154,0.000000
2,4,26,100,1.030000,0.820000,0.800000,0.700000,1.300000,0.100000,0.100000,0.100000,0.100000,0.016237,0.000000
2,4,21,100,1.030000,0.820000,0.800000,0.700000,1.050000,0.100000,0.100000,0.100000,0.100000,0.016074,0.000000
2,4,28,100,1.030000,0.820000,0.800000,0.700000,1.400000,0.100000,0.100000,0.100000,0.100000,0.016885,0.000000
2,4,29,100,1.030000,0.820000,0.800000,0.700000,1.450000,0.100000,0.100000,0.100000,0.100000,0.017744,0.000000
2,4,32,100,1.030000,0.820000,0.800000,0.700000,1.600000,0.100000,0.100000,0.100000,0.100000,0.020509,0.000000
2,4,31,100,1.030000,0.820000,0.800000,0.700000,1.550000,0.100000,0.100000,0.100000,0.100000,0.019643,0.000000
2,4,36,100,1.030000,0.820000,0.800000,0.700000,1.800000,0.100000,0.100000,0.100000,0.100000,0.022973,0.000000
2,5,1,100,1.030000,0.820000,0.800000,0.700000,0.050000,0.100000,0.100000,0.100000,0.100000,nan,0.000000
2,5,4,100,1.030000,0.820000,0.800000,0.700000,0.200000,0.100000,0.100000,0.100000,0.100000,0.563190,0.000000
2,4,33,100,1.030000,0.820000,0.800000,0.700000,1.650000,0.100000,0.100000,0.100000,0.100000,0.021264,0.000000
2,4,40,100,1.030000,0.820000,0.800000,0.700000,2.000000,0.100000,0.100000,0.100000,0.100000,0.026471,0.000000
2,4,30,100,1.030000,0.820000,0.800000,0.700000,1.500000,0.100000,0.100000,0.100000,0.100000,0.018699,0.000000
2,5,2,100,1.030000,0.820000,0.800000,0.700000,0.100000,0.100000,0.100000,0.100000,0.100000,nan,0.000000
2,4,34,100,1.030000,0.820000,0.800000,0.700000,1.700000,0.100000,0.100000,0.100000,0.100000,0.021900,0.000000
2,5,10,100,1.030000,0.820000,0.800000,0.700000,0.500000,0.100000,0.100000,0.100000,0.100000,0.411820,0.000000
2,5,6,100,1.030000,0.820000,0.800000,0.700000,0.300000,0.100000,0.100000,0.100000,0.100000,0.571383,0.000000
2,4,37,100,1.030000,0.820000,0.800000,0.700000,1.850000,0.100000,0.100000,0.100000,0.100000,0.023576,0.000000
2,4,39,100,1.030000,0.820000,0.800000,0.700000,1.950000,0.100000,0.100000,0.100000,0.100000,0.025318,0.000000
2,4,35,100,1.030000,0.820000,0.800000,0.700000,1.750000,0.100000,0.100000,0.100000,0.100000,0.022446,0.000000
2,5,3,100,1.030000,0.820000,0.800000,0.700000,0.150000,0.100000,0.100000,0.100000,0.100000,nan,0.000000
2,5,5,100,1.030000,0.820000,0.800000,0.700000,0.250000,0.100000,0.100000,0.100000,0.100000,0.583681,0.000000
2,5,12,100,1.030000,0.820000,0.800000,0.700000,0.600000,0.100000,0.100000,0.100000,0.100000,0.229904,0.000000
2,5,7,100,1.030000,0.820000,0.800000,0.700000,0.350000,0.100000,0.100000,0.100000,0.100000,1.133968,0.000000
2,4,38,100,1.030000,0.820000,0.800000,0.700000,1.900000,0.100000,0.100000,0.100000,0.100000,0.024345,0.000000
2,5,11,100,1.030000,0.820000,0.800000,0.700000,0.550000,0.100000,0.100000,0.100000,0.100000,0.332868,0.000000
2,5,8,100,1.030000,0.820000,0.800000,0.700000,0.400000,0.100000,0.100000,0.100000,0.100000,0.994656,0.000000
2,5,9,100,1.030000,0.820000,0.800000,0.700000,0.450000,0.100000,0.100000,0.100000,0.100000,0.830409,0.000000
2,5,25,100,1.030000,0.820000,0.800000,0.700000,1.250000,0.100000,0.100000,0.100000,0.100000,0.003769,0.000000
2,5,17,100,1.030000,0.820000,0.800000,0.700000,0.850000,0.100000,0.100000,0.100000,0.100000,0.004646,0.000000
2,5,19,100,1.030000,0.820000,0.800000,0.700000,0.950000,0.100000,0.100000,0.100000,0.100000,0.006201,0.000000
2,5,26,100,1.030000,0.820000,0.800000,0.700000,1.300000,0.100000,0.100000,0.100000,0.100000,0.004614,0.000000
2,5,14,100,1.030000,0.820000,0.800000,0.700000,0.700000,0.100000,0.100000,0.100000,0.100000,0.013315,0.000000
2,5,18,100,1.030000,0.820000,0.800000,0.700000,0.900000,0.100000,0.100000,0.100000,0.100000,0.005739,0.000000
2,5,13,100,1.030000,0.820000,0.800000,0.700000,0.650000,0.100000,0.100000,0.100000,0.100000,0.066450,0.000000
2,5,20,100,1.030000,0.820000,0.800000,0.700000,1.000000,0.100000,0.100000,0.100000,0.100000,0.006078,0.000000
2,5,27,100,1.030000,0.820000,0.800000,0.700000,1.350000,0.100000,0.100000,0.100000,0.100000,0.006397,0.000000
2,5,24,100,1.030000,0.820000,0.800000,0.700000,1.200000,0.100000,0.100000,0.100000,0.100000,0.004466,0.000000
2,5,15,100,1.030000,0.820000,0.800000,0.700000,0.750000,0.100000,0.100000,0.100000,0.100000,0.006291,0.000000
2,5,22,100,1.030000,0.820000,0.800000,0.700000,1.100000,0.100000,0.100000,0.100000,0.100000,0.005754,0.000000
2,5,16,100,1.030000,0.820000,0.800000,0.700000,0.800000,0.100000,0.100000,0.100000,0.100000,0.004763,0.000000
2,5,31,100,1.030000,0.820000,0.800000,0.700000,1.550000,0.100000,0.100000,0.100000,0.100000,0.010941,0.000000
2,5,21,100,1.030000,0.820000,0.800000,0.700000,1.050000,0.100000,0.100000,0.100000,0.100000,0.005882,0.000000
2,5,23,100,1.030000,0.820000,0.800000,0.700000,1.150000,0.100000,0.100000,0.100000,0.100000,0.005320,0.000000
2,5,28,100,1.030000,0.820000,0.800000,0.700000,1.400000,0.100000,0.100000,0.100000,0.100000,0.008055,0.000000
2,5,32,100,1.030000,0.820000,0.800000,0.700000,1.600000,0.100000,0.100000,0.100000,0.100000,0.011695,0.000000
2,5,33,100,1.030000,0.820000,0.800000,0.700000,1.650000,0.100000,0.100000,0.100000,0.100000,0.012391,0.000000
2,5,34,100,1.030000,0.820000,0.800000,0.700000,1.700000,0.100000,0.100000,0.100000,0.100000,0.012894,0.000000
2,5,30,100,1.030000,0.820000,0.800000,0.700000,1.500000,0.100000,0.100000,0.100000,0.100000,0.010190,0.000000
2,5,29,100,1.030000,0.820000,0.800000,0.700000,1.450000,0.100000,0.100000,0.100000,0.100000,0.009314,0.000000
2,5,35,100,1.030000,0.820000,0.800000,0.700000,1.750000,0.100000,0.100000,0.100000,0.100000,0.013136,0.000000
2,5,36,100,1.030000,0.820000,0.800000,0.700000,1.800000,0.100000,0.100000,0.100000,0.100000,0.013163,0.000000
2,5,37,100,1.030000,0.820000,0.800000,0.700000,1.850000,0.100000,0.100000,0.100000,0.100000,0.013087,0.000000
2,5,38,100,1.030000,0.820000,0.800000,0.700000,1.900000,0.100000,0.100000,0.100000,0.100000,0.013013,0.000000
2,6,2,100,1.030000,0.820000,0.800000,0.700000,0.100000,0.100000,0.100000,0.100000,0.100000,nan,0.000000
2,6,1,100,1.030000,0.820000,0.800000,0.700000,0.050000,0.100000,0.100000,0.100000,0.100000,nan,0.000000
2,5,39,100,1.030000,0.820000,0.800000,0.700000,1.950000,0.100000,0.100000,0.100000,0.100000,0.013028,0.000000
2,6,4,100,1.030000,0.820000,0.800000,0.700000,0.200000,0.100000,0.100000,0.100000,0.100000,0.561268,0.000000
2,6,11,100,1.030000,0.820000,0.800000,0.700000,0.550000,0.100000,0.100000,0.100000,0.100000,0.345331,0.000000
2,5,40,100,1.030000,0.820000,0.800000,0.700000,2.000000,0.100000,0.100000,0.100000,0.100000,0.013180,0.000000
2,6,9,100,1.030000,0.820000,0.800000,0.700000,0.450000,0.100000,0.100000,0.100000,0.100000,0.845683,0.000000
2,6,3,100,1.030000,0.820000,0.800000,0.700000,0.150000,0.100000,0.100000,0.100000,0.100000,nan,0.000000
2,6,5,100,1.030000,0.820000,0.800000,0.700000,0.250000,0.100000,0.100000,0.100000,0.100000,0.587421,0.000000
2,6,6,100,1.030000,0.820000,0.800000,0.700000,0.300000,0.100000,0.100000,0.100000,0.100000,0.601901,0.000000
2,6,10,100,1.030000,0.820000,0.800000,0.700000,0.500000,0.100000,0.100000,0.100000,0.100000,0.493432,0.000000
2,6,8,100,1.030000,0.820000,0.800000,0.700000,0.400000,0.100000,0.100000,0.100000,0.100000,1.057387,0.000000
2,6,15,100,1.030000,0.820000,0.800000,0.700000,0.750000,0.100000,0.100000,0.100000,0.100000,0.004499,0.000000
2,6,7,100,1.030000,0.820000,0.800000,0.700000,0.350000,0.100000,0.100000,0.100000,0.100000,1.134206,0.000000
2,6,12,100,1.030000,0.820000,0.800000,0.700000,0.600000,0.100000,0.100000,0.100000,0.100000,0.296023,0.000000
2,6,13,100,1.030000,0.820000,0.800000,0.700000,0.650000,0.100000,0.100000,0.100000,0.100000,0.060111,0.000000
2,6,17,100,1.030000,0.820000,0.800000,0.700000,0.850000,0.100000,0.100000,0.100000,0.100000,0.005443,0.000000
2,6,18,100,1.030000,0.820000,0.800000,0.700000,0.900000,0.100000,0.100000,0.100000,0.100000,0.005802,0.000000
2,6,14,100,1.030000,0.820000,0.800000,0.700000,0.700000,0.100000,0.100000,0.100000,0.100000,0.015733,0.000000
2,6,20,100,1.030000,0.820000,0.800000,0.700000,1.000000,0.100000,0.100000,0.100000,0.100000,0.004213,0.000000
2,6,22,100,1.030000,0.820000,0.800000,0.700000,1.100000,0.100000,0.100000,0.100000,0.100000,0.002873,0.000000
2,6,19,100,1.030000,0.820000,0.800000,0.700000,0.950000,0.100000,0.100000,0.100000,0.100000,0.005159,0.000000
2,6,24,100,1.030000,0.820000,0.800000,0.700000,1.200000,0.100000,0.100000,0.100000,0.100000,0.002233,0.000000
2,6,16,100,1.030000,0.820000,0.800000,0.700000,0.800000,0.100000,0.100000,0.100000,0.100000,0.004607,0.000000
2,6,21,100,1.030000,0.820000,0.800000,0.700000,1.050000,0.100000,0.100000,0.100000,0.100000,0.003490,0.000000
2,6,26,100,1.030000,0.820000,0.800000,0.700000,1.300000,0.100000,0.100000,0.100000,0.100000,0.002410,0.000000
2,6,33,100,1.030000,0.820000,0.800000,0.700000,1.650000,0.100000,0.100000,0.100000,0.100000,0.007710,0.000000
2,6,35,100,1.030000,0.820000,0.800000,0.700000,1.750000,0.100000,0.100000,0.100000,0.100000,0.010066,0.000000
2,6,28,100,1.030000,0.820000,0.800000,0.700000,1.400000,0.100000,0.100000,0.100000,0.100000,0.003268,0.000000
2,6,23,100,1.030000,0.820000,0.800000,0.700000,1.150000,0.100000,0.100000,0.100000,0.100000,0.002398,0.000000
2,6,27,100,1.030000,0.820000,0.800000,0.700000,1.350000,0.100000,0.100000,0.100000,0.100000,0.002739,0.000000
2,6,25,100,1.030000,0.820000,0.800000,0.700000,1.250000,0.100000,0.100000,0.100000,0.100000,0.002274,0.000000
2,6,31,100,1.030000,0.820000,0.800000,0.700000,1.550000,0.100000,0.100000,0.100000,0.100000,0.005425,0.000000
2,6,30,100,1.030000,0.820000,0.800000,0.700000,1.500000,0.100000,0.100000,0.100000,0.100000,0.004498,0.000000
2,6,29,100,1.030000,0.820000,0.800000,0.700000,1.450000,0.100000,0.100000,0.100000,0.100000,0.003847,0.000000
2,6,32,100,1.030000,0.820000,0.800000,0.700000,1.600000,0.100000,0.100000,0.100000,0.100000,0.006560,0.000000
2,6,34,100,1.030000,0.820000,0.800000,0.700000,1.700000,0.100000,0.100000,0.100000,0.100000,0.008868,0.000000
2,6,36,100,1.030000,0.820000,0.800000,0.700000,1.800000,0.100000,0.100000,0.100000,0.100000,0.011224,0.000000
2,6,37,100,1.030000,0.820000,0.800000,0.700000,1.850000,0.100000,0.100000,0.100000,0.100000,0.012219,0.000000
2,6,38,100,1.030000,0.820000,0.800000,0.700000,1.900000,0.100000,0.100000,0.100000,0.100000,0.012986,0.000000
2,7,5,100,1.030000,0.820000,0.800000,0.700000,0.250000,0.100000,0.100000,0.100000,0.100000,0.578496,0.000000
2,7,2,100,1.030000,0.820000,0.800000,0.700000,0.100000,0.100000,0.100000,0.100000,0.100000,nan,0.000000
2,7,4,100,1.030000,0.820000,0.800000,0.700000,0.200000,0.100000,0.100000,0.100000,0.100000,0.561728,0.000000
2,6,39,100,1.030000,0.820000,0.800000,0.700000,1.950000,0.100000,0.100000,0.100000,0.100000,0.013520,0.000000
2,6,40,100,1.030000,0.820000,0.800000,0.700000,2.000000,0.100000,0.100000,0.100000,0.100000,0.013856,0.000000
2,7,16,100,1.030000,0.820000,0.800000,0.700000,0.800000,0.100000,0.100000,0.100000,0.100000,0.004119,0.000000
2,7,8,100,1.030000,0.820000,0.800000,0.700000,0.400000,0.100000,0.100000,0.100000,0.100000,1.023056,0.000000
2,7,1,100,1.030000,0.820000,0.800000,0.700000,0.050000,0.100000,0.100000,0.100000,0.100000,nan,0.000000
2,7,12,100,1.030000,0.820000,0.800000,0.700000,0.600000,0.100000,0.100000,0.100000,0.100000,0.235105,0.000000
2,7,3,100,1.030000,0.820000,0.800000,0.700000,0.150000,0.100000,0.100000,0.100000,0.100000,nan,0.000000
2,7,6,100,1.030000,0.820000,0.800000,0.700000,0.300000,0.100000,0.100000,0.100000,0.100000,0.604707,0.000000
2,7,14,100,1.030000,0.820000,0.800000,0.700000,0.700000,0.100000,0.100000,0.100000,0.100000,0.002987,0.000000
2,7,7,100,1.030000,0.820000,0.800000,0.700000,0.350000,0.100000,0.100000,0.100000,0.100000,1.126689,0.000000
2,7,13,100,1.030000,0.820000,0.800000,0.700000,0.650000,0.100000,0.100000,0.100000,0.100000,0.058175,0.000000
2,7,9,100,1.030000,0.820000,0.800000,0.700000,0.450000,0.100000,0.100000,0.100000,0.100000,0.724051,0.000000
2,7,10,100,1.030000,0.820000,0.800000,0.700000,0.500000,0.100000,0.100000,0.100000,0.100000,0.419017,0.000000
2,7,11,100,1.030000,0.820000,0.800000,0.700000,0.550000,0.100000,0.100000,0.100000,0.100000,0.344113,0.000000
2,7,15,100,1.030000,0.820000,0.800000,0.700000,0.750000,0.100000,0.100000,0.100000,0.100000,0.003382,0.000000
2,7,19,100,1.030000,0.820000,0.800000,0.700000,0.950000,0.100000,0.100000,0.100000,0.100000,0.004610,0.000000
2,7,26,100,1.030000,0.820000,0.800000,0.700000,1.300000,0.100000,0.100000,0.100000,0.100000,0.002333,0.000000
2,7,25,100,1.030000,0.820000,0.800000,0.700000,1.250000,0.100000,0.100000,0.100000,0.100000,0.002542,0.000000
2,7,17,100,1.030000,0.820000,0.800000,0.700000,0.850000,0.100000,0.100000,0.100000,0.100000,0.004783,0.000000
2,7,24,100,1.030000,0.820000,0.800000,0.700000,1.200000,0.100000,0.100000,0.100000,0.100000,0.002890,0.000000
2,7,20,100,1.030000,0.820000,0.800000,0.700000,1.000000,0.100000,0.100000,0.100000,0.100000,0.004295,0.000000
2,7,18,100,1.030000,0.820000,0.800000,0.700000,0.900000,0.100000,0.100000,0.100000,0.100000,0.004896,0.000000
2,7,21,100,1.030000,0.820000,0.800000,0.700000,1.050000,0.100000,0.100000,0.100000,0.100000,0.004033,0.000000
2,7,22,100,1.030000,0.820000,0.800000,0.700000,1.100000,0.100000,0.100000,0.100000,0.100000,0.003720,0.000000
2,7,28,100,1.030000,0.820000,0.800000,0.700000,1.400000,0.100000,0.100000,0.100000,0.100000,0.002072,0.000000
2,7,27,100,1.030000,0.820000,0.800000,0.700000,1.350000,0.100000,0.100000,0.100000,0.100000,0.002206,0.000000
2,7,23,100,1.030000,0.820000,0.800000,0.700000,1.150000,0.100000,0.100000,0.100000,0.100000,0.003319,0.000000
2,7,29,100,1.030000,0.820000,0.800000,0.700000,1.450000,0.100000,0.100000,0.100000,0.100000,0.001903,0.000000
2,7,33,100,1.030000,0.820000,0.800000,0.700000,1.650000,0.100000,0.100000,0.100000,0.100000,0.002982,0.000000
2,7,38,100,1.030000,0.820000,0.800000,0.700000,1.900000,0.100000,0.100000,0.100000,0.100000,0.005605,0.000000
2,8,1,100,1.030000,0.820000,0.800000,0.700000,0.050000,0.100000,0.100000,0.100000,0.100000,nan,0.000000
2,7,37,100,1.030000,0.820000,0.800000,0.700000,1.850000,0.100000,0.100000,0.100000,0.100000,0.005106,0.000000
2,7,32,100,1.030000,0.820000,0.800000,0.700000,1.600000,0.100000,0.100000,0.100000,0.100000,0.002372,0.000000
2,7,31,100,1.030000,0.820000,0.800000,0.700000,1.550000,0.100000,0.100000,0.100000,0.100000,0.001921,0.000000
2,7,30,100,1.030000,0.820000,0.800000,0.700000,1.500000,0.100000,0.100000,0.100000,0.100000,0.001788,0.000000
2,7,34,100,1.030000,0.820000,0.800000,0.700000,1.700000,0.100000,0.100000,0.100000,0.100000,0.003589,0.000000
2,7,35,100,1.030000,0.820000,0.800000,0.700000,1.750000,0.100000,0.100000,0.100000,0.100000,0.004130,0.000000
2,7,36,100,1.030000,0.820000,0.800000,0.700000,1.800000,0.100000,0.100000,0.100000,0.100000,0.004622,0.000000
2,7,39,100,1.030000,0.820000,0.800000,0.700000,1.950000,0.100000,0.100000,0.100000,0.100000,0.006105,0.000000
2,8,3,100,1.030000,0.820000,0.800000,0.700000,0.150000,0.100000,0.100000,0.100000,0.100000,nan,0.000000
2,8,2,100,1.030000,0.820000,0.800000,0.700000,0.100000,0.100000,0.100000,0.100000,0.100000,nan,0.000000
2,7,40,100,1.030000,0.820000,0.800000,0.700000,2.000000,0.100000,0.100000,0.100000,0.100000,0.006578,0.000000
2,8,6,100,1.030000,0.820000,0.800000,0.700000,0.300000,0.100000,0.100000,0.100000,0.100000,0.657200,0.000000
2,8,4,100,1.030000,0.820000,0.800000,0.700000,0.200000,0.100000,0.100000,0.100000,0.100000,0.563366,0.000000
2,8,5,100,1.030000,0.820000,0.800000,0.700000,0.250000,0.100000,0.100000,0.100000,0.100000,0.594369,0.000000
2,8,14,100,1.030000,0.820000,0.800000,0.700000,0.700000,0.100000,0.100000,0.100000,0.100000,0.014942,0.000000
2,8,7,100,1.030000,0.820000,0.800000,0.700000,0.350000,0.100000,0.100000,0.100000,0.100000,1.132835,0.000000
2,8,12,100,1.030000,0.820000,0.800000,0.700000,0.600000,0.100000,0.100000,0.100000,0.100000,0.021650,0.000000
2,8,9,100,1.030000,0.820000,0.800000,0.700000,0.450000,0.100000,0.100000,0.100000,0.100000,0.734302,0.000000
2,8,10,100,1.030000,0.820000,0.800000,0.700000,0.500000,0.100000,0.100000,0.100000,0.100000,0.881077,0.000000
2,8,11,100,1.030000,0.820000,0.800000,0.700000,0.550000,0.100000,0.100000,0.100000,0.100000,0.063177,0.000000
2,8,15,100,1.030000,0.820000,0.800000,0.700000,0.750000,0.100000,0.100000,0.100000,0.100000,0.005950,0.000000
2,8,8,100,1.030000,0.820000,0.800000,0.700000,0.400000,0.100000,0.100000,0.100000,0.100000,1.063607,0.000000
2,8,16,100,1.030000,0.820000,0.800000,0.700000,0.800000,0.100000,0.100000,0.100000,0.100000,0.006228,0.000000
2,8,19,100,1.030000,0.820000,0.800000,0.700000,0.950000,0.100000,0.100000,0.100000,0.100000,0.005690,0.000000
2,8,13,100,1.030000,0.820000,0.800000,0.700000,0.650000,0.100000,0.100000,0.100000,0.100000,0.013795,0.000000
2,8,17,100,1.030000,0.820000,0.800000,0.700000,0.850000,0.100000,0.100000,0.100000,0.100000,0.006312,0.000000
2,8,22,100,1.030000,0.820000,0.800000,0.700000,1.100000,0.100000,0.100000,0.100000,0.100000,0.004980,0.000000
2,8,24,100,1.030000,0.820000,0.800000,0.700000,1.200000,0.100000,0.100000,0.100000,0.100000,0.004931,0.000000
2,8,18,100,1.030000,0.820000,0.800000,0.700000,0.900000,0.100000,0.100000,0.100000,0.100000,0.006078,0.000000
2,8,23,100,1.030000,0.820000,0.800000,0.700000,1.150000,0.100000,0.100000,0.100000,0.100000,0.004948,0.000000
2,8,21,100,1.030000,0.820000,0.800000,0.700000,1.050000,0.100000,0.100000,0.100000,0.100000,0.005080,0.000000
2,8,20,100,1.030000,0.820000,0.800000,0.700000,1.000000,0.100000,0.100000,0.100000,0.100000,0.005318,0.000000
2,8,29,100,1.030000,0.820000,0.800000,0.700000,1.450000,0.100000,0.100000,0.100000,0.100000,0.005303,0.000000
2,8,25,100,1.030000,0.820000,0.800000,0.700000,1.250000,0.100000,0.100000,0.100000,0.100000,0.004925,0.000000
2,8,37,100,1.030000,0.820000,0.800000,0.700000,1.850000,0.100000,0.100000,0.100000,0.100000,0.007146,0.000000
2,8,32,100,1.030000,0.820000,0.800000,0.700000,1.600000,0.100000,0.100000,0.100000,0.100000,0.005492,0.000000
2,8,26,100,1.030000,0.820000,0.800000,0.700000,1.300000,0.100000,0.100000,0.100000,0.100000,0.004959,0.000000
2,8,28,100,1.030000,0.820000,0.800000,0.700000,1.400000,0.100000,0.100000,0.100000,0.100000,0.005179,0.000000
2,8,39,100,1.030000,0.820000,0.800000,0.700000,1.950000,0.100000,0.100000,0.100000,0.100000,0.008480,0.000000
2,8,33,100,1.030000,0.820000,0.800000,0.700000,1.650000,0.100000,0.100000,0.100000,0.100000,0.005595,0.000000
2,8,31,100,1.030000,0.820000,0.800000,0.700000,1.550000,0.100000,0.100000,0.100000,0.100000,0.005441,0.000000
2,8,35,100,1.030000,0.820000,0.800000,0.700000,1.750000,0.100000,0.100000,0.100000,0.100000,0.006125,0.000000
2,8,30,100,1.030000,0.820000,0.800000,0.700000,1.500000,0.100000,0.100000,0.100000,0.100000,0.005390,0.000000
2,8,27,100,1.030000,0.820000,0.800000,0.700000,1.350000,0.100000,0.100000,0.100000,0.100000,0.005050,0.000000
2,8,36,100,1.030000,0.820000,0.800000,0.700000,1.800000,0.100000,0.100000,0.100000,0.100000,0.006581,0.000000
2,8,34,100,1.030000,0.820000,0.800000,0.700000,1.700000,0.100000,0.100000,0.100000,0.100000,0.005797,0.000000
2,8,38,100,1.030000,0.820000,0.800000,0.700000,1.900000,0.100000,0.100000,0.100000,0.100000,0.007789,0.000000
2,9,10,100,1.030000,0.820000,0.800000,0.700000,0.500000,0.100000,0.100000,0.100000,0.100000,0.534257,0.000000
2,9,1,100,1.030000,0.820000,0.800000,0.700000,0.050000,0.100000,0.100000,0.100000,0.100000,nan,0.000000
2,9,6,100,1.030000,0.820000,0.800000,0.700000,0.300000,0.100000,0.100000,0.100000,0.100000,0.659617,0.000000
2,9,7,100,1.030000,0.820000,0.800000,0.700000,0.350000,0.100000,0.100000,0.100000,0.100000,1.133968,0.000000
2,9,3,100,1.030000,0.820000,0.800000,0.700000,0.150000,0.100000,0.100000,0.100000,0.100000,nan,0.000000
2,8,40,100,1.030000,0.820000,0.800000,0.700000,2.000000,0.100000,0.100000,0.100000,0.100000,0.009190,0.000000
2,9,2,100,1.030000,0.820000,0.800000,0.700000,0.100000,0.100000,0.100000,0.100000,0.100000,nan,0.000000
2,9,5,100,1.030000,0.820000,0.800000,0.700000,0.250000,0.100000,0.100000,0.100000,0.100000,0.577115,0.000000
2,9,13,100,1.030000,0.820000,0.800000,0.700000,0.650000,0.100000,0.100000,0.100000,0.100000,0.067988,0.000000
2,9,17,100,1.030000,0.820000,0.800000,0.700000,0.850000,0.100000,0.100000,0.100000,0.100000,0.009468,0.000000
2,9,4,100,1.030000,0.820000,0.800000,0.700000,0.200000,0.100000,0.100000,0.100000,0.100000,0.562485,0.000000
2,9,8,100,1.030000,0.820000,0.800000,0.700000,0.400000,0.100000,0.100000,0.100000,0.100000,1.024529,0.000000
2,9,15,100,1.030000,0.820000,0.800000,0.700000,0.750000,0.100000,0.100000,0.100000,0.100000,0.010520,0.000000
2,9,20,100,1.030000,0.820000,0.800000,0.700000,1.000000,0.100000,0.100000,0.100000,0.100000,0.010568,0.000000
2,9,11,100,1.030000,0.820000,0.800000,0.700000,0.550000,0.100000,0.100000,0.100000,0.100000,0.397926,0.000000
2,9,14,100,1.030000,0.820000,0.800000,0.700000,0.700000,0.100000,0.100000,0.100000,0.100000,0.012772,0.000000
2,9,12,100,1.030000,0.820000,0.800000,0.700000,0.600000,0.100000,0.100000,0.100000,0.100000,0.104298,0.000000
2,9,9,100,1.030000,0.820000,0.800000,0.700000,0.450000,0.100000,0.100000,0.100000,0.100000,0.814426,0.000000
2,9,16,100,1.030000,0.820000,0.800000,0.700000,0.800000,0.100000,0.100000,0.100000,0.100000,0.009674,0.000000
2,9,18,100,1.030000,0.820000,0.800000,0.700000,0.900000,0.100000,0.100000,0.100000,0.100000,0.009574,0.000000
2,9,22,100,1.030000,0.820000,0.800000,0.700000,1.100000,0.100000,0.100000,0.100000,0.100000,0.011704,0.000000
2,9,21,100,1.030000,0.820000,0.800000,0.700000,1.050000,0.100000,0.100000,0.100000,0.100000,0.011122,0.000000
2,9,19,100,1.030000,0.820000,0.800000,0.700000,0.950000,0.100000,0.100000,0.100000,0.100000,0.010006,0.000000
2,9,25,100,1.030000,0.820000,0.800000,0.700000,1.250000,0.100000,0.100000,0.100000,0.100000,0.013694,0.000000
2,9,23,100,1.030000,0.820000,0.800000,0.700000,1.150000,0.100000,0.100000,0.100000,0.100000,0.012362,0.000000
2,9,26,100,1.030000,0.820000,0.800000,0.700000,1.300000,0.100000,0.100000,0.100000,0.100000,0.014180,0.000000
2,9,32,100,1.030000,0.820000,0.800000,0.700000,1.600000,0.100000,0.100000,0.100000,0.100000,0.020437,0.000000
2,9,24,100,1.030000,0.820000,0.800000,0.700000,1.200000,0.100000,0.100000,0.100000,0.100000,0.013057,0.000000
2,9,30,100,1.030000,0.820000,0.800000,0.700000,1.500000,0.100000,0.100000,0.100000,0.100000,0.016305,0.000000
2,9,28,100,1.030000,0.820000,0.800000,0.700000,1.400000,0.100000,0.100000,0.100000,0.100000,0.014773,0.000000
2,10,1,100,1.030000,0.820000,0.800000,0.700000,0.050000,0.100000,0.100000,0.100000,0.100000,nan,0.000000
2,9,34,100,1.030000,0.820000,0.800000,0.700000,1.700000,0.100000,0.100000,0.100000,0.100000,0.024838,0.000000
2,9,31,100,1.030000,0.820000,0.800000,0.700000,1.550000,0.100000,0.100000,0.100000,0.100000,0.018079,0.000000
2,9,27,100,1.030000,0.820000,0.800000,0.700000,1.350000,0.100000,0.100000,0.100000,0.100000,0.014499,0.000000
2,9,29,100,1.030000,0.820000,0.800000,0.700000,1.450000,0.100000,0.100000,0.100000,0.100000,0.015266,0.000000
2,9,39,100,1.030000,0.820000,0.800000,0.700000,1.950000,0.100000,0.100000,0.100000,0.100000,0.025397,0.000000
2,9,36,100,1.030000,0.820000,0.800000,0.700000,1.800000,0.100000,0.100000,0.100000,0.100000,0.026116,0.000000
2,9,38,100,1.030000,0.820000,0.800000,0.700000,1.900000,0.100000,0.100000,0.100000,0.100000,0.025587,0.000000
2,9,35,100,1.030000,0.820000,0.800000,0.700000,1.750000,0.100000,0.100000,0.100000,0.100000,0.025894,0.000000
2,9,33,100,1.030000,0.820000,0.800000,0.700000,1.650000,0.100000,0.100000,0.100000,0.100000,0.022889,0.000000
2,9,40,100,1.030000,0.820000,0.800000,0.700000,2.000000,0.100000,0.100000,0.100000,0.100000,0.025391,0.000000
2,9,37,100,1.030000,0.820000,0.800000,0.700000,1.850000,0.100000,0.100000,0.100000,0.100000,0.025890,0.000000
2,10,2,100,1.030000,0.820000,0.800000,0.700000,0.100000,0.100000,0.100000,0.100000,0.100000,nan,0.000000
2,10,5,100,1.030000,0.820000,0.800000,0.700000,0.250000,0.100000,0.100000,0.100000,0.100000,0.579512,0.000000
2,10,4,100,1.030000,0.820000,0.800000,0.700000,0.200000,0.100000,0.100000,0.100000,0.100000,0.558795,0.000000
2,10,3,100,1.030000,0.820000,0.800000,0.700000,0.150000,0.100000,0.100000,0.100000,0.100000,nan,0.000000
2,10,10,100,1.030000,0.820000,0.800000,0.700000,0.500000,0.100000,0.100000,0.100000,0.100000,0.390368,0.000000
2,10,6,100,1.030000,0.820000,0.800000,0.700000,0.300000,0.100000,0.100000,0.100000,0.100000,0.602472,0.000000
2,10,14,100,1.030000,0.820000,0.800000,0.700000,0.700000,0.100000,0.100000,0.100000,0.100000,0.006423,0.000000
2,10,13,100,1.030000,0.820000,0.800000,0.700000,0.650000,0.100000,0.100000,0.100000,0.100000,0.128815,0.000000
2,10,7,100,1.030000,0.820000,0.800000,0.700000,0.350000,0.100000,0.100000,0.100000,0.100000,1.134746,0.000000
2,10,12,100,1.030000,0.820000,0.800000,0.700000,0.600000,0.100000,0.100000,0.100000,0.100000,0.222260,0.000000
2,10,15,100,1.030000,0.820000,0.800000,0.700000,0.750000,0.100000,0.100000,0.100000,0.100000,0.005258,0.000000
2,10,9,100,1.030000,0.820000,0.800000,0.700000,0.450000,0.100000,0.100000,0.100000,0.100000,0.782597,0.000000
2,10,8,100,1.030000,0.820000,0.800000,0.700000,0.400000,0.100000,0.100000,0.100000,0.100000,1.053773,0.000000
2,10,17,100,1.030000,0.820000,0.800000,0.700000,0.850000,0.100000,0.100000,0.100000,0.100000,0.006009,0.000000
2,10,18,100,1.030000,0.820000,0.800000,0.700000,0.900000,0.100000,0.100000,0.100000,0.100000,0.006209,0.000000
2,10,24,100,1.030000,0.820000,0.800000,0.700000,1.200000,0.100000,0.100000,0.100000,0.100000,0.004283,0.000000
2,10,23,100,1.030000,0.820000,0.800000,0.700000,1.150000,0.100000,0.100000,0.100000,0.100000,0.003927,0.000000
2,10,11,100,1.030000,0.820000,0.800000,0.700000,0.550000,0.100000,0.100000,0.100000,0.100000,0.338341,0.000000
2,10,16,100,1.030000,0.820000,0.800000,0.700000,0.800000,0.100000,0.100000,0.100000,0.100000,0.005529,0.000000
2,10,19,100,1.030000,0.820000,0.800000,0.700000,0.950000,0.100000,0.100000,0.100000,0.100000,0.005734,0.000000
2,10,20,100,1.030000,0.820000,0.800000,0.700000,1.000000,0.100000,0.100000,0.100000,0.100000,0.004820,0.000000
2,10,21,100,1.030000,0.820000,0.800000,0.700000,1.050000,0.100000,0.100000,0.100000,0.100000,0.004061,0.000000
2,10,22,100,1.030000,0.820000,0.800000,0.700000,1.100000,0.100000,0.100000,0.100000,0.100000,0.003790,0.000000
2,10,25,100,1.030000,0.820000,0.800000,0.700000,1.250000,0.100000,0.100000,0.100000,0.100000,0.004732,0.000000
2,10,28,100,1.030000,0.820000,0.800000,0.700000,1.400000,0.100000,0.100000,0.100000,0.100000,0.006124,0.000000
2,10,26,100,1.030000,0.820000,0.800000,0.700000,1.300000,0.100000,0.100000,0.100000,0.100000,0.005211,0.000000
2,10,30,100,1.030000,0.820000,0.800000,0.700000,1.500000,0.100000,0.100000,0.100000,0.100000,0.006725,0.000000
2,10,27,100,1.030000,0.820000,0.800000,0.700000,1.350000,0.100000,0.100000,0.100000,0.100000,0.005688,0.000000
2,11,3,100,1.030000,0.820000,0.800000,0.700000,0.150000,0.100000,0.100000,0.100000,0.100000,nan,0.000000
2,10,37,100,1.030000,0.820000,0.800000,0.700000,1.850000,0.100000,0.100000,0.100000,0.100000,0.007443,0.000000
2,11,2,100,1.030000,0.820000,0.800000,0.700000,0.100000,0.100000,0.100000,0.100000,0.100000,nan,0.000000
2,10,29,100,1.030000,0.820000,0.800000,0.700000,1.450000,0.100000,0.100000,0.100000,0.100000,0.006476,0.000000
2,10,39,100,1.030000,0.820000,0.800000,0.700000,1.950000,0.100000,0.100000,0.100000,0.100000,0.007643,0.000000
2,10,34,100,1.030000,0.820000,0.800000,0.700000,1.700000,0.100000,0.100000,0.100000,0.100000,0.007200,0.000000
2,10,33,100,1.030000,0.820000,0.800000,0.700000,1.650000,0.100000,0.100000,0.100000,0.100000,0.007105,0.000000
2,10,31,100,1.030000,0.820000,0.800000,0.700000,1.550000,0.100000,0.100000,0.100000,0.100000,0.006888,0.000000
2,10,36,100,1.030000,0.820000,0.800000,0.700000,1.800000,0.100000,0.100000,0.100000,0.100000,0.007365,0.000000
2,10,38,100,1.030000,0.820000,0.800000,0.700000,1.900000,0.100000,0.100000,0.100000,0.100000,0.007533,0.000000
2,10,40,100,1.030000,0.820000,0.800000,0.700000,2.000000,0.100000,0.100000,0.100000,0.100000,0.007776,0.000000
2,10,32,100,1.030000,0.820000,0.800000,0.700000,1.600000,0.100000,0.100000,0.100000,0.100000,0.007004,0.000000
2,10,35,100,1.030000,0.820000,0.800000,0.700000,1.750000,0.100000,0.100000,0.100000,0.100000,0.007287,0.000000
2,11,8,100,1.030000,0.820000,0.800000,0.700000,0.400000,0.100000,0.100000,0.100000,0.100000,0.965328,0.000000
2,11,1,100,1.030000,0.820000,0.800000,0.700000,0.050000,0.100000,0.100000,0.100000,0.100000,nan,0.000000
2,11,4,100,1.030000,0.820000,0.800000,0.700000,0.200000,0.100000,0.100000,0.100000,0.100000,0.578008,0.000000
2,11,9,100,1.030000,0.820000,0.800000,0.700000,0.450000,0.100000,0.100000,0.100000,0.100000,0.700930,0.000000
2,11,7,100,1.030000,0.820000,0.800000,0.700000,0.350000,0.100000,0.100000,0.100000,0.100000,1.134746,0.000000
2,11,10,100,1.030000,0.820000,0.800000,0.700000,0.500000,0.100000,0.100000,0.100000,0.100000,0.457473,0.000000
2,11,6,100,1.030000,0.820000,0.800000,0.700000,0.300000,0.100000,0.100000,0.100000,0.100000,0.600807,0.000000
2,11,5,100,1.030000,0.820000,0.800000,0.700000,0.250000,0.100000,0.100000,0.100000,0.100000,0.563926,0.000000
2,11,19,100,1.030000,0.820000,0.800000,0.700000,0.950000,0.100000,0.100000,0.100000,0.100000,0.001238,0.000000
2,11,11,100,1.030000,0.820000,0.800000,0.700000,0.550000,0.100000,0.100000,0.100000,0.100000,0.324507,0.000000
2,11,12,100,1.030000,0.820000,0.800000,0.700000,0.600000,0.100000,0.100000,0.100000,0.100000,0.268493,0.000000
2,11,21,100,1.030000,0.820000,0.800000,0.700000,1.050000,0.100000,0.100000,0.100000,0.100000,0.001617,0.000000
2,11,18,100,1.030000,0.820000,0.800000,0.700000,0.900000,0.100000,0.100000,0.100000,0.100000,0.001669,0.000000
2,11,20,100,1.030000,0.820000,0.800000,0.700000,1.000000,0.100000,0.100000,0.100000,0.100000,0.001276,0.000000
2,11,16,100,1.030000,0.820000,0.800000,0.700000,0.800000,0.100000,0.100000,0.100000,0.100000,0.003044,0.000000
2,11,22,100,1.030000,0.820000,0.800000,0.700000,1.100000,0.100000,0.100000,0.100000,0.100000,0.002046,0.000000
2,11,13,100,1.030000,0.820000,0.800000,0.700000,0.650000,0.100000,0.100000,0.100000,0.100000,0.006717,0.000000
2,11,28,100,1.030000,0.820000,0.800000,0.700000,1.400000,0.100000,0.100000,0.100000,0.100000,0.002187,0.000000
2,11,24,100,1.030000,0.820000,0.800000,0.700000,1.200000,0.100000,0.100000,0.100000,0.100000,0.002699,0.000000
2,11,15,100,1.030000,0.820000,0.800000,0.700000,0.750000,0.100000,0.100000,0.100000,0.100000,0.003123,0.000000
2,11,27,100,1.030000,0.820000,0.800000,0.700000,1.350000,0.100000,0.100000,0.100000,0.100000,0.002272,0.000000
2,11,26,100,1.030000,0.820000,0.800000,0.700000,1.300000,0.100000,0.100000,0.100000,0.100000,0.002526,0.000000
2,11,14,100,1.030000,0.820000,0.800000,0.700000,0.700000,0.100000,0.100000,0.100000,0.100000,0.003122,0.000000
2,11,17,100,1.030000,0.820000,0.800000,0.700000,0.850000,0.100000,0.100000,0.100000,0.100000,0.002465,0.000000
2,11,25,100,1.030000,0.820000,0.800000,0.700000,1.250000,0.100000,0.100000,0.100000,0.100000,0.002719,0.000000
2,11,31,100,1.030000,0.820000,0.800000,0.700000,1.550000,0.100000,0.100000,0.100000,0.100000,0.003280,0.000000
2,11,30,100,1.030000,0.820000,0.800000,0.700000,1.500000,0.100000,0.100000,0.100000,0.100000,0.002870,0.000000
2,11,32,100,1.030000,0.820000,0.800000,0.700000,1.600000,0.100000,0.100000,0.100000,0.100000,0.003532,0.000000
2,11,23,100,1.030000,0.820000,0.800000,0.700000,1.150000,0.100000,0.100000,0.100000,0.100000,0.002444,0.000000
2,11,33,100,1.030000,0.820000,0.800000,0.700000,1.650000,0.100000,0.100000,0.100000,0.100000,0.003729,0.000000
2,11,35,100,1.030000,0.820000,0.800000,0.700000,1.750000,0.100000,0.100000,0.100000,0.100000,0.004483,0.000000
2,11,29,100,1.030000,0.820000,0.800000,0.700000,1.450000,0.100000,0.100000,0.100000,0.100000,0.002423,0.000000
2,11,34,100,1.030000,0.820000,0.800000,0.700000,1.700000,0.100000,0.100000,0.100000,0.100000,0.004040,0.000000
2,12,4,100,1.030000,0.820000,0.800000,0.700000,0.200000,0.100000,0.100000,0.100000,0.100000,0.570762,0.000000
2,11,37,100,1.030000,0.820000,0.800000,0.700000,1.850000,0.100000,0.100000,0.100000,0.100000,0.005311,0.000000
2,11,39,100,1.030000,0.820000,0.800000,0.700000,1.950000,0.100000,0.100000,0.100000,0.100000,0.006047,0.000000
2,12,3,100,1.030000,0.820000,0.800000,0.700000,0.150000,0.100000,0.100000,0.100000,0.100000,nan,0.000000
2,12,2,100,1.030000,0.820000,0.800000,0.700000,0.100000,0.100000,0.100000,0.100000,0.100000,nan,0.000000
2,11,36,100,1.030000,0.820000,0.800000,0.700000,1.800000,0.100000,0.100000,0.100000,0.100000,0.004936,0.000000
2,11,38,100,1.030000,0.820000,0.800000,0.700000,1.900000,0.100000,0.100000,0.100000,0.100000,0.005642,0.000000
2,12,14,100,1.030000,0.820000,0.800000,0.700000,0.700000,0.100000,0.100000,0.100000,0.100000,0.002606,0.000000
2,12,6,100,1.030000,0.820000,0.800000,0.700000,0.300000,0.100000,0.100000,0.100000,0.100000,0.600781,0.000000
2,11,40,100,1.030000,0.820000,0.800000,0.700000,2.000000,0.100000,0.100000,0.100000,0.100000,0.006641,0.000000
2,12,1,100,1.030000,0.820000,0.800000,0.700000,0.050000,0.100000,0.100000,0.100000,0.100000,nan,0.000000
2,12,7,100,1.030000,0.820000,0.800000,0.700000,0.350000,0.100000,0.100000,0.100000,0.100000,1.132939,0.000000
2,12,9,100,1.030000,0.820000,0.800000,0.700000,0.450000,0.100000,0.100000,0.100000,0.100000,0.709390,0.000000
2,12,5,100,1.030000,0.820000,0.800000,0.700000,0.250000,0.100000,0.100000,0.100000,0.100000,0.593543,0.000000
2,12,8,100,1.030000,0.820000,0.800000,0.700000,0.400000,0.100000,0.100000,0.100000,0.100000,1.024339,0.000000
2,12,12,100,1.030000,0.820000,0.800000,0.700000,0.600000,0.100000,0.100000,0.100000,0.100000,0.129972,0.000000
2,12,11,100,1.030000,0.820000,0.800000,0.700000,0.550000,0.100000,0.100000,0.100000,0.100000,0.199744,0.000000
2,12,19,100,1.030000,0.820000,0.800000,0.700000,0.950000,0.100000,0.100000,0.100000,0.100000,0.004418,0.000000
2,12,10,100,1.030000,0.820000,0.800000,0.700000,0.500000,0.100000,0.100000,0.100000,0.100000,0.383794,0.000000
2,12,17,100,1.030000,0.820000,0.800000,0.700000,0.850000,0.100000,0.100000,0.100000,0.100000,0.004672,0.000000
2,12,13,100,1.030000,0.820000,0.800000,0.700000,0.650000,0.100000,0.100000,0.100000,0.100000,0.031670,0.000000
2,12,15,100,1.030000,0.820000,0.800000,0.700000,0.750000,0.100000,0.100000,0.100000,0.100000,0.002973,0.000000
2,12,16,100,1.030000,0.820000,0.800000,0.700000,0.800000,0.100000,0.100000,0.100000,0.100000,0.004029,0.000000
2,12,20,100,1.030000,0.820000,0.800000,0.700000,1.000000,0.100000,0.100000,0.100000,0.100000,0.004100,0.000000
2,12,18,100,1.030000,0.820000,0.800000,0.700000,0.900000,0.100000,0.100000,0.100000,0.100000,0.004718,0.000000
2,12,32,100,1.030000,0.820000,0.800000,0.700000,1.600000,0.100000,0.100000,0.100000,0.100000,0.005972,0.000000
2,12,22,100,1.030000,0.820000,0.800000,0.700000,1.100000,0.100000,0.100000,0.100000,0.100000,0.004096,0.000000
2,12,31,100,1.030000,0.820000,0.800000,0.700000,1.550000,0.100000,0.100000,0.100000,0.100000,0.005816,0.000000
2,12,28,100,1.030000,0.820000,0.800000,0.700000,1.400000,0.100000,0.100000,0.100000,0.100000,0.005454,0.000000
2,12,25,100,1.030000,0.820000,0.800000,0.700000,1.250000,0.100000,0.100000,0.100000,0.100000,0.004953,0.000000
2,12,27,100,1.030000,0.820000,0.800000,0.700000,1.350000,0.100000,0.100000,0.100000,0.100000,0.005308,0.000000
2,12,24,100,1.030000,0.820000,0.800000,0.700000,1.200000,0.100000,0.100000,0.100000,0.100000,0.004705,0.000000
2,12,34,100,1.030000,0.820000,0.800000,0.700000,1.700000,0.100000,0.100000,0.100000,0.100000,0.006356,0.000000
2,12,21,100,1.030000,0.820000,0.800000,0.700000,1.050000,0.100000,0.100000,0.100000,0.100000,0.003969,0.000000
2,12,23,100,1.030000,0.820000,0.800000,0.700000,1.150000,0.100000,0.100000,0.100000,0.100000,0.004394,0.000000
2,12,26,100,1.030000,0.820000,0.800000,0.700000,1.300000,0.100000,0.100000,0.100000,0.100000,0.005145,0.000000
2,12,29,100,1.030000,0.820000,0.800000,0.700000,1.450000,0.100000,0.100000,0.100000,0.100000,0.005582,0.000000
2,12,30,100,1.030000,0.820000,0.800000,0.700000,1.500000,0.100000,0.100000,0.100000,0.100000,0.005696,0.000000
2,12,35,100,1.030000,0.820000,0.800000,0.700000,1.750000,0.100000,0.100000,0.100000,0.100000,0.006402,0.000000
2,12,33,100,1.030000,0.820000,0.800000,0.700000,1.650000,0.100000,0.100000,0.100000,0.100000,0.006181,0.000000
2,12,36,100,1.030000,0.820000,0.800000,0.700000,1.800000,0.100000,0.100000,0.100000,0.100000,0.006461,0.000000
2,12,37,100,1.030000,0.820000,0.800000,0.700000,1.850000,0.100000,0.100000,0.100000,0.100000,0.006575,0.000000
2,12,38,100,1.030000,0.820000,0.800000,0.700000,1.900000,0.100000,0.100000,0.100000,0.100000,0.006717,0.000000
2,12,40,100,1.030000,0.820000,0.800000,0.700000,2.000000,0.100000,0.100000,0.100000,0.100000,0.007025,0.000000
2,12,39,100,1.030000,0.820000,0.800000,0.700000,1.950000,0.100000,0.100000,0.100000,0.100000,0.006869,0.000000
2,13,1,100,1.030000,0.820000,0.800000,0.700000,0.050000,0.100000,0.100000,0.100000,0.100000,nan,0.000000
2,13,6,100,1.030000,0.820000,0.800000,0.700000,0.300000,0.100000,0.100000,0.100000,0.100000,0.618601,0.000000
2,13,10,100,1.030000,0.820000,0.800000,0.700000,0.500000,0.100000,0.100000,0.100000,0.100000,0.557917,0.000000
2,13,5,100,1.030000,0.820000,0.800000,0.700000,0.250000,0.100000,0.100000,0.100000,0.100000,0.581407,0.000000
2,13,8,100,1.030000,0.820000,0.800000,0.700000,0.400000,0.100000,0.100000,0.100000,0.100000,1.065116,0.000000
2,13,13,100,1.030000,0.820000,0.800000,0.700000,0.650000,0.100000,0.100000,0.100000,0.100000,0.033910,0.000000
2,13,4,100,1.030000,0.820000,0.800000,0.700000,0.200000,0.100000,0.100000,0.100000,0.100000,0.561621,0.000000
2,13,3,100,1.030000,0.820000,0.800000,0.700000,0.150000,0.100000,0.100000,0.100000,0.100000,nan,0.000000
2,13,12,100,1.030000,0.820000,0.800000,0.700000,0.600000,0.100000,0.100000,0.100000,0.100000,0.141468,0.000000
2,13,7,100,1.030000,0.820000,0.800000,0.700000,0.350000,0.100000,0.100000,0.100000,0.100000,1.134746,0.000000
2,13,9,100,1.030000,0.820000,0.800000,0.700000,0.450000,0.100000,0.100000,0.100000,0.100000,0.782837,0.000000
2,13,14,100,1.030000,0.820000,0.800000,0.700000,0.700000,0.100000,0.100000,0.100000,0.100000,0.025999,0.000000
2,13,2,100,1.030000,0.820000,0.800000,0.700000,0.100000,0.100000,0.100000,0.100000,0.100000,nan,0.000000
2,13,18,100,1.030000,0.820000,0.800000,0.700000,0.900000,0.100000,0.100000,0.100000,0.100000,0.023141,0.000000
2,13,11,100,1.030000,0.820000,0.800000,0.700000,0.550000,0.100000,0.100000,0.100000,0.100000,0.075662,0.000000
2,13,15,100,1.030000,0.820000,0.800000,0.700000,0.750000,0.100000,0.100000,0.100000,0.100000,0.025087,0.000000
2,13,17,100,1.030000,0.820000,0.800000,0.700000,0.850000,0.100000,0.100000,0.100000,0.100000,0.023671,0.000000
2,13,20,100,1.030000,0.820000,0.800000,0.700000,1.000000,0.100000,0.100000,0.100000,0.100000,0.022409,0.000000
2,13,22,100,1.030000,0.820000,0.800000,0.700000,1.100000,0.100000,0.100000,0.100000,0.100000,0.022620,0.000000
2,13,16,100,1.030000,0.820000,0.800000,0.700000,0.800000,0.100000,0.100000,0.100000,0.100000,0.024267,0.000000
2,13,21,100,1.030000,0.820000,0.800000,0.700000,1.050000,0.100000,0.100000,0.100000,0.100000,0.022408,0.000000
2,13,19,100,1.030000,0.820000,0.800000,0.700000,0.950000,0.100000,0.100000,0.100000,0.100000,0.022675,0.000000
2,13,24,100,1.030000,0.820000,0.800000,0.700000,1.200000,0.100000,0.100000,0.100000,0.100000,0.023329,0.000000
2,13,26,100,1.030000,0.820000,0.800000,0.700000,1.300000,0.100000,0.100000,0.100000,0.100000,0.024114,0.000000
2,13,33,100,1.030000,0.820000,0.800000,0.700000,1.650000,0.100000,0.100000,0.100000,0.100000,0.026864,0.000000
2,13,31,100,1.030000,0.820000,0.800000,0.700000,1.550000,0.100000,0.100000,0.100000,0.100000,0.025995,0.000000
2,13,28,100,1.030000,0.820000,0.800000,0.700000,1.400000,0.100000,0.100000,0.100000,0.100000,0.024840,0.000000
2,13,25,100,1.030000,0.820000,0.800000,0.700000,1.250000,0.100000,0.100000,0.100000,0.100000,0.023725,0.000000
2,13,27,100,1.030000,0.820000,0.800000,0.700000,1.350000,0.100000,0.100000,0.100000,0.100000,0.024483,0.000000
2,13,35,100,1.030000,0.820000,0.800000,0.700000,1.750000,0.100000,0.100000,0.100000,0.100000,0.027761,0.000000
2,13,23,100,1.030000,0.820000,0.800000,0.700000,1.150000,0.100000,0.100000,0.100000,0.100000,0.022949,0.000000
2,13,38,100,1.030000,0.820000,0.800000,0.700000,1.900000,0.100000,0.100000,0.100000,0.100000,0.029206,0.000000
2,14,1,100,1.030000,0.820000,0.800000,0.700000,0.050000,0.100000,0.100000,0.100000,0.100000,nan,0.000000
2,13,30,100,1.030000,0.820000,0.800000,0.700000,1.500000,0.100000,0.100000,0.100000,0.100000,0.025585,0.000000
2,14,2,100,1.030000,0.820000,0.800000,0.700000,0.100000,0.100000,0.100000,0.100000,0.100000,nan,0.000000
2,13,32,100,1.030000,0.820000,0.800000,0.700000,1.600000,0.100000,0.100000,0.100000,0.100000,0.026424,0.000000
2,13,36,100,1.030000,0.820000,0.800000,0.700000,1.800000,0.100000,0.100000,0.100000,0.100000,0.028222,0.000000
2,13,37,100,1.030000,0.820000,0.800000,0.700000,1.850000,0.100000,0.100000,0.100000,0.100000,0.028701,0.000000
2,13,29,100,1.030000,0.820000,0.800000,0.700000,1.450000,0.100000,0.100000,0.100000,0.100000,0.025202,0.000000
2,13,34,100,1.030000,0.820000,0.800000,0.700000,1.700000,0.100000,0.100000,0.100000,0.100000,0.027310,0.000000
2,13,40,100,1.030000,0.820000,0.800000,0.700000,2.000000,0.100000,0.100000,0.100000,0.100000,0.030306,0.000000
2,14,3,100,1.030000,0.820000,0.800000,0.700000,0.150000,0.100000,0.100000,0.100000,0.100000,nan,0.000000
2,13,39,100,1.030000,0.820000,0.800000,0.700000,1.950000,0.100000,0.100000,0.100000,0.100000,0.029741,0.000000
2,14,10,100,1.030000,0.820000,0.800000,0.700000,0.500000,0.100000,0.100000,0.100000,0.100000,0.804793,0.000000
2,14,11,100,1.030000,0.820000,0.800000,0.700000,0.550000,0.100000,0.100000,0.100000,0.100000,0.277269,0.000000
2,14,7,100,1.030000,0.820000,0.800000,0.700000,0.350000,0.100000,0.100000,0.100000,0.100000,1.134746,0.000000
2,14,12,100,1.030000,0.820000,0.800000,0.700000,0.600000,0.100000,0.100000,0.100000,0.100000,0.242367,0.000000
2,14,5,100,1.030000,0.820000,0.800000,0.700000,0.250000,0.100000,0.100000,0.100000,0.100000,0.582173,0.000000
2,14,13,100,1.030000,0.820000,0.800000,0.700000,0.650000,0.100000,0.100000,0.100000,0.100000,0.047381,0.000000
2,14,9,100,1.030000,0.820000,0.800000,0.700000,0.450000,0.100000,0.100000,0.100000,0.100000,0.677785,0.000000
2,14,4,100,1.030000,0.820000,0.800000,0.700000,0.200000,0.100000,0.100000,0.100000,0.100000,0.580478,0.000000
2,14,15,100,1.030000,0.820000,0.800000,0.700000,0.750000,0.100000,0.100000,0.100000,0.100000,0.002264,0.000000
2,14,18,100,1.030000,0.820000,0.800000,0.700000,0.900000,0.100000,0.100000,0.100000,0.100000,0.002200,0.000000
2,14,17,100,1.030000,0.820000,0.800000,0.700000,0.850000,0.100000,0.100000,0.100000,0.100000,0.002031,0.000000
2,14,6,100,1.030000,0.820000,0.800000,0.700000,0.300000,0.100000,0.100000,0.100000,0.100000,0.610036,0.000000
2,14,8,100,1.030000,0.820000,0.800000,0.700000,0.400000,0.100000,0.100000,0.100000,0.100000,1.055984,0.000000
2,14,21,100,1.030000,0.820000,0.800000,0.700000,1.050000,0.100000,0.100000,0.100000,0.100000,0.002455,0.000000
2,14,14,100,1.030000,0.820000,0.800000,0.700000,0.700000,0.100000,0.100000,0.100000,0.100000,0.003227,0.000000
2,14,20,100,1.030000,0.820000,0.800000,0.700000,1.000000,0.100000,0.100000,0.100000,0.100000,0.002357,0.000000
2,14,22,100,1.030000,0.820000,0.800000,0.700000,1.100000,0.100000,0.100000,0.100000,0.100000,0.002647,0.000000
2,14,27,100,1.030000,0.820000,0.800000,0.700000,1.350000,0.100000,0.100000,0.100000,0.100000,0.005427,0.000000
2,14,25,100,1.030000,0.820000,0.800000,0.700000,1.250000,0.100000,0.100000,0.100000,0.100000,0.003867,0.000000
2,14,16,100,1.030000,0.820000,0.800000,0.700000,0.800000,0.100000,0.100000,0.100000,0.100000,0.001954,0.000000
2,14,23,100,1.030000,0.820000,0.800000,0.700000,1.150000,0.100000,0.100000,0.100000,0.100000,0.002937,0.000000
2,14,26,100,1.030000,0.820000,0.800000,0.700000,1.300000,0.100000,0.100000,0.100000,0.100000,0.004577,0.000000
2,14,19,100,1.030000,0.820000,0.800000,0.700000,0.950000,0.100000,0.100000,0.100000,0.100000,0.002305,0.000000
2,14,24,100,1.030000,0.820000,0.800000,0.700000,1.200000,0.100000,0.100000,0.100000,0.100000,0.003333,0.000000
2,14,34,100,1.030000,0.820000,0.800000,0.700000,1.700000,0.100000,0.100000,0.100000,0.100000,0.009192,0.000000
2,14,29,100,1.030000,0.820000,0.800000,0.700000,1.450000,0.100000,0.100000,0.100000,0.100000,0.006939,0.000000
2,14,36,100,1.030000,0.820000,0.800000,0.700000,1.800000,0.100000,0.100000,0.100000,0.100000,0.010305,0.000000
2,14,28,100,1.030000,0.820000,0.800000,0.700000,1.400000,0.100000,0.100000,0.100000,0.100000,0.006262,0.000000
2,14,32,100,1.030000,0.820000,0.800000,0.700000,1.600000,0.100000,0.100000,0.100000,0.100000,0.008249,0.000000
2,14,30,100,1.030000,0.820000,0.800000,0.700000,1.500000,0.100000,0.100000,0.100000,0.100000,0.007441,0.000000
2,14,38,100,1.030000,0.820000,0.800000,0.700000,1.900000,0.100000,0.100000,0.100000,0.100000,0.011462,0.000000
2,14,31,100,1.030000,0.820000,0.800000,0.700000,1.550000,0.100000,0.100000,0.100000,0.100000,0.007848,0.000000
2,14,33,100,1.030000,0.820000,0.800000,0.700000,1.650000,0.100000,0.100000,0.100000,0.100000,0.008693,0.000000
2,14,37,100,1.030000,0.820000,0.800000,0.700000,1.850000,0.100000,0.100000,0.100000,0.100000,0.010886,0.000000
2,15,1,100,1.030000,0.820000,0.800000,0.700000,0.050000,0.100000,0.100000,0.100000,0.100000,nan,0.000000
2,14,40,100,1.030000,0.820000,0.800000,0.700000,2.000000,0.100000,0.100000,0.100000,0.100000,0.012543,0.000000
2,14,35,100,1.030000,0.820000,0.800000,0.700000,1.750000,0.100000,0.100000,0.100000,0.100000,0.009735,0.000000
2,15,4,100,1.030000,0.820000,0.800000,0.700000,0.200000,0.100000,0.100000,0.100000,0.100000,0.566152,0.000000
2,15,3,100,1.030000,0.820000,0.800000,0.700000,0.150000,0.100000,0.100000,0.100000,0.100000,nan,0.000000
2,14,39,100,1.030000,0.820000,0.800000,0.700000,1.950000,0.100000,0.100000,0.100000,0.100000,0.012019,0.000000
2,15,2,100,1.030000,0.820000,0.800000,0.700000,0.100000,0.100000,0.100000,0.100000,0.100000,nan,0.000000
2,15,5,100,1.030000,0.820000,0.800000,0.700000,0.250000,0.100000,0.100000,0.100000,0.100000,0.585591,0.000000
2,15,6,100,1.030000,0.820000,0.800000,0.700000,0.300000,0.100000,0.100000,0.100000,0.100000,0.640977,0.000000
2,15,7,100,1.030000,0.820000,0.800000,0.700000,0.350000,0.100000,0.100000,0.100000,0.100000,1.130879,0.000000
2,15,9,100,1.030000,0.820000,0.800000,0.700000,0.450000,0.100000,0.100000,0.100000,0.100000,0.695777,0.000000
2,15,8,100,1.030000,0.820000,0.800000,0.700000,0.400000,0.100000,0.100000,0.100000,0.100000,0.982697,0.000000
2,15,13,100,1.030000,0.820000,0.800000,0.700000,0.650000,0.100000,0.100000,0.100000,0.100000,0.059572,0.000000
2,15,10,100,1.030000,0.820000,0.800000,0.700000,0.500000,0.100000,0.100000,0.100000,0.100000,0.410018,0.000000
2,15,18,100,1.030000,0.820000,0.800000,0.700000,0.900000,0.100000,0.100000,0.100000,0.100000,0.006189,0.000000
2,15,21,100,1.030000,0.820000,0.800000,0.700000,1.050000,0.100000,0.100000,0.100000,0.100000,0.008311,0.000000
2,15,11,100,1.030000,0.820000,0.800000,0.700000,0.550000,0.100000,0.100000,0.100000,0.100000,0.330811,0.000000
2,15,17,100,1.030000,0.820000,0.800000,0.700000,0.850000,0.100000,0.100000,0.100000,0.100000,0.005984,0.000000
2,15,19,100,1.030000,0.820000,0.800000,0.700000,0.950000,0.100000,0.100000,0.100000,0.100000,0.006107,0.000000
2,15,23,100,1.030000,0.820000,0.800000,0.700000,1.150000,0.100000,0.100000,0.100000,0.100000,0.010390,0.000000
2,15,15,100,1.030000,0.820000,0.800000,0.700000,0.750000,0.100000,0.100000,0.100000,0.100000,0.005371,0.000000
2,15,20,100,1.030000,0.820000,0.800000,0.700000,1.000000,0.100000,0.100000,0.100000,0.100000,0.006903,0.000000
2,15,16,100,1.030000,0.820000,0.800000,0.700000,0.800000,0.100000,0.100000,0.100000,0.100000,0.005002,0.000000
2,15,12,100,1.030000,0.820000,0.800000,0.700000,0.600000,0.100000,0.100000,0.100000,0.100000,0.209572,0.000000
2,15,22,100,1.030000,0.820000,0.800000,0.700000,1.100000,0.100000,0.100000,0.100000,0.100000,0.009527,0.000000
2,15,27,100,1.030000,0.820000,0.800000,0.700000,1.350000,0.100000,0.100000,0.100000,0.100000,0.009945,0.000000
2,15,14,100,1.030000,0.820000,0.800000,0.700000,0.700000,0.100000,0.100000,0.100000,0.100000,0.005278,0.000000
2,15,24,100,1.030000,0.820000,0.800000,0.700000,1.200000,0.100000,0.100000,0.100000,0.100000,0.010929,0.000000
2,15,26,100,1.030000,0.820000,0.800000,0.700000,1.300000,0.100000,0.100000,0.100000,0.100000,0.010528,0.000000
2,15,31,100,1.030000,0.820000,0.800000,0.700000,1.550000,0.100000,0.100000,0.100000,0.100000,0.008894,0.000000
2,15,25,100,1.030000,0.820000,0.800000,0.700000,1.250000,0.100000,0.100000,0.100000,0.100000,0.010954,0.000000
2,15,34,100,1.030000,0.820000,0.800000,0.700000,1.700000,0.100000,0.100000,0.100000,0.100000,0.010214,0.000000
2,15,36,100,1.030000,0.820000,0.800000,0.700000,1.800000,0.100000,0.100000,0.100000,0.100000,0.011342,0.000000
2,15,29,100,1.030000,0.820000,0.800000,0.700000,1.450000,0.100000,0.100000,0.100000,0.100000,0.009022,0.000000
2,15,28,100,1.030000,0.820000,0.800000,0.700000,1.400000,0.100000,0.100000,0.100000,0.100000,0.009409,0.000000
2,15,38,100,1.030000,0.820000,0.800000,0.700000,1.900000,0.100000,0.100000,0.100000,0.100000,0.011947,0.000000
2,15,30,100,1.030000,0.820000,0.800000,0.700000,1.500000,0.100000,0.100000,0.100000,0.100000,0.008842,0.000000
2,15,32,100,1.030000,0.820000,0.800000,0.700000,1.600000,0.100000,0.100000,0.100000,0.100000,0.009168,0.000000
2,15,37,100,1.030000,0.820000,0.800000,0.700000,1.850000,0.100000,0.100000,0.100000,0.100000,0.011713,0.000000
2,15,35,100,1.030000,0.820000,0.800000,0.700000,1.750000,0.100000,0.100000,0.100000,0.100000,0.010821,0.000000
2,15,39,100,1.030000,0.820000,0.800000,0.700000,1.950000,0.100000,0.100000,0.100000,0.100000,0.012119,0.000000
2,15,33,100,1.030000,0.820000,0.800000,0.700000,1.650000,0.100000,0.100000,0.100000,0.100000,0.009630,0.000000
2,15,40,100,1.030000,0.820000,0.800000,0.700000,2.000000,0.100000,0.100000,0.100000,0.100000,0.012323,0.000000
2,16,2,100,1.030000,0.820000,0.800000,0.700000,0.100000,0.100000,0.100000,0.100000,0.100000,nan,0.000000
2,16,1,100,1.030000,0.820000,0.800000,0.700000,0.050000,0.100000,0.100000,0.100000,0.100000,nan,0.000000
2,16,3,100,1.030000,0.820000,0.800000,0.700000,0.150000,0.100000,0.100000,0.100000,0.100000,nan,0.000000
2,16,8,100,1.030000,0.820000,0.800000,0.700000,0.400000,0.100000,0.100000,0.100000,0.100000,1.012640,0.000000
2,16,6,100,1.030000,0.820000,0.800000,0.700000,0.300000,0.100000,0.100000,0.100000,0.100000,0.617365,0.000000
2,16,7,100,1.030000,0.820000,0.800000,0.700000,0.350000,0.100000,0.100000,0.100000,0.100000,1.132932,0.000000
2,16,4,100,1.030000,0.820000,0.800000,0.700000,0.200000,0.100000,0.100000,0.100000,0.100000,0.570176,0.000000
2,16,5,100,1.030000,0.820000,0.800000,0.700000,0.250000,0.100000,0.100000,0.100000,0.100000,0.577913,0.000000
2,16,12,100,1.030000,0.820000,0.800000,0.700000,0.600000,0.100000,0.100000,0.100000,0.100000,0.294579,0.000000
2,16,19,100,1.030000,0.820000,0.800000,0.700000,0.950000,0.100000,0.100000,0.100000,0.100000,0.009004,0.000000
2,16,11,100,1.030000,0.820000,0.800000,0.700000,0.550000,0.100000,0.100000,0.100000,0.100000,0.289489,0.000000
2,16,13,100,1.030000,0.820000,0.800000,0.700000,0.650000,0.100000,0.100000,0.100000,0.100000,0.031571,0.000000
2,16,9,100,1.030000,0.820000,0.800000,0.700000,0.450000,0.100000,0.100000,0.100000,0.100000,0.758002,0.000000
2,16,15,100,1.030000,0.820000,0.800000,0.700000,0.750000,0.100000,0.100000,0.100000,0.100000,0.005231,0.000000
2,16,14,100,1.030000,0.820000,0.800000,0.700000,0.700000,0.100000,0.100000,0.100000,0.100000,0.005147,0.000000
2,16,21,100,1.030000,0.820000,0.800000,0.700000,1.050000,0.100000,0.100000,0.100000,0.100000,0.009119,0.000000
2,16,10,100,1.030000,0.820000,0.800000,0.700000,0.500000,0.100000,0.100000,0.100000,0.100000,0.403325,0.000000
2,16,18,100,1.030000,0.820000,0.800000,0.700000,0.900000,0.100000,0.100000,0.100000,0.100000,0.007878,0.000000
2,16,20,100,1.030000,0.820000,0.800000,0.700000,1.000000,0.100000,0.100000,0.100000,0.100000,0.009323,0.000000
2,16,24,100,1.030000,0.820000,0.800000,0.700000,1.200000,0.100000,0.100000,0.100000,0.100000,0.009336,0.000000
2,16,16,100,1.030000,0.820000,0.800000,0.700000,0.800000,0.100000,0.100000,0.100000,0.100000,0.005400,0.000000
2,16,17,100,1.030000,0.820000,0.800000,0.700000,0.850000,0.100000,0.100000,0.100000,0.100000,0.006340,0.000000
2,16,22,100,1.030000,0.820000,0.800000,0.700000,1.100000,0.100000,0.100000,0.100000,0.100000,0.008905,0.000000
2,16,32,100,1.030000,0.820000,0.800000,0.700000,1.600000,0.100000,0.100000,0.100000,0.100000,0.014764,0.000000
2,16,23,100,1.030000,0.820000,0.800000,0.700000,1.150000,0.100000,0.100000,0.100000,0.100000,0.008978,0.000000
2,16,27,100,1.030000,0.820000,0.800000,0.700000,1.350000,0.100000,0.100000,0.100000,0.100000,0.011096,0.000000
2,16,25,100,1.030000,0.820000,0.800000,0.700000,1.250000,0.100000,0.100000,0.100000,0.100000,0.009879,0.000000
2,16,26,100,1.030000,0.820000,0.800000,0.700000,1.300000,0.100000,0.100000,0.100000,0.100000,0.010503,0.000000
2,16,38,100,1.030000,0.820000,0.800000,0.700000,1.900000,0.100000,0.100000,0.100000,0.100000,0.015140,0.000000
2,16,33,100,1.030000,0.820000,0.800000,0.700000,1.650000,0.100000,0.100000,0.100000,0.100000,0.015489,0.000000
2,16,29,100,1.030000,0.820000,0.800000,0.700000,1.450000,0.100000,0.100000,0.100000,0.100000,0.012177,0.000000
2,16,31,100,1.030000,0.820000,0.800000,0.700000,1.550000,0.100000,0.100000,0.100000,0.100000,0.013803,0.000000
2,17,1,100,1.030000,0.820000,0.800000,0.700000,0.050000,0.100000,0.100000,0.100000,0.100000,nan,0.000000
2,16,37,100,1.030000,0.820000,0.800000,0.700000,1.850000,0.100000,0.100000,0.100000,0.100000,0.015303,0.000000
2,16,39,100,1.030000,0.820000,0.800000,0.700000,1.950000,0.100000,0.100000,0.100000,0.100000,0.015043,0.000000
2,16,35,100,1.030000,0.820000,0.800000,0.700000,1.750000,0.100000,0.100000,0.100000,0.100000,0.015746,0.000000
2,16,28,100,1.030000,0.820000,0.800000,0.700000,1.400000,0.100000,0.100000,0.100000,0.100000,0.011623,0.000000
2,16,30,100,1.030000,0.820000,0.800000,0.700000,1.500000,0.100000,0.100000,0.100000,0.100000,0.012889,0.000000
2,16,40,100,1.030000,0.820000,0.800000,0.700000,2.000000,0.100000,0.100000,0.100000,0.100000,0.014999,0.000000
2,16,34,100,1.030000,0.820000,0.800000,0.700000,1.700000,0.100000,0.100000,0.100000,0.100000,0.015797,0.000000
2,16,36,100,1.030000,0.820000,0.800000,0.700000,1.800000,0.100000,0.100000,0.100000,0.100000,0.015528,0.000000
2,17,2,100,1.030000,0.820000,0.800000,0.700000,0.100000,0.100000,0.100000,0.100000,0.100000,nan,0.000000
2,17,3,100,1.030000,0.820000,0.800000,0.700000,0.150000,0.100000,0.100000,0.100000,0.100000,nan,0.000000
2,17,6,100,1.030000,0.820000,0.800000,0.700000,0.300000,0.100000,0.100000,0.100000,0.100000,0.617379,0.000000
2,17,5,100,1.030000,0.820000,0.800000,0.700000,0.250000,0.100000,0.100000,0.100000,0.100000,0.568877,0.000000
2,17,7,100,1.030000,0.820000,0.800000,0.700000,0.350000,0.100000,0.100000,0.100000,0.100000,1.134746,0.000000
2,17,13,100,1.030000,0.820000,0.800000,0.700000,0.650000,0.100000,0.100000,0.100000,0.100000,0.204827,0.000000
2,17,4,100,1.030000,0.820000,0.800000,0.700000,0.200000,0.100000,0.100000,0.100000,0.100000,0.558497,0.000000
2,17,10,100,1.030000,0.820000,0.800000,0.700000,0.500000,0.100000,0.100000,0.100000,0.100000,0.499614,0.000000
2,17,12,100,1.030000,0.820000,0.800000,0.700000,0.600000,0.100000,0.100000,0.100000,0.100000,0.240888,0.000000
2,17,9,100,1.030000,0.820000,0.800000,0.700000,0.450000,0.100000,0.100000,0.100000,0.100000,0.769802,0.000000
2,17,22,100,1.030000,0.820000,0.800000,0.700000,1.100000,0.100000,0.100000,0.100000,0.100000,0.013953,0.000000
2,17,14,100,1.030000,0.820000,0.800000,0.700000,0.700000,0.100000,0.100000,0.100000,0.100000,0.017253,0.000000
2,17,8,100,1.030000,0.820000,0.800000,0.700000,0.400000,0.100000,0.100000,0.100000,0.100000,1.045391,0.000000
2,17,16,100,1.030000,0.820000,0.800000,0.700000,0.800000,0.100000,0.100000,0.100000,0.100000,0.012512,0.000000
2,17,23,100,1.030000,0.820000,0.800000,0.700000,1.150000,0.100000,0.100000,0.100000,0.100000,0.012471,0.000000
2,17,15,100,1.030000,0.820000,0.800000,0.700000,0.750000,0.100000,0.100000,0.100000,0.100000,0.011161,0.000000
2,17,17,100,1.030000,0.820000,0.800000,0.700000,0.850000,0.100000,0.100000,0.100000,0.100000,0.013433,0.000000
2,17,11,100,1.030000,0.820000,0.800000,0.700000,0.550000,0.100000,0.100000,0.100000,0.100000,0.363377,0.000000
2,17,21,100,1.030000,0.820000,0.800000,0.700000,1.050000,0.100000,0.100000,0.100000,0.100000,0.015216,0.000000
2,17,18,100,1.030000,0.820000,0.800000,0.700000,0.900000,0.100000,0.100000,0.100000,0.100000,0.015219,0.000000
2,17,19,100,1.030000,0.820000,0.800000,0.700000,0.950000,0.100000,0.100000,0.100000,0.100000,0.016985,0.000000
2,17,20,100,1.030000,0.820000,0.800000,0.700000,1.000000,0.100000,0.100000,0.100000,0.100000,0.014527,0.000000
2,17,27,100,1.030000,0.820000,0.800000,0.700000,1.350000,0.100000,0.100000,0.100000,0.100000,0.013631,0.000000
2,17,31,100,1.030000,0.820000,0.800000,0.700000,1.550000,0.100000,0.100000,0.100000,0.100000,0.015373,0.000000
2,17,25,100,1.030000,0.820000,0.800000,0.700000,1.250000,0.100000,0.100000,0.100000,0.100000,0.012051,0.000000
2,17,26,100,1.030000,0.820000,0.800000,0.700000,1.300000,0.100000,0.100000,0.100000,0.100000,0.012711,0.000000
2,17,29,100,1.030000,0.820000,0.800000,0.700000,1.450000,0.100000,0.100000,0.100000,0.100000,0.015007,0.000000
2,17,24,100,1.030000,0.820000,0.800000,0.700000,1.200000,0.100000,0.100000,0.100000,0.100000,0.011879,0.000000
2,17,35,100,1.030000,0.820000,0.800000,0.700000,1.750000,0.100000,0.100000,0.100000,0.100000,0.015891,0.000000
2,17,36,100,1.030000,0.820000,0.800000,0.700000,1.800000,0.100000,0.100000,0.100000,0.100000,0.015176,0.000000
2,17,28,100,1.030000,0.820000,0.800000,0.700000,1.400000,0.100000,0.100000,0.100000,0.100000,0.014480,0.000000
2,17,34,100,1.030000,0.820000,0.800000,0.700000,1.700000,0.100000,0.100000,0.100000,0.100000,0.016129,0.000000
2,17,39,100,1.030000,0.820000,0.800000,0.700000,1.950000,0.100000,0.100000,0.100000,0.100000,0.013020,0.000000
2,17,38,100,1.030000,0.820000,0.800000,0.700000,1.900000,0.100000,0.100000,0.100000,0.100000,0.013450,0.000000
2,17,33,100,1.030000,0.820000,0.800000,0.700000,1.650000,0.100000,0.100000,0.100000,0.100000,0.015901,0.000000
2,17,32,100,1.030000,0.820000,0.800000,0.700000,1.600000,0.100000,0.100000,0.100000,0.100000,0.015573,0.000000
2,17,40,100,1.030000,0.820000,0.800000,0.700000,2.000000,0.100000,0.100000,0.100000,0.100000,0.013020,0.000000
2,17,30,100,1.030000,0.820000,0.800000,0.700000,1.500000,0.100000,0.100000,0.100000,0.100000,0.015229,0.000000
2,17,37,100,1.030000,0.820000,0.800000,0.700000,1.850000,0.100000,0.100000,0.100000,0.100000,0.014248,0.000000
2,18,3,100,1.030000,0.820000,0.800000,0.700000,0.150000,0.100000,0.100000,0.100000,0.100000,nan,0.000000
2,18,1,100,1.030000,0.820000,0.800000,0.700000,0.050000,0.100000,0.100000,0.100000,0.100000,nan,0.000000
2,18,10,100,1.030000,0.820000,0.800000,0.700000,0.500000,0.100000,0.100000,0.100000,0.100000,0.567960,0.000000
2,18,6,100,1.030000,0.820000,0.800000,0.700000,0.300000,0.100000,0.100000,0.100000,0.100000,0.617140,0.000000
2,18,2,100,1.030000,0.820000,0.800000,0.700000,0.100000,0.100000,0.100000,0.100000,0.100000,nan,0.000000
2,18,4,100,1.030000,0.820000,0.800000,0.700000,0.200000,0.100000,0.100000,0.100000,0.100000,0.571032,0.000000
2,18,5,100,1.030000,0.820000,0.800000,0.700000,0.250000,0.100000,0.100000,0.100000,0.100000,0.586310,0.000000
2,18,7,100,1.030000,0.820000,0.800000,0.700000,0.350000,0.100000,0.100000,0.100000,0.100000,1.133968,0.000000
2,18,21,100,1.030000,0.820000,0.800000,0.700000,1.050000,0.100000,0.100000,0.100000,0.100000,0.004101,0.000000
2,18,11,100,1.030000,0.820000,0.800000,0.700000,0.550000,0.100000,0.100000,0.100000,0.100000,0.344847,0.000000
2,18,8,100,1.030000,0.820000,0.800000,0.700000,0.400000,0.100000,0.100000,0.100000,0.100000,1.023349,0.000000
2,18,18,100,1.030000,0.820000,0.800000,0.700000,0.900000,0.100000,0.100000,0.100000,0.100000,0.003918,0.000000
2,18,9,100,1.030000,0.820000,0.800000,0.700000,0.450000,0.100000,0.100000,0.100000,0.100000,0.803609,0.000000
2,18,12,100,1.030000,0.820000,0.800000,0.700000,0.600000,0.100000,0.100000,0.100000,0.100000,0.177537,0.000000
2,18,22,100,1.030000,0.820000,0.800000,0.700000,1.100000,0.100000,0.100000,0.100000,0.100000,0.004496,0.000000
2,18,14,100,1.030000,0.820000,0.800000,0.700000,0.700000,0.100000,0.100000,0.100000,0.100000,0.002911,0.000000
2,18,17,100,1.030000,0.820000,0.800000,0.700000,0.850000,0.100000,0.100000,0.100000,0.100000,0.003764,0.000000
2,18,13,100,1.030000,0.820000,0.800000,0.700000,0.650000,0.100000,0.100000,0.100000,0.100000,0.027538,0.000000
2,18,19,100,1.030000,0.820000,0.800000,0.700000,0.950000,0.100000,0.100000,0.100000,0.100000,0.003935,0.000000
2,18,16,100,1.030000,0.820000,0.800000,0.700000,0.800000,0.100000,0.100000,0.100000,0.100000,0.003581,0.000000
2,18,15,100,1.030000,0.820000,0.800000,0.700000,0.750000,0.100000,0.100000,0.100000,0.100000,0.003178,0.000000
2,18,24,100,1.030000,0.820000,0.800000,0.700000,1.200000,0.100000,0.100000,0.100000,0.100000,0.004553,0.000000
2,18,25,100,1.030000,0.820000,0.800000,0.700000,1.250000,0.100000,0.100000,0.100000,0.100000,0.004234,0.000000
2,18,20,100,1.030000,0.820000,0.800000,0.700000,1.000000,0.100000,0.100000,0.100000,0.100000,0.003876,0.000000
2,18,23,100,1.030000,0.820000,0.800000,0.700000,1.150000,0.100000,0.100000,0.100000,0.100000,0.004680,0.000000
2,18,26,100,1.030000,0.820000,0.800000,0.700000,1.300000,0.100000,0.100000,0.100000,0.100000,0.003941,0.000000
2,18,31,100,1.030000,0.820000,0.800000,0.700000,1.550000,0.100000,0.100000,0.100000,0.100000,0.003406,0.000000
2,18,28,100,1.030000,0.820000,0.800000,0.700000,1.400000,0.100000,0.100000,0.100000,0.100000,0.003619,0.000000
2,18,29,100,1.030000,0.820000,0.800000,0.700000,1.450000,0.100000,0.100000,0.100000,0.100000,0.003515,0.000000
2,18,30,100,1.030000,0.820000,0.800000,0.700000,1.500000,0.100000,0.100000,0.100000,0.100000,0.003430,0.000000
2,18,32,100,1.030000,0.820000,0.800000,0.700000,1.600000,0.100000,0.100000,0.100000,0.100000,0.003497,0.000000
2,18,27,100,1.030000,0.820000,0.800000,0.700000,1.350000,0.100000,0.100000,0.100000,0.100000,0.003746,0.000000
2,18,37,100,1.030000,0.820000,0.800000,0.700000,1.850000,0.100000,0.100000,0.100000,0.100000,0.006528,0.000000
2,18,38,100,1.030000,0.820000,0.800000,0.700000,1.900000,0.100000,0.100000,0.100000,0.100000,0.007707,0.000000
2,18,33,100,1.030000,0.820000,0.800000,0.700000,1.650000,0.100000,0.100000,0.100000,0.100000,0.003738,0.000000
2,18,36,100,1.030000,0.820000,0.800000,0.700000,1.800000,0.100000,0.100000,0.100000,0.100000,0.005533,0.000000
2,18,34,100,1.030000,0.820000,0.800000,0.700000,1.700000,0.100000,0.100000,0.100000,0.100000,0.004147,0.000000
2,18,39,100,1.030000,0.820000,0.800000,0.700000,1.950000,0.100000,0.100000,0.100000,0.100000,0.009027,0.000000
2,18,35,100,1.030000,0.820000,0.800000,0.700000,1.750000,0.100000,0.100000,0.100000,0.100000,0.004740,0.000000
2,19,1,100,1.030000,0.820000,0.800000,0.700000,0.050000,0.100000,0.100000,0.100000,0.100000,nan,0.000000
2,19,3,100,1.030000,0.820000,0.800000,0.700000,0.150000,0.100000,0.100000,0.100000,0.100000,nan,0.000000
2,19,5,100,1.030000,0.820000,0.800000,0.700000,0.250000,0.100000,0.100000,0.100000,0.100000,0.593142,0.000000
2,19,4,100,1.030000,0.820000,0.800000,0.700000,0.200000,0.100000,0.100000,0.100000,0.100000,0.565169,0.000000
2,18,40,100,1.030000,0.820000,0.800000,0.700000,2.000000,0.100000,0.100000,0.100000,0.100000,0.010433,0.000000
2,19,2,100,1.030000,0.820000,0.800000,0.700000,0.100000,0.100000,0.100000,0.100000,0.100000,nan,0.000000
2,19,6,100,1.030000,0.820000,0.800000,0.700000,0.300000,0.100000,0.100000,0.100000,0.100000,0.595295,0.000000
2,19,8,100,1.030000,0.820000,0.800000,0.700000,0.400000,0.100000,0.100000,0.100000,0.100000,1.028176,0.000000
2,19,7,100,1.030000,0.820000,0.800000,0.700000,0.350000,0.100000,0.100000,0.100000,0.100000,1.130462,0.000000
2,19,9,100,1.030000,0.820000,0.800000,0.700000,0.450000,0.100000,0.100000,0.100000,0.100000,0.743171,0.000000
2,19,14,100,1.030000,0.820000,0.800000,0.700000,0.700000,0.100000,0.100000,0.100000,0.100000,0.003401,0.000000
2,19,10,100,1.030000,0.820000,0.800000,0.700000,0.500000,0.100000,0.100000,0.100000,0.100000,0.396171,0.000000
2,19,12,100,1.030000,0.820000,0.800000,0.700000,0.600000,0.100000,0.100000,0.100000,0.100000,0.173698,0.000000
2,19,11,100,1.030000,0.820000,0.800000,0.700000,0.550000,0.100000,0.100000,0.100000,0.100000,0.313175,0.000000
2,19,15,100,1.030000,0.820000,0.800000,0.700000,0.750000,0.100000,0.100000,0.100000,0.100000,0.003414,0.000000
2,19,13,100,1.030000,0.820000,0.800000,0.700000,0.650000,0.100000,0.100000,0.100000,0.100000,0.063896,0.000000
2,19,18,100,1.030000,0.820000,0.800000,0.700000,0.900000,0.100000,0.100000,0.100000,0.100000,0.004010,0.000000
2,19,17,100,1.030000,0.820000,0.800000,0.700000,0.850000,0.100000,0.100000,0.100000,0.100000,0.003688,0.000000
2,19,19,100,1.030000,0.820000,0.800000,0.700000,0.950000,0.100000,0.100000,0.100000,0.100000,0.004626,0.000000
2,19,16,100,1.030000,0.820000,0.800000,0.700000,0.800000,0.100000,0.100000,0.100000,0.100000,0.003427,0.000000
2,19,24,100,1.030000,0.820000,0.800000,0.700000,1.200000,0.100000,0.100000,0.100000,0.100000,0.004436,0.000000
2,19,20,100,1.030000,0.820000,0.800000,0.700000,1.000000,0.100000,0.100000,0.100000,0.100000,0.005419,0.000000
2,19,27,100,1.030000,0.820000,0.800000,0.700000,1.350000,0.100000,0.100000,0.100000,0.100000,0.005692,0.000000
2,19,26,100,1.030000,0.820000,0.800000,0.700000,1.300000,0.100000,0.100000,0.100000,0.100000,0.004974,0.000000
2,19,22,100,1.030000,0.820000,0.800000,0.700000,1.100000,0.100000,0.100000,0.100000,0.100000,0.005221,0.000000
2,19,21,100,1.030000,0.820000,0.800000,0.700000,1.050000,0.100000,0.100000,0.100000,0.100000,0.005579,0.000000
2,19,25,100,1.030000,0.820000,0.800000,0.700000,1.250000,0.100000,0.100000,0.100000,0.100000,0.004511,0.000000
2,19,23,100,1.030000,0.820000,0.800000,0.700000,1.150000,0.100000,0.100000,0.100000,0.100000,0.004737,0.000000
2,19,31,100,1.030000,0.820000,0.800000,0.700000,1.550000,0.100000,0.100000,0.100000,0.100000,0.009014,0.000000
2,19,28,100,1.030000,0.820000,0.800000,0.700000,1.400000,0.100000,0.100000,0.100000,0.100000,0.006521,0.000000
2,19,30,100,1.030000,0.820000,0.800000,0.700000,1.500000,0.100000,0.100000,0.100000,0.100000,0.008235,0.000000
2,19,34,100,1.030000,0.820000,0.800000,0.700000,1.700000,0.100000,0.100000,0.100000,0.100000,0.010664,0.000000
2,19,37,100,1.030000,0.820000,0.800000,0.700000,1.850000,0.100000,0.100000,0.100000,0.100000,0.012009,0.000000
2,19,36,100,1.030000,0.820000,0.800000,0.700000,1.800000,0.100000,0.100000,0.100000,0.100000,0.011607,0.000000
2,19,32,100,1.030000,0.820000,0.800000,0.700000,1.600000,0.100000,0.100000,0.100000,0.100000,0.009666,0.000000
2,19,35,100,1.030000,0.820000,0.800000,0.700000,1.750000,0.100000,0.100000,0.100000,0.100000,0.011139,0.000000
2,19,29,100,1.030000,0.820000,0.800000,0.700000,1.450000,0.100000,0.100000,0.100000,0.100000,0.007384,0.000000
2,19,38,100,1.030000,0.820000,0.800000,0.700000,1.900000,0.100000,0.100000,0.100000,0.100000,0.012274,0.000000
2,19,40,100,1.030000,0.820000,0.800000,0.700000,2.000000,0.100000,0.100000,0.100000,0.100000,0.012188,0.000000
2,19,33,100,1.030000,0.820000,0.800000,0.700000,1.650000,0.100000,0.100000,0.100000,0.100000,0.010193,0.000000
2,19,39,100,1.030000,0.820000,0.800000,0.700000,1.950000,0.100000,0.100000,0.100000,0.100000,0.012342,0.000000
