1,6,0,100,0.8,0.8,0.8,0.7,2.0,0.1,0.1,0.1,0.1,0.29784299999999997,0.0
1,4,1,100,0.12,0.28,0.8,0.52,3.42,0.1,0.1,0.1,0.1,0.49284700000000004,0.0
1,6,1,100,0.12,0.28,0.8,0.52,3.42,0.1,0.1,0.1,0.1,0.492817,0.0
1,8,0,100,0.8,0.8,0.8,0.7,2.0,0.1,0.1,0.1,0.1,0.493392,0.0
1,5,0,100,0.8,0.8,0.8,0.7,2.0,0.1,0.1,0.1,0.1,0.48185900000000004,0.0
1,0,0,100,0.8,0.8,0.8,0.7,2.0,0.1,0.1,0.1,0.1,0.49375699999999995,0.0
1,5,1,100,0.12,0.28,0.8,0.52,3.42,0.1,0.1,0.1,0.1,0.492778,0.0
1,1,1,100,0.12,0.28,0.8,0.52,3.42,0.1,0.1,0.1,0.1,0.49289099999999997,0.0
1,0,1,100,0.12,0.28,0.8,0.52,3.42,0.1,0.1,0.1,0.1,0.49282700000000007,0.0
1,9,0,100,0.8,0.8,0.8,0.7,2.0,0.1,0.1,0.1,0.1,0.287055,0.0
1,7,1,100,0.12,0.28,0.8,0.52,3.42,0.1,0.1,0.1,0.1,0.492753,0.0
1,4,0,100,0.8,0.8,0.8,0.7,2.0,0.1,0.1,0.1,0.1,0.032052,0.0
1,3,1,100,0.12,0.28,0.8,0.52,3.42,0.1,0.1,0.1,0.1,0.49273500000000003,0.0
1,3,0,100,0.8,0.8,0.8,0.7,2.0,0.1,0.1,0.1,0.1,0.47887700000000005,0.0
1,1,0,100,0.8,0.8,0.8,0.7,2.0,0.1,0.1,0.1,0.1,0.478695,0.0
1,2,1,100,0.12,0.28,0.8,0.52,3.42,0.1,0.1,0.1,0.1,0.49278599999999995,0.0
1,1,2,100,1.21,0.04,0.8,0.32,4.2,0.1,0.1,0.1,0.1,0.493076,0.0
1,8,1,100,0.12,0.28,0.8,0.52,3.42,0.1,0.1,0.1,0.1,0.492712,0.0
1,2,2,100,1.21,0.04,0.8,0.32,4.2,0.1,0.1,0.1,0.1,0.493216,0.0
1,7,0,100,0.8,0.8,0.8,0.7,2.0,0.1,0.1,0.1,0.1,0.487568,0.0
1,9,1,100,0.12,0.28,0.8,0.52,3.42,0.1,0.1,0.1,0.1,0.49273999999999996,0.0
1,2,0,100,0.8,0.8,0.8,0.7,2.0,0.1,0.1,0.1,0.1,0.482667,0.0
1,0,2,100,1.21,0.04,0.8,0.32,4.2,0.1,0.1,0.1,0.1,0.49318100000000004,0.0
1,3,2,100,1.21,0.04,0.8,0.32,4.2,0.1,0.1,0.1,0.1,0.493275,0.0
1,8,2,100,1.21,0.04,0.8,0.32,4.2,0.1,0.1,0.1,0.1,0.49316800000000005,0.0
1,2,3,100,0.67,0.37,0.8,1.06,0.9,0.1,0.1,0.1,0.1,0.49223100000000003,0.0
1,4,2,100,1.21,0.04,0.8,0.32,4.2,0.1,0.1,0.1,0.1,0.492957,0.0
1,3,4,100,0.48,0.82,0.8,1.9,1.16,0.1,0.1,0.1,0.1,0.505073,0.0
1,8,3,100,0.67,0.37,0.8,1.06,0.9,0.1,0.1,0.1,0.1,0.492208,0.0
1,0,3,100,0.67,0.37,0.8,1.06,0.9,0.1,0.1,0.1,0.1,0.492199,0.0
1,6,2,100,1.21,0.04,0.8,0.32,4.2,0.1,0.1,0.1,0.1,0.49345200000000006,0.0
1,9,2,100,1.21,0.04,0.8,0.32,4.2,0.1,0.1,0.1,0.1,0.493188,0.0
1,7,3,100,0.67,0.37,0.8,1.06,0.9,0.1,0.1,0.1,0.1,0.49227,0.0
1,5,3,100,0.67,0.37,0.8,1.06,0.9,0.1,0.1,0.1,0.1,0.492266,0.0
1,3,3,100,0.67,0.37,0.8,1.06,0.9,0.1,0.1,0.1,0.1,0.49223500000000003,0.0
1,4,3,100,0.67,0.37,0.8,1.06,0.9,0.1,0.1,0.1,0.1,0.492192,0.0
1,1,3,100,0.67,0.37,0.8,1.06,0.9,0.1,0.1,0.1,0.1,0.49220699999999995,0.0
1,7,2,100,1.21,0.04,0.8,0.32,4.2,0.1,0.1,0.1,0.1,0.493346,0.0
1,0,4,100,0.48,0.82,0.8,1.9,1.16,0.1,0.1,0.1,0.1,0.509771,0.0
1,9,3,100,0.67,0.37,0.8,1.06,0.9,0.1,0.1,0.1,0.1,0.492284,0.0
1,1,4,100,0.48,0.82,0.8,1.9,1.16,0.1,0.1,0.1,0.1,0.924989,0.0
1,6,3,100,0.67,0.37,0.8,1.06,0.9,0.1,0.1,0.1,0.1,0.492203,0.0
1,5,2,100,1.21,0.04,0.8,0.32,4.2,0.1,0.1,0.1,0.1,0.493258,0.0
1,2,4,100,0.48,0.82,0.8,1.9,1.16,0.1,0.1,0.1,0.1,0.699867,0.0
1,6,4,100,0.48,0.82,0.8,1.9,1.16,0.1,0.1,0.1,0.1,0.946147,0.0
1,4,4,100,0.48,0.82,0.8,1.9,1.16,0.1,0.1,0.1,0.1,0.8523850000000001,0.0
1,5,4,100,0.48,0.82,0.8,1.9,1.16,0.1,0.1,0.1,0.1,0.754648,0.0
1,7,4,100,0.48,0.82,0.8,1.9,1.16,0.1,0.1,0.1,0.1,0.9228459999999999,0.0
1,0,5,100,0.01,0.88,0.8,0.37,1.55,0.1,0.1,0.1,0.1,0.852359,0.0
1,3,5,100,0.01,0.88,0.8,0.37,1.55,0.1,0.1,0.1,0.1,0.8315620000000001,0.0
1,9,4,100,0.48,0.82,0.8,1.9,1.16,0.1,0.1,0.1,0.1,0.522412,0.0
1,8,4,100,0.48,0.82,0.8,1.9,1.16,0.1,0.1,0.1,0.1,0.49190900000000004,0.0
1,6,5,100,0.01,0.88,0.8,0.37,1.55,0.1,0.1,0.1,0.1,0.8881889999999999,0.0
1,4,5,100,0.01,0.88,0.8,0.37,1.55,0.1,0.1,0.1,0.1,0.8267559999999999,0.0
1,3,6,100,0.2,0.36,0.8,0.46,1.44,0.1,0.1,0.1,0.1,0.494125,0.0
1,4,6,100,0.2,0.36,0.8,0.46,1.44,0.1,0.1,0.1,0.1,0.49327,0.0
1,1,6,100,0.2,0.36,0.8,0.46,1.44,0.1,0.1,0.1,0.1,0.49353100000000005,0.0
1,5,5,100,0.01,0.88,0.8,0.37,1.55,0.1,0.1,0.1,0.1,0.815662,0.0
1,7,5,100,0.01,0.88,0.8,0.37,1.55,0.1,0.1,0.1,0.1,0.8818530000000001,0.0
1,8,6,100,0.2,0.36,0.8,0.46,1.44,0.1,0.1,0.1,0.1,0.49333599999999994,0.0
1,9,5,100,0.01,0.88,0.8,0.37,1.55,0.1,0.1,0.1,0.1,0.875107,0.0
1,1,5,100,0.01,0.88,0.8,0.37,1.55,0.1,0.1,0.1,0.1,1.022222,0.0
1,9,6,100,0.2,0.36,0.8,0.46,1.44,0.1,0.1,0.1,0.1,0.493012,0.0
1,2,6,100,0.2,0.36,0.8,0.46,1.44,0.1,0.1,0.1,0.1,0.492914,0.0
1,2,5,100,0.01,0.88,0.8,0.37,1.55,0.1,0.1,0.1,0.1,0.905141,0.0
1,5,6,100,0.2,0.36,0.8,0.46,1.44,0.1,0.1,0.1,0.1,0.49365299999999995,0.0
1,7,6,100,0.2,0.36,0.8,0.46,1.44,0.1,0.1,0.1,0.1,0.493518,0.0
1,0,7,100,0.43,0.86,0.8,0.74,2.06,0.1,0.1,0.1,0.1,0.497087,0.0
1,6,6,100,0.2,0.36,0.8,0.46,1.44,0.1,0.1,0.1,0.1,0.493091,0.0
1,1,7,100,0.43,0.86,0.8,0.74,2.06,0.1,0.1,0.1,0.1,0.897565,0.0
1,8,5,100,0.01,0.88,0.8,0.37,1.55,0.1,0.1,0.1,0.1,0.9340629999999999,0.0
1,0,6,100,0.2,0.36,0.8,0.46,1.44,0.1,0.1,0.1,0.1,0.493279,0.0
1,8,7,100,0.43,0.86,0.8,0.74,2.06,0.1,0.1,0.1,0.1,0.49389700000000003,0.0
1,3,7,100,0.43,0.86,0.8,0.74,2.06,0.1,0.1,0.1,0.1,0.47206800000000004,0.0
1,2,8,100,0.16,0.08,0.8,0.28,3.39,0.1,0.1,0.1,0.1,0.49278999999999995,0.0
1,3,8,100,0.16,0.08,0.8,0.28,3.39,0.1,0.1,0.1,0.1,0.49273199999999995,0.0
1,4,7,100,0.43,0.86,0.8,0.74,2.06,0.1,0.1,0.1,0.1,0.107233,0.0
1,6,7,100,0.43,0.86,0.8,0.74,2.06,0.1,0.1,0.1,0.1,0.023546,0.0
1,7,7,100,0.43,0.86,0.8,0.74,2.06,0.1,0.1,0.1,0.1,0.47766099999999995,0.0
1,9,7,100,0.43,0.86,0.8,0.74,2.06,0.1,0.1,0.1,0.1,0.9242319999999999,0.0
1,2,7,100,0.43,0.86,0.8,0.74,2.06,0.1,0.1,0.1,0.1,0.47248999999999997,0.0
1,0,8,100,0.16,0.08,0.8,0.28,3.39,0.1,0.1,0.1,0.1,0.49269700000000005,0.0
1,7,8,100,0.16,0.08,0.8,0.28,3.39,0.1,0.1,0.1,0.1,0.492671,0.0
1,5,7,100,0.43,0.86,0.8,0.74,2.06,0.1,0.1,0.1,0.1,0.519686,0.0
1,4,8,100,0.16,0.08,0.8,0.28,3.39,0.1,0.1,0.1,0.1,0.49258100000000005,0.0
1,1,8,100,0.16,0.08,0.8,0.28,3.39,0.1,0.1,0.1,0.1,0.49272299999999997,0.0
1,6,8,100,0.16,0.08,0.8,0.28,3.39,0.1,0.1,0.1,0.1,0.492804,0.0
1,8,8,100,0.16,0.08,0.8,0.28,3.39,0.1,0.1,0.1,0.1,0.492729,0.0
1,9,8,100,0.16,0.08,0.8,0.28,3.39,0.1,0.1,0.1,0.1,0.49266099999999996,0.0
1,5,8,100,0.16,0.08,0.8,0.28,3.39,0.1,0.1,0.1,0.1,0.492609,0.0
1,0,9,100,0.47,0.14,0.8,0.78,2.55,0.1,0.1,0.1,0.1,0.49240900000000004,0.0
1,3,9,100,0.47,0.14,0.8,0.78,2.55,0.1,0.1,0.1,0.1,0.492396,0.0
1,2,9,100,0.47,0.14,0.8,0.78,2.55,0.1,0.1,0.1,0.1,0.492403,0.0
1,5,9,100,0.47,0.14,0.8,0.78,2.55,0.1,0.1,0.1,0.1,0.4924,0.0
1,1,9,100,0.47,0.14,0.8,0.78,2.55,0.1,0.1,0.1,0.1,0.492403,0.0
1,4,9,100,0.47,0.14,0.8,0.78,2.55,0.1,0.1,0.1,0.1,0.49241499999999994,0.0
1,9,9,100,0.47,0.14,0.8,0.78,2.55,0.1,0.1,0.1,0.1,0.492374,0.0
1,6,9,100,0.47,0.14,0.8,0.78,2.55,0.1,0.1,0.1,0.1,0.49240200000000006,0.0
1,7,9,100,0.47,0.14,0.8,0.78,2.55,0.1,0.1,0.1,0.1,0.49240600000000007,0.0
1,8,9,100,0.47,0.14,0.8,0.78,2.55,0.1,0.1,0.1,0.1,0.49238699999999996,0.0
1,3,0,100,0.46,0.54,0.8,0.61,2.71,0.1,0.1,0.1,0.1,0.49402700000000005,0.0
1,2,0,100,0.46,0.54,0.8,0.61,2.71,0.1,0.1,0.1,0.1,0.49212100000000003,0.0
1,6,0,100,0.46,0.54,0.8,0.61,2.71,0.1,0.1,0.1,0.1,0.49335,0.0
1,4,0,100,0.46,0.54,0.8,0.61,2.71,0.1,0.1,0.1,0.1,0.49309200000000003,0.0
1,1,0,100,0.46,0.54,0.8,0.61,2.71,0.1,0.1,0.1,0.1,0.49413999999999997,0.0
1,0,0,100,0.46,0.54,0.8,0.61,2.71,0.1,0.1,0.1,0.1,0.49358900000000006,0.0
1,9,0,100,0.46,0.54,0.8,0.61,2.71,0.1,0.1,0.1,0.1,0.493175,0.0
1,5,0,100,0.46,0.54,0.8,0.61,2.71,0.1,0.1,0.1,0.1,0.493779,0.0
1,3,2,100,0.74,0.58,0.8,0.88,1.45,0.1,0.1,0.1,0.1,0.49328500000000003,0.0
1,3,1,100,1.0,0.42,0.8,0.51,3.1,0.1,0.1,0.1,0.1,0.490994,0.0
1,7,1,100,1.0,0.42,0.8,0.51,3.1,0.1,0.1,0.1,0.1,0.492795,0.0
1,2,2,100,0.74,0.58,0.8,0.88,1.45,0.1,0.1,0.1,0.1,0.492879,0.0
1,6,1,100,1.0,0.42,0.8,0.51,3.1,0.1,0.1,0.1,0.1,0.493134,0.0
1,0,1,100,1.0,0.42,0.8,0.51,3.1,0.1,0.1,0.1,0.1,0.493575,0.0
1,8,0,100,0.46,0.54,0.8,0.61,2.71,0.1,0.1,0.1,0.1,0.493829,0.0
1,5,1,100,1.0,0.42,0.8,0.51,3.1,0.1,0.1,0.1,0.1,0.49226499999999995,0.0
1,1,1,100,1.0,0.42,0.8,0.51,3.1,0.1,0.1,0.1,0.1,0.49301000000000006,0.0
1,0,2,100,0.74,0.58,0.8,0.88,1.45,0.1,0.1,0.1,0.1,0.49284799999999995,0.0
1,2,1,100,1.0,0.42,0.8,0.51,3.1,0.1,0.1,0.1,0.1,0.49241999999999997,0.0
1,7,0,100,0.46,0.54,0.8,0.61,2.71,0.1,0.1,0.1,0.1,0.493889,0.0
1,4,1,100,1.0,0.42,0.8,0.51,3.1,0.1,0.1,0.1,0.1,0.49228500000000003,0.0
1,1,2,100,0.74,0.58,0.8,0.88,1.45,0.1,0.1,0.1,0.1,0.492987,0.0
1,8,1,100,1.0,0.42,0.8,0.51,3.1,0.1,0.1,0.1,0.1,0.493252,0.0
1,9,1,100,1.0,0.42,0.8,0.51,3.1,0.1,0.1,0.1,0.1,0.492684,0.0
1,4,2,100,0.74,0.58,0.8,0.88,1.45,0.1,0.1,0.1,0.1,0.49263999999999997,0.0
1,9,2,100,0.74,0.58,0.8,0.88,1.45,0.1,0.1,0.1,0.1,0.492713,0.0
1,6,3,100,0.64,0.81,0.8,1.3,1.58,0.1,0.1,0.1,0.1,0.49241899999999994,0.0
1,7,2,100,0.74,0.58,0.8,0.88,1.45,0.1,0.1,0.1,0.1,0.492637,0.0
1,0,3,100,0.64,0.81,0.8,1.3,1.58,0.1,0.1,0.1,0.1,0.492346,0.0
1,3,3,100,0.64,0.81,0.8,1.3,1.58,0.1,0.1,0.1,0.1,0.492712,0.0
1,2,4,100,0.4,0.84,0.8,0.53,1.78,0.1,0.1,0.1,0.1,0.9181600000000001,0.0
1,3,4,100,0.4,0.84,0.8,0.53,1.78,0.1,0.1,0.1,0.1,0.48561000000000004,0.0
1,0,4,100,0.4,0.84,0.8,0.53,1.78,0.1,0.1,0.1,0.1,0.692183,0.0
1,5,4,100,0.4,0.84,0.8,0.53,1.78,0.1,0.1,0.1,0.1,0.968622,0.0
1,4,4,100,0.4,0.84,0.8,0.53,1.78,0.1,0.1,0.1,0.1,0.732657,0.0
1,8,2,100,0.74,0.58,0.8,0.88,1.45,0.1,0.1,0.1,0.1,0.49260200000000004,0.0
1,7,3,100,0.64,0.81,0.8,1.3,1.58,0.1,0.1,0.1,0.1,0.49229300000000004,0.0
1,1,4,100,0.4,0.84,0.8,0.53,1.78,0.1,0.1,0.1,0.1,0.8630760000000001,0.0
1,6,2,100,0.74,0.58,0.8,0.88,1.45,0.1,0.1,0.1,0.1,0.492879,0.0
1,1,3,100,0.64,0.81,0.8,1.3,1.58,0.1,0.1,0.1,0.1,0.492453,0.0
1,4,3,100,0.64,0.81,0.8,1.3,1.58,0.1,0.1,0.1,0.1,0.49226400000000003,0.0
1,6,4,100,0.4,0.84,0.8,0.53,1.78,0.1,0.1,0.1,0.1,0.10546400000000002,0.0
1,9,3,100,0.64,0.81,0.8,1.3,1.58,0.1,0.1,0.1,0.1,0.492353,0.0
1,8,3,100,0.64,0.81,0.8,1.3,1.58,0.1,0.1,0.1,0.1,0.492267,0.0
1,2,3,100,0.64,0.81,0.8,1.3,1.58,0.1,0.1,0.1,0.1,0.49242700000000006,0.0
1,5,3,100,0.64,0.81,0.8,1.3,1.58,0.1,0.1,0.1,0.1,0.49250200000000005,0.0
1,7,4,100,0.4,0.84,0.8,0.53,1.78,0.1,0.1,0.1,0.1,0.42885100000000004,0.0
1,5,2,100,0.74,0.58,0.8,0.88,1.45,0.1,0.1,0.1,0.1,0.492893,0.0
1,8,4,100,0.4,0.84,0.8,0.53,1.78,0.1,0.1,0.1,0.1,0.49537700000000007,0.0
1,9,4,100,0.4,0.84,0.8,0.53,1.78,0.1,0.1,0.1,0.1,0.800177,0.0
1,0,7,100,1.0,1.0,0.8,0.16,3.65,0.1,0.1,0.1,0.1,1.074077,0.0
1,1,7,100,1.0,1.0,0.8,0.16,3.65,0.1,0.1,0.1,0.1,1.097697,0.0
1,3,7,100,1.0,1.0,0.8,0.16,3.65,0.1,0.1,0.1,0.1,1.076303,0.0
1,2,7,100,1.0,1.0,0.8,0.16,3.65,0.1,0.1,0.1,0.1,1.104274,0.0
1,5,8,100,1.28,0.77,0.8,0.0,3.26,0.1,0.1,0.1,0.1,1.120031,0.0
1,0,8,100,1.28,0.77,0.8,0.0,3.26,0.1,0.1,0.1,0.1,1.115369,0.0
1,4,7,100,1.0,1.0,0.8,0.16,3.65,0.1,0.1,0.1,0.1,1.037353,0.0
1,3,8,100,1.28,0.77,0.8,0.0,3.26,0.1,0.1,0.1,0.1,1.1160290000000002,0.0
1,5,7,100,1.0,1.0,0.8,0.16,3.65,0.1,0.1,0.1,0.1,1.085226,0.0
1,2,8,100,1.28,0.77,0.8,0.0,3.26,0.1,0.1,0.1,0.1,1.11901,0.0
1,6,7,100,1.0,1.0,0.8,0.16,3.65,0.1,0.1,0.1,0.1,1.091232,0.0
1,4,8,100,1.28,0.77,0.8,0.0,3.26,0.1,0.1,0.1,0.1,1.115369,0.0
1,1,8,100,1.28,0.77,0.8,0.0,3.26,0.1,0.1,0.1,0.1,1.1135389999999998,0.0
1,6,8,100,1.28,0.77,0.8,0.0,3.26,0.1,0.1,0.1,0.1,1.115315,0.0
1,2,9,100,1.98,0.68,0.8,1.19,2.68,0.1,0.1,0.1,0.1,0.49292700000000006,0.0
1,7,7,100,1.0,1.0,0.8,0.16,3.65,0.1,0.1,0.1,0.1,1.109895,0.0
1,9,7,100,1.0,1.0,0.8,0.16,3.65,0.1,0.1,0.1,0.1,1.096065,0.0
1,8,7,100,1.0,1.0,0.8,0.16,3.65,0.1,0.1,0.1,0.1,1.061299,0.0
1,1,9,100,1.98,0.68,0.8,1.19,2.68,0.1,0.1,0.1,0.1,0.492921,0.0
1,7,8,100,1.28,0.77,0.8,0.0,3.26,0.1,0.1,0.1,0.1,1.113688,0.0
1,3,9,100,1.98,0.68,0.8,1.19,2.68,0.1,0.1,0.1,0.1,0.493025,0.0
1,9,8,100,1.28,0.77,0.8,0.0,3.26,0.1,0.1,0.1,0.1,1.115369,0.0
1,4,9,100,1.98,0.68,0.8,1.19,2.68,0.1,0.1,0.1,0.1,0.49290200000000006,0.0
1,0,9,100,1.98,0.68,0.8,1.19,2.68,0.1,0.1,0.1,0.1,0.49295600000000006,0.0
1,8,8,100,1.28,0.77,0.8,0.0,3.26,0.1,0.1,0.1,0.1,1.090724,0.0
1,5,9,100,1.98,0.68,0.8,1.19,2.68,0.1,0.1,0.1,0.1,0.493087,0.0
1,8,9,100,1.98,0.68,0.8,1.19,2.68,0.1,0.1,0.1,0.1,0.492777,0.0
1,7,9,100,1.98,0.68,0.8,1.19,2.68,0.1,0.1,0.1,0.1,0.492928,0.0
1,6,9,100,1.98,0.68,0.8,1.19,2.68,0.1,0.1,0.1,0.1,0.492874,0.0
1,9,9,100,1.98,0.68,0.8,1.19,2.68,0.1,0.1,0.1,0.1,0.492885,0.0
1,6,0,100,0.9,0.61,0.8,0.6,2.55,0.1,0.1,0.1,0.1,0.44848299999999997,0.0
1,1,2,100,0.72,0.8,0.8,1.0,1.79,0.1,0.1,0.1,0.1,0.493191,0.0
1,4,0,100,0.9,0.61,0.8,0.6,2.55,0.1,0.1,0.1,0.1,0.44256999999999996,0.0
1,5,0,100,0.9,0.61,0.8,0.6,2.55,0.1,0.1,0.1,0.1,0.48455299999999996,0.0
1,8,1,100,0.77,0.69,0.8,0.79,1.72,0.1,0.1,0.1,0.1,0.49326400000000004,0.0
1,7,1,100,0.77,0.69,0.8,0.79,1.72,0.1,0.1,0.1,0.1,0.49349799999999994,0.0
1,9,0,100,0.9,0.61,0.8,0.6,2.55,0.1,0.1,0.1,0.1,0.491278,0.0
1,3,1,100,0.77,0.69,0.8,0.79,1.72,0.1,0.1,0.1,0.1,0.493861,0.0
1,0,1,100,0.77,0.69,0.8,0.79,1.72,0.1,0.1,0.1,0.1,0.493775,0.0
1,2,0,100,0.9,0.61,0.8,0.6,2.55,0.1,0.1,0.1,0.1,0.485234,0.0
1,3,0,100,0.9,0.61,0.8,0.6,2.55,0.1,0.1,0.1,0.1,0.480171,0.0
1,6,1,100,0.77,0.69,0.8,0.79,1.72,0.1,0.1,0.1,0.1,0.493753,0.0
1,0,2,100,0.72,0.8,0.8,1.0,1.79,0.1,0.1,0.1,0.1,0.4932,0.0
1,1,0,100,0.9,0.61,0.8,0.6,2.55,0.1,0.1,0.1,0.1,0.493491,0.0
1,5,1,100,0.77,0.69,0.8,0.79,1.72,0.1,0.1,0.1,0.1,0.493835,0.0
1,7,0,100,0.9,0.61,0.8,0.6,2.55,0.1,0.1,0.1,0.1,0.48990600000000006,0.0
1,4,1,100,0.77,0.69,0.8,0.79,1.72,0.1,0.1,0.1,0.1,0.49347299999999994,0.0
1,2,1,100,0.77,0.69,0.8,0.79,1.72,0.1,0.1,0.1,0.1,0.4937,0.0
1,8,0,100,0.9,0.61,0.8,0.6,2.55,0.1,0.1,0.1,0.1,0.49411400000000005,0.0
1,2,2,100,0.72,0.8,0.8,1.0,1.79,0.1,0.1,0.1,0.1,0.49337600000000004,0.0
1,0,0,100,0.9,0.61,0.8,0.6,2.55,0.1,0.1,0.1,0.1,0.49319799999999997,0.0
1,3,2,100,0.72,0.8,0.8,1.0,1.79,0.1,0.1,0.1,0.1,0.49401300000000004,0.0
1,1,1,100,0.77,0.69,0.8,0.79,1.72,0.1,0.1,0.1,0.1,0.49347799999999997,0.0
1,9,1,100,0.77,0.69,0.8,0.79,1.72,0.1,0.1,0.1,0.1,0.493654,0.0
1,6,2,100,0.72,0.8,0.8,1.0,1.79,0.1,0.1,0.1,0.1,0.49325399999999997,0.0
1,0,3,100,0.6,0.82,0.8,0.62,1.89,0.1,0.1,0.1,0.1,0.170746,0.0
1,7,2,100,0.72,0.8,0.8,1.0,1.79,0.1,0.1,0.1,0.1,0.49297799999999997,0.0
1,4,2,100,0.72,0.8,0.8,1.0,1.79,0.1,0.1,0.1,0.1,0.49291899999999994,0.0
1,5,2,100,0.72,0.8,0.8,1.0,1.79,0.1,0.1,0.1,0.1,0.49358199999999997,0.0
1,1,3,100,0.6,0.82,0.8,0.62,1.89,0.1,0.1,0.1,0.1,0.8882700000000001,0.0
1,8,2,100,0.72,0.8,0.8,1.0,1.79,0.1,0.1,0.1,0.1,0.492921,0.0
1,2,3,100,0.6,0.82,0.8,0.62,1.89,0.1,0.1,0.1,0.1,0.416253,0.0
1,5,4,100,1.31,0.9,0.8,0.84,1.0,0.1,0.1,0.1,0.1,0.494071,0.0
1,7,3,100,0.6,0.82,0.8,0.62,1.89,0.1,0.1,0.1,0.1,0.47059799999999996,0.0
1,9,2,100,0.72,0.8,0.8,1.0,1.79,0.1,0.1,0.1,0.1,0.49308199999999996,0.0
1,5,3,100,0.6,0.82,0.8,0.62,1.89,0.1,0.1,0.1,0.1,0.564135,0.0
1,9,3,100,0.6,0.82,0.8,0.62,1.89,0.1,0.1,0.1,0.1,0.9762360000000001,0.0
1,8,3,100,0.6,0.82,0.8,0.62,1.89,0.1,0.1,0.1,0.1,0.48376,0.0
1,6,4,100,1.31,0.9,0.8,0.84,1.0,0.1,0.1,0.1,0.1,0.49356300000000003,0.0
1,4,3,100,0.6,0.82,0.8,0.62,1.89,0.1,0.1,0.1,0.1,0.081483,0.0
1,2,4,100,1.31,0.9,0.8,0.84,1.0,0.1,0.1,0.1,0.1,0.49373900000000004,0.0
1,3,3,100,0.6,0.82,0.8,0.62,1.89,0.1,0.1,0.1,0.1,0.46265100000000003,0.0
1,0,4,100,1.31,0.9,0.8,0.84,1.0,0.1,0.1,0.1,0.1,0.49351999999999996,0.0
1,4,4,100,1.31,0.9,0.8,0.84,1.0,0.1,0.1,0.1,0.1,0.493623,0.0
1,3,4,100,1.31,0.9,0.8,0.84,1.0,0.1,0.1,0.1,0.1,0.49383299999999997,0.0
1,7,4,100,1.31,0.9,0.8,0.84,1.0,0.1,0.1,0.1,0.1,0.493341,0.0
1,6,3,100,0.6,0.82,0.8,0.62,1.89,0.1,0.1,0.1,0.1,0.012909,0.0
1,1,4,100,1.31,0.9,0.8,0.84,1.0,0.1,0.1,0.1,0.1,0.49408199999999997,0.0
1,2,5,100,0.5,1.0,0.8,0.98,0.35,0.1,0.1,0.1,0.1,0.7477739999999999,0.0
1,9,4,100,1.31,0.9,0.8,0.84,1.0,0.1,0.1,0.1,0.1,0.49274700000000005,0.0
1,3,5,100,0.5,1.0,0.8,0.98,0.35,0.1,0.1,0.1,0.1,0.745421,0.0
1,4,5,100,0.5,1.0,0.8,0.98,0.35,0.1,0.1,0.1,0.1,0.7493810000000001,0.0
1,0,5,100,0.5,1.0,0.8,0.98,0.35,0.1,0.1,0.1,0.1,0.746211,0.0
1,8,4,100,1.31,0.9,0.8,0.84,1.0,0.1,0.1,0.1,0.1,0.49306300000000003,0.0
1,5,5,100,0.5,1.0,0.8,0.98,0.35,0.1,0.1,0.1,0.1,0.760504,0.0
1,7,5,100,0.5,1.0,0.8,0.98,0.35,0.1,0.1,0.1,0.1,0.756566,0.0
1,1,6,100,0.89,1.0,0.8,0.43,2.82,0.1,0.1,0.1,0.1,0.8723129999999999,0.0
1,1,5,100,0.5,1.0,0.8,0.98,0.35,0.1,0.1,0.1,0.1,0.760456,0.0
1,9,5,100,0.5,1.0,0.8,0.98,0.35,0.1,0.1,0.1,0.1,0.743923,0.0
1,8,6,100,0.89,1.0,0.8,0.43,2.82,0.1,0.1,0.1,0.1,0.736989,0.0
1,6,5,100,0.5,1.0,0.8,0.98,0.35,0.1,0.1,0.1,0.1,0.748421,0.0
1,0,6,100,0.89,1.0,0.8,0.43,2.82,0.1,0.1,0.1,0.1,0.982361,0.0
1,8,5,100,0.5,1.0,0.8,0.98,0.35,0.1,0.1,0.1,0.1,0.7440479999999999,0.0
1,3,6,100,0.89,1.0,0.8,0.43,2.82,0.1,0.1,0.1,0.1,0.894855,0.0
1,1,7,100,1.04,0.78,0.8,0.0,2.63,0.1,0.1,0.1,0.1,1.113426,0.0
1,2,6,100,0.89,1.0,0.8,0.43,2.82,0.1,0.1,0.1,0.1,0.988303,0.0
1,6,6,100,0.89,1.0,0.8,0.43,2.82,0.1,0.1,0.1,0.1,0.8043060000000001,0.0
1,5,6,100,0.89,1.0,0.8,0.43,2.82,0.1,0.1,0.1,0.1,0.898135,0.0
1,7,6,100,0.89,1.0,0.8,0.43,2.82,0.1,0.1,0.1,0.1,0.8449270000000001,0.0
1,4,6,100,0.89,1.0,0.8,0.43,2.82,0.1,0.1,0.1,0.1,0.687448,0.0
1,0,7,100,1.04,0.78,0.8,0.0,2.63,0.1,0.1,0.1,0.1,1.120057,0.0
1,9,6,100,0.89,1.0,0.8,0.43,2.82,0.1,0.1,0.1,0.1,0.8608600000000001,0.0
1,4,7,100,1.04,0.78,0.8,0.0,2.63,0.1,0.1,0.1,0.1,1.1128770000000001,0.0
1,6,7,100,1.04,0.78,0.8,0.0,2.63,0.1,0.1,0.1,0.1,1.111221,0.0
1,0,8,100,1.4,0.74,0.8,0.95,2.33,0.1,0.1,0.1,0.1,0.493547,0.0
1,7,7,100,1.04,0.78,0.8,0.0,2.63,0.1,0.1,0.1,0.1,1.11486,0.0
1,3,7,100,1.04,0.78,0.8,0.0,2.63,0.1,0.1,0.1,0.1,1.082503,0.0
1,5,7,100,1.04,0.78,0.8,0.0,2.63,0.1,0.1,0.1,0.1,1.091336,0.0
1,1,8,100,1.4,0.74,0.8,0.95,2.33,0.1,0.1,0.1,0.1,0.49335,0.0
1,2,7,100,1.04,0.78,0.8,0.0,2.63,0.1,0.1,0.1,0.1,1.128106,0.0
1,8,7,100,1.04,0.78,0.8,0.0,2.63,0.1,0.1,0.1,0.1,1.11204,0.0
1,2,8,100,1.4,0.74,0.8,0.95,2.33,0.1,0.1,0.1,0.1,0.493546,0.0
1,5,8,100,1.4,0.74,0.8,0.95,2.33,0.1,0.1,0.1,0.1,0.49387299999999995,0.0
1,9,7,100,1.04,0.78,0.8,0.0,2.63,0.1,0.1,0.1,0.1,1.112141,0.0
1,4,8,100,1.4,0.74,0.8,0.95,2.33,0.1,0.1,0.1,0.1,0.49323,0.0
1,9,8,100,1.4,0.74,0.8,0.95,2.33,0.1,0.1,0.1,0.1,0.493375,0.0
1,7,8,100,1.4,0.74,0.8,0.95,2.33,0.1,0.1,0.1,0.1,0.49328,0.0
1,8,8,100,1.4,0.74,0.8,0.95,2.33,0.1,0.1,0.1,0.1,0.49314300000000005,0.0
1,6,8,100,1.4,0.74,0.8,0.95,2.33,0.1,0.1,0.1,0.1,0.493288,0.0
1,1,9,100,0.0,0.5,0.8,0.29,5.0,0.1,0.1,0.1,0.1,1.049243,0.0
1,4,9,100,0.0,0.5,0.8,0.29,5.0,0.1,0.1,0.1,0.1,1.039172,0.0
1,0,9,100,0.0,0.5,0.8,0.29,5.0,0.1,0.1,0.1,0.1,0.921108,0.0
1,2,9,100,0.0,0.5,0.8,0.29,5.0,0.1,0.1,0.1,0.1,1.03424,0.0
1,3,8,100,1.4,0.74,0.8,0.95,2.33,0.1,0.1,0.1,0.1,0.493871,0.0
1,3,9,100,0.0,0.5,0.8,0.29,5.0,0.1,0.1,0.1,0.1,1.002145,0.0
1,5,9,100,0.0,0.5,0.8,0.29,5.0,0.1,0.1,0.1,0.1,0.823517,0.0
1,7,9,100,0.0,0.5,0.8,0.29,5.0,0.1,0.1,0.1,0.1,0.9784309999999999,0.0
1,8,9,100,0.0,0.5,0.8,0.29,5.0,0.1,0.1,0.1,0.1,0.6539729999999999,0.0
1,6,9,100,0.0,0.5,0.8,0.29,5.0,0.1,0.1,0.1,0.1,1.010614,0.0
1,9,9,100,0.0,0.5,0.8,0.29,5.0,0.1,0.1,0.1,0.1,0.8418209999999999,0.0
1,2,1,100,0.76,0.8,0.8,0.85,1.9,0.1,0.1,0.1,0.1,0.49349399999999993,0.0
1,0,1,100,0.76,0.8,0.8,0.85,1.9,0.1,0.1,0.1,0.1,0.493965,0.0
1,7,0,100,0.78,0.74,0.8,0.74,1.86,0.1,0.1,0.1,0.1,0.49344099999999996,0.0
1,1,0,100,0.78,0.74,0.8,0.74,1.86,0.1,0.1,0.1,0.1,0.493799,0.0
1,8,0,100,0.78,0.74,0.8,0.74,1.86,0.1,0.1,0.1,0.1,0.49381499999999995,0.0
1,2,0,100,0.78,0.74,0.8,0.74,1.86,0.1,0.1,0.1,0.1,0.493884,0.0
1,1,1,100,0.76,0.8,0.8,0.85,1.9,0.1,0.1,0.1,0.1,0.49340500000000004,0.0
1,5,0,100,0.78,0.74,0.8,0.74,1.86,0.1,0.1,0.1,0.1,0.493208,0.0
1,3,1,100,0.76,0.8,0.8,0.85,1.9,0.1,0.1,0.1,0.1,0.493472,0.0
1,5,1,100,0.76,0.8,0.8,0.85,1.9,0.1,0.1,0.1,0.1,0.49382,0.0
1,4,0,100,0.78,0.74,0.8,0.74,1.86,0.1,0.1,0.1,0.1,0.484811,0.0
1,1,2,100,0.7,0.81,0.8,0.66,1.94,0.1,0.1,0.1,0.1,0.446718,0.0
1,4,1,100,0.76,0.8,0.8,0.85,1.9,0.1,0.1,0.1,0.1,0.493753,0.0
1,0,2,100,0.7,0.81,0.8,0.66,1.94,0.1,0.1,0.1,0.1,0.487885,0.0
1,6,1,100,0.76,0.8,0.8,0.85,1.9,0.1,0.1,0.1,0.1,0.49353,0.0
1,7,1,100,0.76,0.8,0.8,0.85,1.9,0.1,0.1,0.1,0.1,0.49366800000000005,0.0
1,3,0,100,0.78,0.74,0.8,0.74,1.86,0.1,0.1,0.1,0.1,0.49320200000000003,0.0
1,2,2,100,0.7,0.81,0.8,0.66,1.94,0.1,0.1,0.1,0.1,0.457268,0.0
1,6,0,100,0.78,0.74,0.8,0.74,1.86,0.1,0.1,0.1,0.1,0.487821,0.0
1,9,1,100,0.76,0.8,0.8,0.85,1.9,0.1,0.1,0.1,0.1,0.493796,0.0
1,8,1,100,0.76,0.8,0.8,0.85,1.9,0.1,0.1,0.1,0.1,0.49344899999999997,0.0
1,9,0,100,0.78,0.74,0.8,0.74,1.86,0.1,0.1,0.1,0.1,0.493787,0.0
1,3,2,100,0.7,0.81,0.8,0.66,1.94,0.1,0.1,0.1,0.1,0.466929,0.0
1,0,0,100,0.78,0.74,0.8,0.74,1.86,0.1,0.1,0.1,0.1,0.49420699999999995,0.0
1,4,2,100,0.7,0.81,0.8,0.66,1.94,0.1,0.1,0.1,0.1,0.048725,0.0
1,0,3,100,1.06,0.85,0.8,0.77,1.5,0.1,0.1,0.1,0.1,0.492751,0.0
1,8,2,100,0.7,0.81,0.8,0.66,1.94,0.1,0.1,0.1,0.1,0.49143400000000004,0.0
1,6,2,100,0.7,0.81,0.8,0.66,1.94,0.1,0.1,0.1,0.1,0.013016,0.0
1,4,3,100,1.06,0.85,0.8,0.77,1.5,0.1,0.1,0.1,0.1,0.42933000000000004,0.0
1,7,2,100,0.7,0.81,0.8,0.66,1.94,0.1,0.1,0.1,0.1,0.47805,0.0
1,3,3,100,1.06,0.85,0.8,0.77,1.5,0.1,0.1,0.1,0.1,0.491285,0.0
1,6,3,100,1.06,0.85,0.8,0.77,1.5,0.1,0.1,0.1,0.1,0.49271899999999996,0.0
1,7,3,100,1.06,0.85,0.8,0.77,1.5,0.1,0.1,0.1,0.1,0.493796,0.0
1,0,4,100,0.65,0.9,0.8,0.84,1.18,0.1,0.1,0.1,0.1,0.49455600000000005,0.0
1,1,3,100,1.06,0.85,0.8,0.77,1.5,0.1,0.1,0.1,0.1,0.489954,0.0
1,5,3,100,1.06,0.85,0.8,0.77,1.5,0.1,0.1,0.1,0.1,0.49384300000000003,0.0
1,5,2,100,0.7,0.81,0.8,0.66,1.94,0.1,0.1,0.1,0.1,0.616024,0.0
1,2,4,100,0.65,0.9,0.8,0.84,1.18,0.1,0.1,0.1,0.1,0.493879,0.0
1,9,2,100,0.7,0.81,0.8,0.66,1.94,0.1,0.1,0.1,0.1,0.091721,0.0
1,8,3,100,1.06,0.85,0.8,0.77,1.5,0.1,0.1,0.1,0.1,0.49362700000000004,0.0
1,9,3,100,1.06,0.85,0.8,0.77,1.5,0.1,0.1,0.1,0.1,0.345209,0.0
1,6,4,100,0.65,0.9,0.8,0.84,1.18,0.1,0.1,0.1,0.1,0.49333999999999995,0.0
1,2,3,100,1.06,0.85,0.8,0.77,1.5,0.1,0.1,0.1,0.1,0.49381800000000003,0.0
1,3,4,100,0.65,0.9,0.8,0.84,1.18,0.1,0.1,0.1,0.1,0.49314600000000003,0.0
1,1,4,100,0.65,0.9,0.8,0.84,1.18,0.1,0.1,0.1,0.1,0.49382200000000004,0.0
1,7,4,100,0.65,0.9,0.8,0.84,1.18,0.1,0.1,0.1,0.1,0.493341,0.0
1,4,4,100,0.65,0.9,0.8,0.84,1.18,0.1,0.1,0.1,0.1,0.299421,0.0
1,5,4,100,0.65,0.9,0.8,0.84,1.18,0.1,0.1,0.1,0.1,0.494043,0.0
1,3,5,100,0.85,0.97,0.8,0.56,2.42,0.1,0.1,0.1,0.1,0.559815,0.0
1,8,4,100,0.65,0.9,0.8,0.84,1.18,0.1,0.1,0.1,0.1,0.493126,0.0
1,9,4,100,0.65,0.9,0.8,0.84,1.18,0.1,0.1,0.1,0.1,0.105948,0.0
1,8,5,100,0.85,0.97,0.8,0.56,2.42,0.1,0.1,0.1,0.1,0.580588,0.0
1,5,5,100,0.85,0.97,0.8,0.56,2.42,0.1,0.1,0.1,0.1,0.9573010000000001,0.0
1,9,5,100,0.85,0.97,0.8,0.56,2.42,0.1,0.1,0.1,0.1,0.730356,0.0
1,7,5,100,0.85,0.97,0.8,0.56,2.42,0.1,0.1,0.1,0.1,0.7504109999999999,0.0
1,0,5,100,0.85,0.97,0.8,0.56,2.42,0.1,0.1,0.1,0.1,0.645075,0.0
1,1,6,100,0.92,0.8,0.8,0.25,2.32,0.1,0.1,0.1,0.1,1.092481,0.0
1,4,5,100,0.85,0.97,0.8,0.56,2.42,0.1,0.1,0.1,0.1,0.6785140000000001,0.0
1,1,5,100,0.85,0.97,0.8,0.56,2.42,0.1,0.1,0.1,0.1,0.8939219999999999,0.0
1,2,6,100,0.92,0.8,0.8,0.25,2.32,0.1,0.1,0.1,0.1,1.0267879999999998,0.0
1,2,5,100,0.85,0.97,0.8,0.56,2.42,0.1,0.1,0.1,0.1,0.8785290000000001,0.0
1,6,5,100,0.85,0.97,0.8,0.56,2.42,0.1,0.1,0.1,0.1,0.148044,0.0
1,0,6,100,0.92,0.8,0.8,0.25,2.32,0.1,0.1,0.1,0.1,1.051218,0.0
1,3,6,100,0.92,0.8,0.8,0.25,2.32,0.1,0.1,0.1,0.1,0.990949,0.0
1,7,6,100,0.92,0.8,0.8,0.25,2.32,0.1,0.1,0.1,0.1,0.954937,0.0
1,0,7,100,1.1,0.77,0.8,0.82,2.16,0.1,0.1,0.1,0.1,0.49404499999999996,0.0
1,9,6,100,0.92,0.8,0.8,0.25,2.32,0.1,0.1,0.1,0.1,1.0086600000000001,0.0
1,5,6,100,0.92,0.8,0.8,0.25,2.32,0.1,0.1,0.1,0.1,0.965277,0.0
1,1,7,100,1.1,0.77,0.8,0.82,2.16,0.1,0.1,0.1,0.1,0.49384700000000004,0.0
1,8,6,100,0.92,0.8,0.8,0.25,2.32,0.1,0.1,0.1,0.1,0.77972,0.0
1,4,6,100,0.92,0.8,0.8,0.25,2.32,0.1,0.1,0.1,0.1,1.091933,0.0
1,6,6,100,0.92,0.8,0.8,0.25,2.32,0.1,0.1,0.1,0.1,1.097697,0.0
1,5,7,100,1.1,0.77,0.8,0.82,2.16,0.1,0.1,0.1,0.1,0.493759,0.0
1,8,7,100,1.1,0.77,0.8,0.82,2.16,0.1,0.1,0.1,0.1,0.49369300000000005,0.0
1,2,7,100,1.1,0.77,0.8,0.82,2.16,0.1,0.1,0.1,0.1,0.49322200000000005,0.0
1,4,7,100,1.1,0.77,0.8,0.82,2.16,0.1,0.1,0.1,0.1,0.49355299999999996,0.0
1,4,8,100,0.04,0.65,0.8,0.49,3.5,0.1,0.1,0.1,0.1,0.735107,0.0
1,3,7,100,1.1,0.77,0.8,0.82,2.16,0.1,0.1,0.1,0.1,0.4937,0.0
1,6,7,100,1.1,0.77,0.8,0.82,2.16,0.1,0.1,0.1,0.1,0.492885,0.0
1,1,8,100,0.04,0.65,0.8,0.49,3.5,0.1,0.1,0.1,0.1,0.798218,0.0
1,0,8,100,0.04,0.65,0.8,0.49,3.5,0.1,0.1,0.1,0.1,0.585902,0.0
1,8,8,100,0.04,0.65,0.8,0.49,3.5,0.1,0.1,0.1,0.1,0.49473900000000004,0.0
1,5,8,100,0.04,0.65,0.8,0.49,3.5,0.1,0.1,0.1,0.1,0.557417,0.0
1,7,7,100,1.1,0.77,0.8,0.82,2.16,0.1,0.1,0.1,0.1,0.49353800000000003,0.0
1,7,8,100,0.04,0.65,0.8,0.49,3.5,0.1,0.1,0.1,0.1,0.68775,0.0
1,9,7,100,1.1,0.77,0.8,0.82,2.16,0.1,0.1,0.1,0.1,0.493672,0.0
1,0,9,100,1.25,0.5,0.8,0.28,4.47,0.1,0.1,0.1,0.1,1.044374,0.0
1,2,8,100,0.04,0.65,0.8,0.49,3.5,0.1,0.1,0.1,0.1,0.6507350000000001,0.0
1,6,8,100,0.04,0.65,0.8,0.49,3.5,0.1,0.1,0.1,0.1,0.493083,0.0
1,3,8,100,0.04,0.65,0.8,0.49,3.5,0.1,0.1,0.1,0.1,0.836814,0.0
1,9,8,100,0.04,0.65,0.8,0.49,3.5,0.1,0.1,0.1,0.1,0.502699,0.0
1,3,9,100,1.25,0.5,0.8,0.28,4.47,0.1,0.1,0.1,0.1,0.881289,0.0
1,1,9,100,1.25,0.5,0.8,0.28,4.47,0.1,0.1,0.1,0.1,1.0045879999999998,0.0
1,2,9,100,1.25,0.5,0.8,0.28,4.47,0.1,0.1,0.1,0.1,1.0405469999999999,0.0
1,4,9,100,1.25,0.5,0.8,0.28,4.47,0.1,0.1,0.1,0.1,1.07435,0.0
1,5,9,100,1.25,0.5,0.8,0.28,4.47,0.1,0.1,0.1,0.1,0.9628209999999999,0.0
1,8,9,100,1.25,0.5,0.8,0.28,4.47,0.1,0.1,0.1,0.1,0.808719,0.0
1,6,9,100,1.25,0.5,0.8,0.28,4.47,0.1,0.1,0.1,0.1,0.637763,0.0
1,7,9,100,1.25,0.5,0.8,0.28,4.47,0.1,0.1,0.1,0.1,0.772708,0.0
1,9,9,100,1.25,0.5,0.8,0.28,4.47,0.1,0.1,0.1,0.1,0.9833850000000001,0.0
1,4,1,100,0.7,0.81,0.8,0.66,1.94,0.1,0.1,0.1,0.1,0.048725,0.0
1,5,1,100,0.7,0.81,0.8,0.66,1.94,0.1,0.1,0.1,0.1,0.616024,0.0
1,2,0,100,0.73,0.8,0.8,0.76,1.92,0.1,0.1,0.1,0.1,0.492853,0.0
1,3,1,100,0.7,0.81,0.8,0.66,1.94,0.1,0.1,0.1,0.1,0.466929,0.0
1,0,1,100,0.7,0.81,0.8,0.66,1.94,0.1,0.1,0.1,0.1,0.487885,0.0
1,1,0,100,0.73,0.8,0.8,0.76,1.92,0.1,0.1,0.1,0.1,0.493867,0.0
1,9,1,100,0.7,0.81,0.8,0.66,1.94,0.1,0.1,0.1,0.1,0.091721,0.0
1,5,0,100,0.73,0.8,0.8,0.76,1.92,0.1,0.1,0.1,0.1,0.49065600000000004,0.0
1,4,0,100,0.73,0.8,0.8,0.76,1.92,0.1,0.1,0.1,0.1,0.159966,0.0
1,8,1,100,0.7,0.81,0.8,0.66,1.94,0.1,0.1,0.1,0.1,0.49143400000000004,0.0
1,3,0,100,0.73,0.8,0.8,0.76,1.92,0.1,0.1,0.1,0.1,0.492279,0.0
1,6,0,100,0.73,0.8,0.8,0.76,1.92,0.1,0.1,0.1,0.1,0.46143999999999996,0.0
1,2,1,100,0.7,0.81,0.8,0.66,1.94,0.1,0.1,0.1,0.1,0.457268,0.0
1,9,0,100,0.73,0.8,0.8,0.76,1.92,0.1,0.1,0.1,0.1,0.496321,0.0
1,2,2,100,0.88,0.83,0.8,0.72,1.72,0.1,0.1,0.1,0.1,0.486651,0.0
1,1,1,100,0.7,0.81,0.8,0.66,1.94,0.1,0.1,0.1,0.1,0.446718,0.0
1,1,2,100,0.88,0.83,0.8,0.72,1.72,0.1,0.1,0.1,0.1,0.46324,0.0
1,6,1,100,0.7,0.81,0.8,0.66,1.94,0.1,0.1,0.1,0.1,0.013016,0.0
1,8,0,100,0.73,0.8,0.8,0.76,1.92,0.1,0.1,0.1,0.1,0.493888,0.0
1,3,2,100,0.88,0.83,0.8,0.72,1.72,0.1,0.1,0.1,0.1,0.48876800000000004,0.0
1,7,0,100,0.73,0.8,0.8,0.76,1.92,0.1,0.1,0.1,0.1,0.49306099999999997,0.0
1,7,1,100,0.7,0.81,0.8,0.66,1.94,0.1,0.1,0.1,0.1,0.47805,0.0
1,0,2,100,0.88,0.83,0.8,0.72,1.72,0.1,0.1,0.1,0.1,0.491041,0.0
1,0,0,100,0.73,0.8,0.8,0.76,1.92,0.1,0.1,0.1,0.1,0.49434700000000004,0.0
1,1,4,100,0.77,0.89,0.8,0.61,2.18,0.1,0.1,0.1,0.1,0.29123000000000004,0.0
1,1,3,100,0.68,0.86,0.8,0.75,1.56,0.1,0.1,0.1,0.1,0.48264799999999997,0.0
1,9,2,100,0.88,0.83,0.8,0.72,1.72,0.1,0.1,0.1,0.1,0.072652,0.0
1,4,3,100,0.68,0.86,0.8,0.75,1.56,0.1,0.1,0.1,0.1,0.026597000000000003,0.0
1,6,4,100,0.77,0.89,0.8,0.61,2.18,0.1,0.1,0.1,0.1,0.016888,0.0
1,5,2,100,0.88,0.83,0.8,0.72,1.72,0.1,0.1,0.1,0.1,0.487217,0.0
1,6,3,100,0.68,0.86,0.8,0.75,1.56,0.1,0.1,0.1,0.1,0.42514700000000005,0.0
1,3,4,100,0.77,0.89,0.8,0.61,2.18,0.1,0.1,0.1,0.1,0.465056,0.0
1,5,3,100,0.68,0.86,0.8,0.75,1.56,0.1,0.1,0.1,0.1,0.489809,0.0
1,3,3,100,0.68,0.86,0.8,0.75,1.56,0.1,0.1,0.1,0.1,0.48808,0.0
1,6,2,100,0.88,0.83,0.8,0.72,1.72,0.1,0.1,0.1,0.1,0.434382,0.0
1,4,4,100,0.77,0.89,0.8,0.61,2.18,0.1,0.1,0.1,0.1,0.171052,0.0
1,5,4,100,0.77,0.89,0.8,0.61,2.18,0.1,0.1,0.1,0.1,0.7744979999999999,0.0
1,2,3,100,0.68,0.86,0.8,0.75,1.56,0.1,0.1,0.1,0.1,0.48797799999999997,0.0
1,7,2,100,0.88,0.83,0.8,0.72,1.72,0.1,0.1,0.1,0.1,0.492072,0.0
1,0,4,100,0.77,0.89,0.8,0.61,2.18,0.1,0.1,0.1,0.1,0.592346,0.0
1,8,3,100,0.68,0.86,0.8,0.75,1.56,0.1,0.1,0.1,0.1,0.493972,0.0
1,2,4,100,0.77,0.89,0.8,0.61,2.18,0.1,0.1,0.1,0.1,0.439051,0.0
1,0,3,100,0.68,0.86,0.8,0.75,1.56,0.1,0.1,0.1,0.1,0.48039899999999996,0.0
1,7,3,100,0.68,0.86,0.8,0.75,1.56,0.1,0.1,0.1,0.1,0.49291499999999994,0.0
1,8,2,100,0.88,0.83,0.8,0.72,1.72,0.1,0.1,0.1,0.1,0.49381400000000003,0.0
1,4,2,100,0.88,0.83,0.8,0.72,1.72,0.1,0.1,0.1,0.1,0.023879,0.0
1,9,3,100,0.68,0.86,0.8,0.75,1.56,0.1,0.1,0.1,0.1,0.037497,0.0
1,7,4,100,0.77,0.89,0.8,0.61,2.18,0.1,0.1,0.1,0.1,0.43878100000000003,0.0
1,9,4,100,0.77,0.89,0.8,0.61,2.18,0.1,0.1,0.1,0.1,0.338202,0.0
1,0,5,100,0.61,0.82,0.8,0.38,2.0,0.1,0.1,0.1,0.1,0.882077,0.0
1,1,5,100,0.61,0.82,0.8,0.38,2.0,0.1,0.1,0.1,0.1,0.955061,0.0
1,7,5,100,0.61,0.82,0.8,0.38,2.0,0.1,0.1,0.1,0.1,0.873152,0.0
1,4,5,100,0.61,0.82,0.8,0.38,2.0,0.1,0.1,0.1,0.1,0.521157,0.0
1,8,4,100,0.77,0.89,0.8,0.61,2.18,0.1,0.1,0.1,0.1,0.465276,0.0
1,6,5,100,0.61,0.82,0.8,0.38,2.0,0.1,0.1,0.1,0.1,0.449912,0.0
1,3,6,100,0.7,0.81,0.8,0.66,1.94,0.1,0.1,0.1,0.1,0.466929,0.0
1,2,5,100,0.61,0.82,0.8,0.38,2.0,0.1,0.1,0.1,0.1,0.94239,0.0
1,8,5,100,0.61,0.82,0.8,0.38,2.0,0.1,0.1,0.1,0.1,0.883431,0.0
1,9,5,100,0.61,0.82,0.8,0.38,2.0,0.1,0.1,0.1,0.1,0.959701,0.0
1,3,5,100,0.61,0.82,0.8,0.38,2.0,0.1,0.1,0.1,0.1,0.690813,0.0
1,5,5,100,0.61,0.82,0.8,0.38,2.0,0.1,0.1,0.1,0.1,0.833498,0.0
1,0,6,100,0.7,0.81,0.8,0.66,1.94,0.1,0.1,0.1,0.1,0.487885,0.0
1,2,6,100,0.7,0.81,0.8,0.66,1.94,0.1,0.1,0.1,0.1,0.457268,0.0
1,1,6,100,0.7,0.81,0.8,0.66,1.94,0.1,0.1,0.1,0.1,0.446718,0.0
1,5,6,100,0.7,0.81,0.8,0.66,1.94,0.1,0.1,0.1,0.1,0.616024,0.0
1,4,6,100,0.7,0.81,0.8,0.66,1.94,0.1,0.1,0.1,0.1,0.048725,0.0
1,9,6,100,0.7,0.81,0.8,0.66,1.94,0.1,0.1,0.1,0.1,0.091721,0.0
1,8,6,100,0.7,0.81,0.8,0.66,1.94,0.1,0.1,0.1,0.1,0.49143400000000004,0.0
1,7,6,100,0.7,0.81,0.8,0.66,1.94,0.1,0.1,0.1,0.1,0.47805,0.0
1,6,6,100,0.7,0.81,0.8,0.66,1.94,0.1,0.1,0.1,0.1,0.013016,0.0
1,0,7,100,0.16,0.75,0.8,0.5,2.6,0.1,0.1,0.1,0.1,0.927216,0.0
1,1,7,100,0.16,0.75,0.8,0.5,2.6,0.1,0.1,0.1,0.1,0.853981,0.0
1,2,7,100,0.16,0.75,0.8,0.5,2.6,0.1,0.1,0.1,0.1,1.0010370000000002,0.0
1,7,7,100,0.16,0.75,0.8,0.5,2.6,0.1,0.1,0.1,0.1,0.550042,0.0
1,4,8,100,0.77,0.68,0.8,0.39,3.08,0.1,0.1,0.1,0.1,0.6379520000000001,0.0
1,4,7,100,0.16,0.75,0.8,0.5,2.6,0.1,0.1,0.1,0.1,0.877318,0.0
1,3,7,100,0.16,0.75,0.8,0.5,2.6,0.1,0.1,0.1,0.1,1.001315,0.0
1,5,7,100,0.16,0.75,0.8,0.5,2.6,0.1,0.1,0.1,0.1,0.805359,0.0
1,8,7,100,0.16,0.75,0.8,0.5,2.6,0.1,0.1,0.1,0.1,0.5041180000000001,0.0
1,3,8,100,0.77,0.68,0.8,0.39,3.08,0.1,0.1,0.1,0.1,0.725222,0.0
1,7,8,100,0.77,0.68,0.8,0.39,3.08,0.1,0.1,0.1,0.1,0.559946,0.0
1,6,7,100,0.16,0.75,0.8,0.5,2.6,0.1,0.1,0.1,0.1,0.42415200000000003,0.0
1,0,8,100,0.77,0.68,0.8,0.39,3.08,0.1,0.1,0.1,0.1,0.950024,0.0
1,2,8,100,0.77,0.68,0.8,0.39,3.08,0.1,0.1,0.1,0.1,0.890684,0.0
1,9,7,100,0.16,0.75,0.8,0.5,2.6,0.1,0.1,0.1,0.1,0.46775900000000004,0.0
1,1,8,100,0.77,0.68,0.8,0.39,3.08,0.1,0.1,0.1,0.1,1.024275,0.0
1,5,8,100,0.77,0.68,0.8,0.39,3.08,0.1,0.1,0.1,0.1,0.949242,0.0
1,6,8,100,0.77,0.68,0.8,0.39,3.08,0.1,0.1,0.1,0.1,0.177945,0.0
1,9,8,100,0.77,0.68,0.8,0.39,3.08,0.1,0.1,0.1,0.1,0.937515,0.0
1,8,8,100,0.77,0.68,0.8,0.39,3.08,0.1,0.1,0.1,0.1,0.636253,0.0
1,0,9,100,0.47,0.57,0.8,0.81,1.22,0.1,0.1,0.1,0.1,0.49281400000000003,0.0
1,4,9,100,0.47,0.57,0.8,0.81,1.22,0.1,0.1,0.1,0.1,0.492504,0.0
1,2,9,100,0.47,0.57,0.8,0.81,1.22,0.1,0.1,0.1,0.1,0.492842,0.0
1,1,9,100,0.47,0.57,0.8,0.81,1.22,0.1,0.1,0.1,0.1,0.49293100000000006,0.0
1,8,9,100,0.47,0.57,0.8,0.81,1.22,0.1,0.1,0.1,0.1,0.492504,0.0
1,7,9,100,0.47,0.57,0.8,0.81,1.22,0.1,0.1,0.1,0.1,0.492471,0.0
1,3,9,100,0.47,0.57,0.8,0.81,1.22,0.1,0.1,0.1,0.1,0.49352399999999996,0.0
1,5,9,100,0.47,0.57,0.8,0.81,1.22,0.1,0.1,0.1,0.1,0.492928,0.0
1,6,9,100,0.47,0.57,0.8,0.81,1.22,0.1,0.1,0.1,0.1,0.492893,0.0
1,9,9,100,0.47,0.57,0.8,0.81,1.22,0.1,0.1,0.1,0.1,0.49260200000000004,0.0
1,8,0,100,0.7,0.81,0.8,0.66,1.94,0.1,0.1,0.1,0.1,0.49143400000000004,0.0
1,9,0,100,0.7,0.81,0.8,0.66,1.94,0.1,0.1,0.1,0.1,0.091721,0.0
1,9,1,100,0.79,0.82,0.8,0.69,1.83,0.1,0.1,0.1,0.1,0.066101,0.0
1,2,1,100,0.79,0.82,0.8,0.69,1.83,0.1,0.1,0.1,0.1,0.47589799999999993,0.0
1,7,1,100,0.79,0.82,0.8,0.69,1.83,0.1,0.1,0.1,0.1,0.486124,0.0
1,6,1,100,0.79,0.82,0.8,0.69,1.83,0.1,0.1,0.1,0.1,0.311744,0.0
1,7,0,100,0.7,0.81,0.8,0.66,1.94,0.1,0.1,0.1,0.1,0.47805,0.0
1,0,0,100,0.7,0.81,0.8,0.66,1.94,0.1,0.1,0.1,0.1,0.487885,0.0
1,2,0,100,0.7,0.81,0.8,0.66,1.94,0.1,0.1,0.1,0.1,0.457268,0.0
1,3,1,100,0.79,0.82,0.8,0.69,1.83,0.1,0.1,0.1,0.1,0.476551,0.0
1,0,2,100,0.69,0.84,0.8,0.7,1.75,0.1,0.1,0.1,0.1,0.48798100000000005,0.0
1,8,1,100,0.79,0.82,0.8,0.69,1.83,0.1,0.1,0.1,0.1,0.49329700000000004,0.0
1,4,0,100,0.7,0.81,0.8,0.66,1.94,0.1,0.1,0.1,0.1,0.048725,0.0
1,5,0,100,0.7,0.81,0.8,0.66,1.94,0.1,0.1,0.1,0.1,0.616024,0.0
1,4,1,100,0.79,0.82,0.8,0.69,1.83,0.1,0.1,0.1,0.1,0.036351999999999995,0.0
1,3,2,100,0.69,0.84,0.8,0.7,1.75,0.1,0.1,0.1,0.1,0.474761,0.0
1,5,1,100,0.79,0.82,0.8,0.69,1.83,0.1,0.1,0.1,0.1,0.48318,0.0
1,2,2,100,0.69,0.84,0.8,0.7,1.75,0.1,0.1,0.1,0.1,0.473764,0.0
1,6,0,100,0.7,0.81,0.8,0.66,1.94,0.1,0.1,0.1,0.1,0.013016,0.0
1,1,1,100,0.79,0.82,0.8,0.69,1.83,0.1,0.1,0.1,0.1,0.438899,0.0
1,0,1,100,0.79,0.82,0.8,0.69,1.83,0.1,0.1,0.1,0.1,0.49002299999999993,0.0
1,1,2,100,0.69,0.84,0.8,0.7,1.75,0.1,0.1,0.1,0.1,0.444025,0.0
1,1,0,100,0.7,0.81,0.8,0.66,1.94,0.1,0.1,0.1,0.1,0.446718,0.0
1,3,0,100,0.7,0.81,0.8,0.66,1.94,0.1,0.1,0.1,0.1,0.466929,0.0
1,4,2,100,0.69,0.84,0.8,0.7,1.75,0.1,0.1,0.1,0.1,0.047832,0.0
1,7,2,100,0.69,0.84,0.8,0.7,1.75,0.1,0.1,0.1,0.1,0.48656499999999997,0.0
1,8,2,100,0.69,0.84,0.8,0.7,1.75,0.1,0.1,0.1,0.1,0.49368599999999996,0.0
1,9,2,100,0.69,0.84,0.8,0.7,1.75,0.1,0.1,0.1,0.1,0.052959000000000006,0.0
1,1,3,100,0.74,0.85,0.8,0.64,2.06,0.1,0.1,0.1,0.1,0.37964200000000003,0.0
1,5,2,100,0.69,0.84,0.8,0.7,1.75,0.1,0.1,0.1,0.1,0.485692,0.0
1,0,3,100,0.74,0.85,0.8,0.64,2.06,0.1,0.1,0.1,0.1,0.6304850000000001,0.0
1,3,3,100,0.74,0.85,0.8,0.64,2.06,0.1,0.1,0.1,0.1,0.465792,0.0
1,2,3,100,0.74,0.85,0.8,0.64,2.06,0.1,0.1,0.1,0.1,0.436104,0.0
1,6,3,100,0.74,0.85,0.8,0.64,2.06,0.1,0.1,0.1,0.1,0.010514,0.0
1,1,4,100,0.66,0.82,0.8,0.52,1.97,0.1,0.1,0.1,0.1,0.9423739999999999,0.0
1,5,4,100,0.66,0.82,0.8,0.52,1.97,0.1,0.1,0.1,0.1,0.900633,0.0
1,4,3,100,0.74,0.85,0.8,0.64,2.06,0.1,0.1,0.1,0.1,0.058639,0.0
1,7,3,100,0.74,0.85,0.8,0.64,2.06,0.1,0.1,0.1,0.1,0.470897,0.0
1,6,2,100,0.69,0.84,0.8,0.7,1.75,0.1,0.1,0.1,0.1,0.09179,0.0
1,9,3,100,0.74,0.85,0.8,0.64,2.06,0.1,0.1,0.1,0.1,0.9528280000000001,0.0
1,5,3,100,0.74,0.85,0.8,0.64,2.06,0.1,0.1,0.1,0.1,0.5839310000000001,0.0
1,4,4,100,0.66,0.82,0.8,0.52,1.97,0.1,0.1,0.1,0.1,0.405658,0.0
1,3,4,100,0.66,0.82,0.8,0.52,1.97,0.1,0.1,0.1,0.1,0.467116,0.0
1,2,4,100,0.66,0.82,0.8,0.52,1.97,0.1,0.1,0.1,0.1,0.773255,0.0
1,8,3,100,0.74,0.85,0.8,0.64,2.06,0.1,0.1,0.1,0.1,0.480702,0.0
1,0,4,100,0.66,0.82,0.8,0.52,1.97,0.1,0.1,0.1,0.1,0.577254,0.0
1,6,4,100,0.66,0.82,0.8,0.52,1.97,0.1,0.1,0.1,0.1,0.03875,0.0
1,7,4,100,0.66,0.82,0.8,0.52,1.97,0.1,0.1,0.1,0.1,0.391547,0.0
1,8,4,100,0.66,0.82,0.8,0.52,1.97,0.1,0.1,0.1,0.1,0.468738,0.0
1,9,4,100,0.66,0.82,0.8,0.52,1.97,0.1,0.1,0.1,0.1,0.19807,0.0
1,2,5,100,0.7,0.81,0.8,0.66,1.94,0.1,0.1,0.1,0.1,0.457268,0.0
1,4,5,100,0.7,0.81,0.8,0.66,1.94,0.1,0.1,0.1,0.1,0.048725,0.0
1,6,5,100,0.7,0.81,0.8,0.66,1.94,0.1,0.1,0.1,0.1,0.013016,0.0
1,9,5,100,0.7,0.81,0.8,0.66,1.94,0.1,0.1,0.1,0.1,0.091721,0.0
1,1,5,100,0.7,0.81,0.8,0.66,1.94,0.1,0.1,0.1,0.1,0.446718,0.0
1,0,5,100,0.7,0.81,0.8,0.66,1.94,0.1,0.1,0.1,0.1,0.487885,0.0
1,7,5,100,0.7,0.81,0.8,0.66,1.94,0.1,0.1,0.1,0.1,0.47805,0.0
1,5,6,100,0.43,0.78,0.8,0.57,2.27,0.1,0.1,0.1,0.1,0.664136,0.0
1,3,5,100,0.7,0.81,0.8,0.66,1.94,0.1,0.1,0.1,0.1,0.466929,0.0
1,0,6,100,0.43,0.78,0.8,0.57,2.27,0.1,0.1,0.1,0.1,0.64598,0.0
1,5,5,100,0.7,0.81,0.8,0.66,1.94,0.1,0.1,0.1,0.1,0.616024,0.0
1,3,6,100,0.43,0.78,0.8,0.57,2.27,0.1,0.1,0.1,0.1,0.45855500000000005,0.0
1,4,6,100,0.43,0.78,0.8,0.57,2.27,0.1,0.1,0.1,0.1,0.194124,0.0
1,2,6,100,0.43,0.78,0.8,0.57,2.27,0.1,0.1,0.1,0.1,0.5383399999999999,0.0
1,6,6,100,0.43,0.78,0.8,0.57,2.27,0.1,0.1,0.1,0.1,0.032254000000000005,0.0
1,1,6,100,0.43,0.78,0.8,0.57,2.27,0.1,0.1,0.1,0.1,0.94001,0.0
1,8,5,100,0.7,0.81,0.8,0.66,1.94,0.1,0.1,0.1,0.1,0.49143400000000004,0.0
1,9,6,100,0.43,0.78,0.8,0.57,2.27,0.1,0.1,0.1,0.1,0.191904,0.0
1,8,6,100,0.43,0.78,0.8,0.57,2.27,0.1,0.1,0.1,0.1,0.469149,0.0
1,7,6,100,0.43,0.78,0.8,0.57,2.27,0.1,0.1,0.1,0.1,0.256177,0.0
1,1,7,100,0.73,0.74,0.8,0.53,2.51,0.1,0.1,0.1,0.1,0.9445469999999999,0.0
1,0,7,100,0.73,0.74,0.8,0.53,2.51,0.1,0.1,0.1,0.1,0.46467299999999995,0.0
1,6,7,100,0.73,0.74,0.8,0.53,2.51,0.1,0.1,0.1,0.1,0.03457,0.0
1,7,7,100,0.73,0.74,0.8,0.53,2.51,0.1,0.1,0.1,0.1,0.114455,0.0
1,3,7,100,0.73,0.74,0.8,0.53,2.51,0.1,0.1,0.1,0.1,0.452463,0.0
1,5,8,100,0.59,0.69,0.8,0.74,1.58,0.1,0.1,0.1,0.1,0.493781,0.0
1,5,7,100,0.73,0.74,0.8,0.53,2.51,0.1,0.1,0.1,0.1,0.768516,0.0
1,8,8,100,0.59,0.69,0.8,0.74,1.58,0.1,0.1,0.1,0.1,0.49345200000000006,0.0
1,3,8,100,0.59,0.69,0.8,0.74,1.58,0.1,0.1,0.1,0.1,0.493213,0.0
1,2,7,100,0.73,0.74,0.8,0.53,2.51,0.1,0.1,0.1,0.1,0.5447930000000001,0.0
1,4,8,100,0.59,0.69,0.8,0.74,1.58,0.1,0.1,0.1,0.1,0.49386499999999994,0.0
1,0,9,100,0.84,0.8,0.8,1.08,1.85,0.1,0.1,0.1,0.1,0.493005,0.0
1,8,7,100,0.73,0.74,0.8,0.53,2.51,0.1,0.1,0.1,0.1,0.45783,0.0
1,0,8,100,0.59,0.69,0.8,0.74,1.58,0.1,0.1,0.1,0.1,0.49387600000000004,0.0
1,9,7,100,0.73,0.74,0.8,0.53,2.51,0.1,0.1,0.1,0.1,0.115205,0.0
1,9,8,100,0.59,0.69,0.8,0.74,1.58,0.1,0.1,0.1,0.1,0.493805,0.0
1,1,8,100,0.59,0.69,0.8,0.74,1.58,0.1,0.1,0.1,0.1,0.493302,0.0
1,4,7,100,0.73,0.74,0.8,0.53,2.51,0.1,0.1,0.1,0.1,0.11125499999999999,0.0
1,2,8,100,0.59,0.69,0.8,0.74,1.58,0.1,0.1,0.1,0.1,0.49358900000000006,0.0
1,7,8,100,0.59,0.69,0.8,0.74,1.58,0.1,0.1,0.1,0.1,0.493799,0.0
1,6,8,100,0.59,0.69,0.8,0.74,1.58,0.1,0.1,0.1,0.1,0.49379799999999996,0.0
1,1,9,100,0.84,0.8,0.8,1.08,1.85,0.1,0.1,0.1,0.1,0.49304799999999993,0.0
1,5,9,100,0.84,0.8,0.8,1.08,1.85,0.1,0.1,0.1,0.1,0.49311099999999997,0.0
1,4,9,100,0.84,0.8,0.8,1.08,1.85,0.1,0.1,0.1,0.1,0.492788,0.0
1,2,9,100,0.84,0.8,0.8,1.08,1.85,0.1,0.1,0.1,0.1,0.493062,0.0
1,3,9,100,0.84,0.8,0.8,1.08,1.85,0.1,0.1,0.1,0.1,0.493517,0.0
1,7,9,100,0.84,0.8,0.8,1.08,1.85,0.1,0.1,0.1,0.1,0.49280799999999997,0.0
1,8,9,100,0.84,0.8,0.8,1.08,1.85,0.1,0.1,0.1,0.1,0.49274700000000005,0.0
1,6,9,100,0.84,0.8,0.8,1.08,1.85,0.1,0.1,0.1,0.1,0.493029,0.0
1,9,9,100,0.84,0.8,0.8,1.08,1.85,0.1,0.1,0.1,0.1,0.49290100000000003,0.0
1,8,0,100,0.74,0.83,0.8,0.7,1.79,0.1,0.1,0.1,0.1,0.49356000000000005,0.0
1,3,1,100,0.69,0.84,0.8,0.7,1.75,0.1,0.1,0.1,0.1,0.474761,0.0
1,1,2,100,0.72,0.84,0.8,0.67,1.9,0.1,0.1,0.1,0.1,0.396783,0.0
1,0,0,100,0.74,0.83,0.8,0.7,1.79,0.1,0.1,0.1,0.1,0.490051,0.0
1,0,2,100,0.72,0.84,0.8,0.67,1.9,0.1,0.1,0.1,0.1,0.485678,0.0
1,5,1,100,0.69,0.84,0.8,0.7,1.75,0.1,0.1,0.1,0.1,0.485692,0.0
1,1,1,100,0.69,0.84,0.8,0.7,1.75,0.1,0.1,0.1,0.1,0.444025,0.0
1,4,0,100,0.74,0.83,0.8,0.7,1.79,0.1,0.1,0.1,0.1,0.039474,0.0
1,2,0,100,0.74,0.83,0.8,0.7,1.79,0.1,0.1,0.1,0.1,0.476662,0.0
1,0,1,100,0.69,0.84,0.8,0.7,1.75,0.1,0.1,0.1,0.1,0.48798100000000005,0.0
1,2,2,100,0.72,0.84,0.8,0.67,1.9,0.1,0.1,0.1,0.1,0.449506,0.0
1,7,0,100,0.74,0.83,0.8,0.7,1.79,0.1,0.1,0.1,0.1,0.487174,0.0
1,9,1,100,0.69,0.84,0.8,0.7,1.75,0.1,0.1,0.1,0.1,0.052959000000000006,0.0
1,7,1,100,0.69,0.84,0.8,0.7,1.75,0.1,0.1,0.1,0.1,0.48656499999999997,0.0
1,5,0,100,0.74,0.83,0.8,0.7,1.79,0.1,0.1,0.1,0.1,0.484379,0.0
1,4,1,100,0.69,0.84,0.8,0.7,1.75,0.1,0.1,0.1,0.1,0.047832,0.0
1,1,0,100,0.74,0.83,0.8,0.7,1.79,0.1,0.1,0.1,0.1,0.44320600000000004,0.0
1,6,1,100,0.69,0.84,0.8,0.7,1.75,0.1,0.1,0.1,0.1,0.09179,0.0
1,3,0,100,0.74,0.83,0.8,0.7,1.79,0.1,0.1,0.1,0.1,0.477975,0.0
1,2,1,100,0.69,0.84,0.8,0.7,1.75,0.1,0.1,0.1,0.1,0.473764,0.0
1,6,0,100,0.74,0.83,0.8,0.7,1.79,0.1,0.1,0.1,0.1,0.262117,0.0
1,9,0,100,0.74,0.83,0.8,0.7,1.79,0.1,0.1,0.1,0.1,0.057962,0.0
1,8,1,100,0.69,0.84,0.8,0.7,1.75,0.1,0.1,0.1,0.1,0.49368599999999996,0.0
1,3,2,100,0.72,0.84,0.8,0.67,1.9,0.1,0.1,0.1,0.1,0.465812,0.0
1,4,2,100,0.72,0.84,0.8,0.67,1.9,0.1,0.1,0.1,0.1,0.053834,0.0
1,1,3,100,0.68,0.83,0.8,0.61,1.86,0.1,0.1,0.1,0.1,0.777562,0.0
1,6,2,100,0.72,0.84,0.8,0.67,1.9,0.1,0.1,0.1,0.1,0.013324,0.0
1,8,3,100,0.68,0.83,0.8,0.61,1.86,0.1,0.1,0.1,0.1,0.481158,0.0
1,4,3,100,0.68,0.83,0.8,0.61,1.86,0.1,0.1,0.1,0.1,0.090612,0.0
1,7,2,100,0.72,0.84,0.8,0.67,1.9,0.1,0.1,0.1,0.1,0.478338,0.0
1,5,2,100,0.72,0.84,0.8,0.67,1.9,0.1,0.1,0.1,0.1,0.59327,0.0
1,5,3,100,0.68,0.83,0.8,0.61,1.86,0.1,0.1,0.1,0.1,0.744081,0.0
1,2,4,100,0.7,0.82,0.8,0.68,1.84,0.1,0.1,0.1,0.1,0.467211,0.0
1,7,3,100,0.68,0.83,0.8,0.61,1.86,0.1,0.1,0.1,0.1,0.4703,0.0
1,1,4,100,0.7,0.82,0.8,0.68,1.84,0.1,0.1,0.1,0.1,0.448341,0.0
1,3,3,100,0.68,0.83,0.8,0.61,1.86,0.1,0.1,0.1,0.1,0.466129,0.0
1,8,2,100,0.72,0.84,0.8,0.67,1.9,0.1,0.1,0.1,0.1,0.491453,0.0
1,6,3,100,0.68,0.83,0.8,0.61,1.86,0.1,0.1,0.1,0.1,0.011218,0.0
1,0,4,100,0.7,0.82,0.8,0.68,1.84,0.1,0.1,0.1,0.1,0.48971400000000004,0.0
1,4,4,100,0.7,0.82,0.8,0.68,1.84,0.1,0.1,0.1,0.1,0.050158,0.0
1,3,4,100,0.7,0.82,0.8,0.68,1.84,0.1,0.1,0.1,0.1,0.470113,0.0
1,9,2,100,0.72,0.84,0.8,0.67,1.9,0.1,0.1,0.1,0.1,0.072036,0.0
1,0,3,100,0.68,0.83,0.8,0.61,1.86,0.1,0.1,0.1,0.1,0.107992,0.0
1,2,3,100,0.68,0.83,0.8,0.61,1.86,0.1,0.1,0.1,0.1,0.36409600000000003,0.0
1,9,3,100,0.68,0.83,0.8,0.61,1.86,0.1,0.1,0.1,0.1,0.9835709999999999,0.0
1,5,4,100,0.7,0.82,0.8,0.68,1.84,0.1,0.1,0.1,0.1,0.487871,0.0
1,7,4,100,0.7,0.82,0.8,0.68,1.84,0.1,0.1,0.1,0.1,0.48245299999999997,0.0
1,6,4,100,0.7,0.82,0.8,0.68,1.84,0.1,0.1,0.1,0.1,0.05319,0.0
1,4,5,100,0.54,0.87,0.8,0.72,1.63,0.1,0.1,0.1,0.1,0.060339,0.0
1,2,5,100,0.54,0.87,0.8,0.72,1.63,0.1,0.1,0.1,0.1,0.479466,0.0
1,3,5,100,0.54,0.87,0.8,0.72,1.63,0.1,0.1,0.1,0.1,0.49053,0.0
1,8,4,100,0.7,0.82,0.8,0.68,1.84,0.1,0.1,0.1,0.1,0.49305600000000005,0.0
1,9,4,100,0.7,0.82,0.8,0.68,1.84,0.1,0.1,0.1,0.1,0.064887,0.0
1,1,5,100,0.54,0.87,0.8,0.72,1.63,0.1,0.1,0.1,0.1,0.599255,0.0
1,7,5,100,0.54,0.87,0.8,0.72,1.63,0.1,0.1,0.1,0.1,0.48753100000000005,0.0
1,9,5,100,0.54,0.87,0.8,0.72,1.63,0.1,0.1,0.1,0.1,0.984658,0.0
1,0,5,100,0.54,0.87,0.8,0.72,1.63,0.1,0.1,0.1,0.1,0.464946,0.0
1,1,6,100,0.69,0.84,0.8,0.7,1.75,0.1,0.1,0.1,0.1,0.444025,0.0
1,5,5,100,0.54,0.87,0.8,0.72,1.63,0.1,0.1,0.1,0.1,0.490796,0.0
1,9,6,100,0.69,0.84,0.8,0.7,1.75,0.1,0.1,0.1,0.1,0.052959000000000006,0.0
1,4,6,100,0.69,0.84,0.8,0.7,1.75,0.1,0.1,0.1,0.1,0.047832,0.0
1,8,5,100,0.54,0.87,0.8,0.72,1.63,0.1,0.1,0.1,0.1,0.494195,0.0
1,6,5,100,0.54,0.87,0.8,0.72,1.63,0.1,0.1,0.1,0.1,0.023083000000000003,0.0
1,5,6,100,0.69,0.84,0.8,0.7,1.75,0.1,0.1,0.1,0.1,0.485692,0.0
1,8,6,100,0.69,0.84,0.8,0.7,1.75,0.1,0.1,0.1,0.1,0.49368599999999996,0.0
1,7,6,100,0.69,0.84,0.8,0.7,1.75,0.1,0.1,0.1,0.1,0.48656499999999997,0.0
1,2,6,100,0.69,0.84,0.8,0.7,1.75,0.1,0.1,0.1,0.1,0.473764,0.0
1,3,6,100,0.69,0.84,0.8,0.7,1.75,0.1,0.1,0.1,0.1,0.474761,0.0
1,0,6,100,0.69,0.84,0.8,0.7,1.75,0.1,0.1,0.1,0.1,0.48798100000000005,0.0
1,6,6,100,0.69,0.84,0.8,0.7,1.75,0.1,0.1,0.1,0.1,0.09179,0.0
1,0,7,100,0.61,0.82,0.8,0.79,1.28,0.1,0.1,0.1,0.1,0.49395200000000006,0.0
1,1,7,100,0.61,0.82,0.8,0.79,1.28,0.1,0.1,0.1,0.1,0.493547,0.0
1,4,7,100,0.61,0.82,0.8,0.79,1.28,0.1,0.1,0.1,0.1,0.443351,0.0
1,5,7,100,0.61,0.82,0.8,0.79,1.28,0.1,0.1,0.1,0.1,0.494292,0.0
1,0,8,100,0.73,0.87,0.8,0.97,1.42,0.1,0.1,0.1,0.1,0.493329,0.0
1,1,8,100,0.73,0.87,0.8,0.97,1.42,0.1,0.1,0.1,0.1,0.49340100000000003,0.0
1,9,7,100,0.61,0.82,0.8,0.79,1.28,0.1,0.1,0.1,0.1,0.482289,0.0
1,3,7,100,0.61,0.82,0.8,0.79,1.28,0.1,0.1,0.1,0.1,0.49104,0.0
1,6,7,100,0.61,0.82,0.8,0.79,1.28,0.1,0.1,0.1,0.1,0.492382,0.0
1,2,7,100,0.61,0.82,0.8,0.79,1.28,0.1,0.1,0.1,0.1,0.49376099999999995,0.0
1,7,7,100,0.61,0.82,0.8,0.79,1.28,0.1,0.1,0.1,0.1,0.493928,0.0
1,8,8,100,0.73,0.87,0.8,0.97,1.42,0.1,0.1,0.1,0.1,0.49290500000000004,0.0
1,8,7,100,0.61,0.82,0.8,0.79,1.28,0.1,0.1,0.1,0.1,0.493221,0.0
1,3,8,100,0.73,0.87,0.8,0.97,1.42,0.1,0.1,0.1,0.1,0.493875,0.0
1,7,8,100,0.73,0.87,0.8,0.97,1.42,0.1,0.1,0.1,0.1,0.493113,0.0
1,0,9,100,0.68,0.88,0.8,0.76,1.46,0.1,0.1,0.1,0.1,0.48174700000000004,0.0
1,6,8,100,0.73,0.87,0.8,0.97,1.42,0.1,0.1,0.1,0.1,0.49336899999999995,0.0
1,3,9,100,0.68,0.88,0.8,0.76,1.46,0.1,0.1,0.1,0.1,0.46668699999999996,0.0
1,2,8,100,0.73,0.87,0.8,0.97,1.42,0.1,0.1,0.1,0.1,0.493583,0.0
1,5,8,100,0.73,0.87,0.8,0.97,1.42,0.1,0.1,0.1,0.1,0.49407299999999993,0.0
1,9,8,100,0.73,0.87,0.8,0.97,1.42,0.1,0.1,0.1,0.1,0.493208,0.0
1,1,9,100,0.68,0.88,0.8,0.76,1.46,0.1,0.1,0.1,0.1,0.489766,0.0
1,4,8,100,0.73,0.87,0.8,0.97,1.42,0.1,0.1,0.1,0.1,0.49293000000000003,0.0
1,2,9,100,0.68,0.88,0.8,0.76,1.46,0.1,0.1,0.1,0.1,0.489095,0.0
1,4,9,100,0.68,0.88,0.8,0.76,1.46,0.1,0.1,0.1,0.1,0.024298,0.0
1,5,9,100,0.68,0.88,0.8,0.76,1.46,0.1,0.1,0.1,0.1,0.49083999999999994,0.0
1,7,9,100,0.68,0.88,0.8,0.76,1.46,0.1,0.1,0.1,0.1,0.49333699999999997,0.0
1,6,9,100,0.68,0.88,0.8,0.76,1.46,0.1,0.1,0.1,0.1,0.46506099999999995,0.0
1,9,9,100,0.68,0.88,0.8,0.76,1.46,0.1,0.1,0.1,0.1,0.039693,0.0
1,8,9,100,0.68,0.88,0.8,0.76,1.46,0.1,0.1,0.1,0.1,0.49385,0.0
1,0,2,100,0.7,0.84,0.8,0.64,1.88,0.1,0.1,0.1,0.1,0.33729499999999996,0.0
1,4,0,100,0.7,0.84,0.8,0.68,1.82,0.1,0.1,0.1,0.1,0.053503999999999996,0.0
1,0,1,100,0.72,0.84,0.8,0.67,1.9,0.1,0.1,0.1,0.1,0.485678,0.0
1,8,1,100,0.72,0.84,0.8,0.67,1.9,0.1,0.1,0.1,0.1,0.491453,0.0
1,5,0,100,0.7,0.84,0.8,0.68,1.82,0.1,0.1,0.1,0.1,0.5021760000000001,0.0
1,7,1,100,0.72,0.84,0.8,0.67,1.9,0.1,0.1,0.1,0.1,0.478338,0.0
1,9,0,100,0.7,0.84,0.8,0.68,1.82,0.1,0.1,0.1,0.1,0.060882000000000006,0.0
1,1,0,100,0.7,0.84,0.8,0.68,1.82,0.1,0.1,0.1,0.1,0.41488500000000006,0.0
1,1,1,100,0.72,0.84,0.8,0.67,1.9,0.1,0.1,0.1,0.1,0.396783,0.0
1,0,0,100,0.7,0.84,0.8,0.68,1.82,0.1,0.1,0.1,0.1,0.486695,0.0
1,3,1,100,0.72,0.84,0.8,0.67,1.9,0.1,0.1,0.1,0.1,0.465812,0.0
1,5,1,100,0.72,0.84,0.8,0.67,1.9,0.1,0.1,0.1,0.1,0.59327,0.0
1,8,0,100,0.7,0.84,0.8,0.68,1.82,0.1,0.1,0.1,0.1,0.49285500000000004,0.0
1,6,0,100,0.7,0.84,0.8,0.68,1.82,0.1,0.1,0.1,0.1,0.022456999999999998,0.0
1,1,2,100,0.7,0.84,0.8,0.64,1.88,0.1,0.1,0.1,0.1,0.43047799999999997,0.0
1,2,0,100,0.7,0.84,0.8,0.68,1.82,0.1,0.1,0.1,0.1,0.46014700000000003,0.0
1,3,0,100,0.7,0.84,0.8,0.68,1.82,0.1,0.1,0.1,0.1,0.46518100000000007,0.0
1,7,0,100,0.7,0.84,0.8,0.68,1.82,0.1,0.1,0.1,0.1,0.481382,0.0
1,6,1,100,0.72,0.84,0.8,0.67,1.9,0.1,0.1,0.1,0.1,0.013324,0.0
1,2,1,100,0.72,0.84,0.8,0.67,1.9,0.1,0.1,0.1,0.1,0.449506,0.0
1,2,2,100,0.7,0.84,0.8,0.64,1.88,0.1,0.1,0.1,0.1,0.41482700000000006,0.0
1,4,1,100,0.72,0.84,0.8,0.67,1.9,0.1,0.1,0.1,0.1,0.053834,0.0
1,9,1,100,0.72,0.84,0.8,0.67,1.9,0.1,0.1,0.1,0.1,0.072036,0.0
1,3,2,100,0.7,0.84,0.8,0.64,1.88,0.1,0.1,0.1,0.1,0.46431300000000003,0.0
1,5,2,100,0.7,0.84,0.8,0.64,1.88,0.1,0.1,0.1,0.1,0.629286,0.0
1,8,2,100,0.7,0.84,0.8,0.64,1.88,0.1,0.1,0.1,0.1,0.487678,0.0
1,0,3,100,0.71,0.83,0.8,0.68,1.87,0.1,0.1,0.1,0.1,0.48824700000000004,0.0
1,1,3,100,0.71,0.83,0.8,0.68,1.87,0.1,0.1,0.1,0.1,0.429167,0.0
1,9,2,100,0.7,0.84,0.8,0.64,1.88,0.1,0.1,0.1,0.1,0.960765,0.0
1,7,2,100,0.7,0.84,0.8,0.64,1.88,0.1,0.1,0.1,0.1,0.474583,0.0
1,4,2,100,0.7,0.84,0.8,0.64,1.88,0.1,0.1,0.1,0.1,0.061594,0.0
1,6,2,100,0.7,0.84,0.8,0.64,1.88,0.1,0.1,0.1,0.1,0.012695999999999999,0.0
1,2,3,100,0.71,0.83,0.8,0.68,1.87,0.1,0.1,0.1,0.1,0.46238999999999997,0.0
1,4,3,100,0.71,0.83,0.8,0.68,1.87,0.1,0.1,0.1,0.1,0.051241999999999996,0.0
1,0,4,100,0.63,0.86,0.8,0.7,1.76,0.1,0.1,0.1,0.1,0.486595,0.0
1,3,3,100,0.71,0.83,0.8,0.68,1.87,0.1,0.1,0.1,0.1,0.46833,0.0
1,6,3,100,0.71,0.83,0.8,0.68,1.87,0.1,0.1,0.1,0.1,0.033444,0.0
1,5,3,100,0.71,0.83,0.8,0.68,1.87,0.1,0.1,0.1,0.1,0.501825,0.0
1,6,4,100,0.63,0.86,0.8,0.7,1.76,0.1,0.1,0.1,0.1,0.014678,0.0
1,7,3,100,0.71,0.83,0.8,0.68,1.87,0.1,0.1,0.1,0.1,0.48104399999999997,0.0
1,8,3,100,0.71,0.83,0.8,0.68,1.87,0.1,0.1,0.1,0.1,0.492683,0.0
1,9,3,100,0.71,0.83,0.8,0.68,1.87,0.1,0.1,0.1,0.1,0.066311,0.0
1,3,4,100,0.63,0.86,0.8,0.7,1.76,0.1,0.1,0.1,0.1,0.46161199999999997,0.0
1,2,4,100,0.63,0.86,0.8,0.7,1.76,0.1,0.1,0.1,0.1,0.46713000000000005,0.0
1,4,4,100,0.63,0.86,0.8,0.7,1.76,0.1,0.1,0.1,0.1,0.059039999999999995,0.0
1,7,4,100,0.63,0.86,0.8,0.7,1.76,0.1,0.1,0.1,0.1,0.48377600000000004,0.0
1,1,4,100,0.63,0.86,0.8,0.7,1.76,0.1,0.1,0.1,0.1,0.5004270000000001,0.0
1,5,4,100,0.63,0.86,0.8,0.7,1.76,0.1,0.1,0.1,0.1,0.504459,0.0
1,8,4,100,0.63,0.86,0.8,0.7,1.76,0.1,0.1,0.1,0.1,0.49372299999999997,0.0
1,9,4,100,0.63,0.86,0.8,0.7,1.76,0.1,0.1,0.1,0.1,0.071467,0.0
1,5,5,100,0.76,0.84,0.8,0.63,2.12,0.1,0.1,0.1,0.1,0.768629,0.0
1,7,5,100,0.76,0.84,0.8,0.63,2.12,0.1,0.1,0.1,0.1,0.468027,0.0
1,3,6,100,0.72,0.84,0.8,0.67,1.9,0.1,0.1,0.1,0.1,0.465812,0.0
1,2,5,100,0.76,0.84,0.8,0.63,2.12,0.1,0.1,0.1,0.1,0.472551,0.0
1,1,5,100,0.76,0.84,0.8,0.63,2.12,0.1,0.1,0.1,0.1,0.342393,0.0
1,9,5,100,0.76,0.84,0.8,0.63,2.12,0.1,0.1,0.1,0.1,0.945658,0.0
1,3,5,100,0.76,0.84,0.8,0.63,2.12,0.1,0.1,0.1,0.1,0.46393500000000004,0.0
1,4,5,100,0.76,0.84,0.8,0.63,2.12,0.1,0.1,0.1,0.1,0.056037000000000003,0.0
1,2,6,100,0.72,0.84,0.8,0.67,1.9,0.1,0.1,0.1,0.1,0.449506,0.0
1,8,5,100,0.76,0.84,0.8,0.63,2.12,0.1,0.1,0.1,0.1,0.477473,0.0
1,0,5,100,0.76,0.84,0.8,0.63,2.12,0.1,0.1,0.1,0.1,0.49731099999999995,0.0
1,0,6,100,0.72,0.84,0.8,0.67,1.9,0.1,0.1,0.1,0.1,0.485678,0.0
1,6,5,100,0.76,0.84,0.8,0.63,2.12,0.1,0.1,0.1,0.1,0.009826999999999999,0.0
1,8,6,100,0.72,0.84,0.8,0.67,1.9,0.1,0.1,0.1,0.1,0.491453,0.0
1,5,6,100,0.72,0.84,0.8,0.67,1.9,0.1,0.1,0.1,0.1,0.59327,0.0
1,1,6,100,0.72,0.84,0.8,0.67,1.9,0.1,0.1,0.1,0.1,0.396783,0.0
1,4,6,100,0.72,0.84,0.8,0.67,1.9,0.1,0.1,0.1,0.1,0.053834,0.0
1,6,6,100,0.72,0.84,0.8,0.67,1.9,0.1,0.1,0.1,0.1,0.013324,0.0
1,7,6,100,0.72,0.84,0.8,0.67,1.9,0.1,0.1,0.1,0.1,0.478338,0.0
1,1,7,100,0.78,0.86,0.8,0.76,1.96,0.1,0.1,0.1,0.1,0.483289,0.0
1,9,6,100,0.72,0.84,0.8,0.67,1.9,0.1,0.1,0.1,0.1,0.072036,0.0
1,2,7,100,0.78,0.86,0.8,0.76,1.96,0.1,0.1,0.1,0.1,0.48617299999999997,0.0
1,0,7,100,0.78,0.86,0.8,0.76,1.96,0.1,0.1,0.1,0.1,0.494119,0.0
1,3,7,100,0.78,0.86,0.8,0.76,1.96,0.1,0.1,0.1,0.1,0.48775,0.0
1,7,7,100,0.78,0.86,0.8,0.76,1.96,0.1,0.1,0.1,0.1,0.49094799999999994,0.0
1,4,7,100,0.78,0.86,0.8,0.76,1.96,0.1,0.1,0.1,0.1,0.029516000000000004,0.0
1,6,7,100,0.78,0.86,0.8,0.76,1.96,0.1,0.1,0.1,0.1,0.39042899999999997,0.0
1,9,7,100,0.78,0.86,0.8,0.76,1.96,0.1,0.1,0.1,0.1,0.225423,0.0
1,0,8,100,0.75,0.87,0.8,0.66,1.99,0.1,0.1,0.1,0.1,0.472923,0.0
1,8,7,100,0.78,0.86,0.8,0.76,1.96,0.1,0.1,0.1,0.1,0.493775,0.0
1,5,7,100,0.78,0.86,0.8,0.76,1.96,0.1,0.1,0.1,0.1,0.485447,0.0
1,1,8,100,0.75,0.87,0.8,0.66,1.99,0.1,0.1,0.1,0.1,0.326567,0.0
1,8,8,100,0.75,0.87,0.8,0.66,1.99,0.1,0.1,0.1,0.1,0.486227,0.0
1,3,8,100,0.75,0.87,0.8,0.66,1.99,0.1,0.1,0.1,0.1,0.46689200000000003,0.0
1,6,8,100,0.75,0.87,0.8,0.66,1.99,0.1,0.1,0.1,0.1,0.012391,0.0
1,9,8,100,0.75,0.87,0.8,0.66,1.99,0.1,0.1,0.1,0.1,0.954759,0.0
1,7,8,100,0.75,0.87,0.8,0.66,1.99,0.1,0.1,0.1,0.1,0.474608,0.0
1,4,8,100,0.75,0.87,0.8,0.66,1.99,0.1,0.1,0.1,0.1,0.058130999999999995,0.0
1,5,8,100,0.75,0.87,0.8,0.66,1.99,0.1,0.1,0.1,0.1,0.781209,0.0
1,2,8,100,0.75,0.87,0.8,0.66,1.99,0.1,0.1,0.1,0.1,0.408894,0.0
1,0,9,100,0.99,0.8,0.8,0.6,2.3,0.1,0.1,0.1,0.1,0.465671,0.0
1,5,9,100,0.99,0.8,0.8,0.6,2.3,0.1,0.1,0.1,0.1,0.7460899999999999,0.0
1,1,9,100,0.99,0.8,0.8,0.6,2.3,0.1,0.1,0.1,0.1,0.304273,0.0
1,4,9,100,0.99,0.8,0.8,0.6,2.3,0.1,0.1,0.1,0.1,0.039735,0.0
1,2,9,100,0.99,0.8,0.8,0.6,2.3,0.1,0.1,0.1,0.1,0.445518,0.0
1,3,9,100,0.99,0.8,0.8,0.6,2.3,0.1,0.1,0.1,0.1,0.45675200000000005,0.0
1,8,9,100,0.99,0.8,0.8,0.6,2.3,0.1,0.1,0.1,0.1,0.476071,0.0
1,7,9,100,0.99,0.8,0.8,0.6,2.3,0.1,0.1,0.1,0.1,0.470973,0.0
1,6,9,100,0.99,0.8,0.8,0.6,2.3,0.1,0.1,0.1,0.1,0.012801,0.0
1,9,9,100,0.99,0.8,0.8,0.6,2.3,0.1,0.1,0.1,0.1,0.9257190000000001,0.0
1,2,1,100,0.7,0.84,0.8,0.66,1.85,0.1,0.1,0.1,0.1,0.443147,0.0
1,0,1,100,0.7,0.84,0.8,0.66,1.85,0.1,0.1,0.1,0.1,0.487886,0.0
1,7,1,100,0.7,0.84,0.8,0.66,1.85,0.1,0.1,0.1,0.1,0.477605,0.0
1,9,1,100,0.7,0.84,0.8,0.66,1.85,0.1,0.1,0.1,0.1,0.124421,0.0
1,3,0,100,0.71,0.84,0.8,0.68,1.86,0.1,0.1,0.1,0.1,0.466319,0.0
1,7,0,100,0.71,0.84,0.8,0.68,1.86,0.1,0.1,0.1,0.1,0.48052799999999996,0.0
1,3,1,100,0.7,0.84,0.8,0.66,1.85,0.1,0.1,0.1,0.1,0.462629,0.0
1,4,1,100,0.7,0.84,0.8,0.66,1.85,0.1,0.1,0.1,0.1,0.057351,0.0
1,8,0,100,0.71,0.84,0.8,0.68,1.86,0.1,0.1,0.1,0.1,0.492537,0.0
1,2,2,100,0.7,0.84,0.8,0.68,1.85,0.1,0.1,0.1,0.1,0.458639,0.0
1,9,0,100,0.71,0.84,0.8,0.68,1.86,0.1,0.1,0.1,0.1,0.064818,0.0
1,5,1,100,0.7,0.84,0.8,0.66,1.85,0.1,0.1,0.1,0.1,0.72118,0.0
1,1,1,100,0.7,0.84,0.8,0.66,1.85,0.1,0.1,0.1,0.1,0.429166,0.0
1,1,2,100,0.7,0.84,0.8,0.68,1.85,0.1,0.1,0.1,0.1,0.421018,0.0
1,6,1,100,0.7,0.84,0.8,0.66,1.85,0.1,0.1,0.1,0.1,0.011826,0.0
1,1,0,100,0.71,0.84,0.8,0.68,1.86,0.1,0.1,0.1,0.1,0.411736,0.0
1,0,0,100,0.71,0.84,0.8,0.68,1.86,0.1,0.1,0.1,0.1,0.486785,0.0
1,8,1,100,0.7,0.84,0.8,0.66,1.85,0.1,0.1,0.1,0.1,0.491245,0.0
1,3,2,100,0.7,0.84,0.8,0.68,1.85,0.1,0.1,0.1,0.1,0.46569499999999997,0.0
1,0,2,100,0.7,0.84,0.8,0.68,1.85,0.1,0.1,0.1,0.1,0.486915,0.0
1,2,0,100,0.71,0.84,0.8,0.68,1.86,0.1,0.1,0.1,0.1,0.458399,0.0
1,5,0,100,0.71,0.84,0.8,0.68,1.86,0.1,0.1,0.1,0.1,0.515517,0.0
1,6,0,100,0.71,0.84,0.8,0.68,1.86,0.1,0.1,0.1,0.1,0.021656,0.0
1,4,0,100,0.71,0.84,0.8,0.68,1.86,0.1,0.1,0.1,0.1,0.052826,0.0
1,5,2,100,0.7,0.84,0.8,0.68,1.85,0.1,0.1,0.1,0.1,0.49800900000000003,0.0
1,0,3,100,0.66,0.85,0.8,0.69,1.79,0.1,0.1,0.1,0.1,0.487124,0.0
1,7,2,100,0.7,0.84,0.8,0.68,1.85,0.1,0.1,0.1,0.1,0.480601,0.0
1,4,3,100,0.66,0.85,0.8,0.69,1.79,0.1,0.1,0.1,0.1,0.05655399999999999,0.0
1,7,3,100,0.66,0.85,0.8,0.69,1.79,0.1,0.1,0.1,0.1,0.48251700000000003,0.0
1,1,3,100,0.66,0.85,0.8,0.69,1.79,0.1,0.1,0.1,0.1,0.46132,0.0
1,6,2,100,0.7,0.84,0.8,0.68,1.85,0.1,0.1,0.1,0.1,0.016731,0.0
1,4,2,100,0.7,0.84,0.8,0.68,1.85,0.1,0.1,0.1,0.1,0.053512,0.0
1,2,4,100,0.73,0.84,0.8,0.66,1.97,0.1,0.1,0.1,0.1,0.439825,0.0
1,6,3,100,0.66,0.85,0.8,0.69,1.79,0.1,0.1,0.1,0.1,0.014134,0.0
1,3,3,100,0.66,0.85,0.8,0.69,1.79,0.1,0.1,0.1,0.1,0.462954,0.0
1,3,4,100,0.73,0.84,0.8,0.66,1.97,0.1,0.1,0.1,0.1,0.466229,0.0
1,5,3,100,0.66,0.85,0.8,0.69,1.79,0.1,0.1,0.1,0.1,0.505085,0.0
1,5,4,100,0.73,0.84,0.8,0.66,1.97,0.1,0.1,0.1,0.1,0.67461,0.0
1,2,3,100,0.66,0.85,0.8,0.69,1.79,0.1,0.1,0.1,0.1,0.463592,0.0
1,9,2,100,0.7,0.84,0.8,0.68,1.85,0.1,0.1,0.1,0.1,0.065884,0.0
1,8,2,100,0.7,0.84,0.8,0.68,1.85,0.1,0.1,0.1,0.1,0.492623,0.0
1,1,4,100,0.73,0.84,0.8,0.66,1.97,0.1,0.1,0.1,0.1,0.368309,0.0
1,4,4,100,0.73,0.84,0.8,0.66,1.97,0.1,0.1,0.1,0.1,0.0539,0.0
1,0,4,100,0.73,0.84,0.8,0.66,1.97,0.1,0.1,0.1,0.1,0.48282299999999995,0.0
1,8,3,100,0.66,0.85,0.8,0.69,1.79,0.1,0.1,0.1,0.1,0.493331,0.0
1,6,4,100,0.73,0.84,0.8,0.66,1.97,0.1,0.1,0.1,0.1,0.012384000000000001,0.0
1,9,3,100,0.66,0.85,0.8,0.69,1.79,0.1,0.1,0.1,0.1,0.06615900000000001,0.0
1,7,4,100,0.73,0.84,0.8,0.66,1.97,0.1,0.1,0.1,0.1,0.476181,0.0
1,2,5,100,0.67,0.84,0.8,0.7,1.7,0.1,0.1,0.1,0.1,0.475337,0.0
1,9,5,100,0.67,0.84,0.8,0.7,1.7,0.1,0.1,0.1,0.1,0.05108,0.0
1,7,5,100,0.67,0.84,0.8,0.7,1.7,0.1,0.1,0.1,0.1,0.487512,0.0
1,9,4,100,0.73,0.84,0.8,0.66,1.97,0.1,0.1,0.1,0.1,0.9103100000000001,0.0
1,3,5,100,0.67,0.84,0.8,0.7,1.7,0.1,0.1,0.1,0.1,0.476657,0.0
1,0,5,100,0.67,0.84,0.8,0.7,1.7,0.1,0.1,0.1,0.1,0.485724,0.0
1,6,5,100,0.67,0.84,0.8,0.7,1.7,0.1,0.1,0.1,0.1,0.050046,0.0
1,4,5,100,0.67,0.84,0.8,0.7,1.7,0.1,0.1,0.1,0.1,0.047171,0.0
1,8,6,100,0.7,0.84,0.8,0.74,1.73,0.1,0.1,0.1,0.1,0.493987,0.0
1,4,6,100,0.7,0.84,0.8,0.74,1.73,0.1,0.1,0.1,0.1,0.028908,0.0
1,5,5,100,0.67,0.84,0.8,0.7,1.7,0.1,0.1,0.1,0.1,0.48648100000000005,0.0
1,5,6,100,0.7,0.84,0.8,0.74,1.73,0.1,0.1,0.1,0.1,0.48760299999999995,0.0
1,8,4,100,0.73,0.84,0.8,0.66,1.97,0.1,0.1,0.1,0.1,0.48911099999999996,0.0
1,6,6,100,0.7,0.84,0.8,0.74,1.73,0.1,0.1,0.1,0.1,0.374823,0.0
1,1,6,100,0.7,0.84,0.8,0.74,1.73,0.1,0.1,0.1,0.1,0.475616,0.0
1,7,6,100,0.7,0.84,0.8,0.74,1.73,0.1,0.1,0.1,0.1,0.49223900000000004,0.0
1,3,6,100,0.7,0.84,0.8,0.74,1.73,0.1,0.1,0.1,0.1,0.49023100000000003,0.0
1,1,5,100,0.67,0.84,0.8,0.7,1.7,0.1,0.1,0.1,0.1,0.453966,0.0
1,0,6,100,0.7,0.84,0.8,0.74,1.73,0.1,0.1,0.1,0.1,0.489158,0.0
1,8,5,100,0.67,0.84,0.8,0.7,1.7,0.1,0.1,0.1,0.1,0.493856,0.0
1,0,7,100,0.68,0.86,0.8,0.68,1.74,0.1,0.1,0.1,0.1,0.484814,0.0
1,9,6,100,0.7,0.84,0.8,0.74,1.73,0.1,0.1,0.1,0.1,0.063237,0.0
1,2,6,100,0.7,0.84,0.8,0.74,1.73,0.1,0.1,0.1,0.1,0.486441,0.0
1,2,7,100,0.68,0.86,0.8,0.68,1.74,0.1,0.1,0.1,0.1,0.458586,0.0
1,1,7,100,0.68,0.86,0.8,0.68,1.74,0.1,0.1,0.1,0.1,0.427479,0.0
1,4,7,100,0.68,0.86,0.8,0.68,1.74,0.1,0.1,0.1,0.1,0.058462,0.0
1,7,7,100,0.68,0.86,0.8,0.68,1.74,0.1,0.1,0.1,0.1,0.481813,0.0
1,6,7,100,0.68,0.86,0.8,0.68,1.74,0.1,0.1,0.1,0.1,0.013784999999999999,0.0
1,8,7,100,0.68,0.86,0.8,0.68,1.74,0.1,0.1,0.1,0.1,0.493392,0.0
1,5,8,100,0.8,0.81,0.8,0.65,1.91,0.1,0.1,0.1,0.1,0.485543,0.0
1,3,7,100,0.68,0.86,0.8,0.68,1.74,0.1,0.1,0.1,0.1,0.451962,0.0
1,0,9,100,0.61,0.84,0.8,0.76,1.37,0.1,0.1,0.1,0.1,0.48991599999999996,0.0
1,8,8,100,0.8,0.81,0.8,0.65,1.91,0.1,0.1,0.1,0.1,0.49072,0.0
1,5,7,100,0.68,0.86,0.8,0.68,1.74,0.1,0.1,0.1,0.1,0.486206,0.0
1,1,8,100,0.8,0.81,0.8,0.65,1.91,0.1,0.1,0.1,0.1,0.31445300000000004,0.0
1,0,8,100,0.8,0.81,0.8,0.65,1.91,0.1,0.1,0.1,0.1,0.48490500000000003,0.0
1,6,8,100,0.8,0.81,0.8,0.65,1.91,0.1,0.1,0.1,0.1,0.028827,0.0
1,9,7,100,0.68,0.86,0.8,0.68,1.74,0.1,0.1,0.1,0.1,0.0736,0.0
1,4,8,100,0.8,0.81,0.8,0.65,1.91,0.1,0.1,0.1,0.1,0.043636,0.0
1,3,8,100,0.8,0.81,0.8,0.65,1.91,0.1,0.1,0.1,0.1,0.468305,0.0
1,3,9,100,0.61,0.84,0.8,0.76,1.37,0.1,0.1,0.1,0.1,0.471184,0.0
1,7,8,100,0.8,0.81,0.8,0.65,1.91,0.1,0.1,0.1,0.1,0.47866800000000004,0.0
1,9,8,100,0.8,0.81,0.8,0.65,1.91,0.1,0.1,0.1,0.1,0.059276999999999996,0.0
1,2,9,100,0.61,0.84,0.8,0.76,1.37,0.1,0.1,0.1,0.1,0.49213900000000005,0.0
1,1,9,100,0.61,0.84,0.8,0.76,1.37,0.1,0.1,0.1,0.1,0.49196899999999993,0.0
1,2,8,100,0.8,0.81,0.8,0.65,1.91,0.1,0.1,0.1,0.1,0.45580699999999996,0.0
1,6,9,100,0.61,0.84,0.8,0.76,1.37,0.1,0.1,0.1,0.1,0.47684,0.0
1,4,9,100,0.61,0.84,0.8,0.76,1.37,0.1,0.1,0.1,0.1,0.029126999999999997,0.0
1,5,9,100,0.61,0.84,0.8,0.76,1.37,0.1,0.1,0.1,0.1,0.49240200000000006,0.0
1,9,9,100,0.61,0.84,0.8,0.76,1.37,0.1,0.1,0.1,0.1,0.054484000000000005,0.0
1,8,9,100,0.61,0.84,0.8,0.76,1.37,0.1,0.1,0.1,0.1,0.49361499999999997,0.0
1,7,9,100,0.61,0.84,0.8,0.76,1.37,0.1,0.1,0.1,0.1,0.49460200000000004,0.0
1,0,1,100,0.75,0.82,0.8,0.66,1.88,0.1,0.1,0.1,0.1,0.485804,0.0
1,0,0,100,0.75,0.82,0.8,0.66,1.88,0.1,0.1,0.1,0.1,0.485804,0.0
1,6,1,100,0.75,0.82,0.8,0.66,1.88,0.1,0.1,0.1,0.1,0.021514,0.0
1,1,1,100,0.75,0.82,0.8,0.66,1.88,0.1,0.1,0.1,0.1,0.36604200000000003,0.0
1,2,0,100,0.75,0.82,0.8,0.66,1.88,0.1,0.1,0.1,0.1,0.45438,0.0
1,7,1,100,0.75,0.82,0.8,0.66,1.88,0.1,0.1,0.1,0.1,0.479091,0.0
1,5,0,100,0.75,0.82,0.8,0.66,1.88,0.1,0.1,0.1,0.1,0.6531520000000001,0.0
1,9,1,100,0.75,0.82,0.8,0.66,1.88,0.1,0.1,0.1,0.1,0.061284000000000005,0.0
1,6,0,100,0.75,0.82,0.8,0.66,1.88,0.1,0.1,0.1,0.1,0.021514,0.0
1,4,1,100,0.75,0.82,0.8,0.66,1.88,0.1,0.1,0.1,0.1,0.04964,0.0
1,8,1,100,0.75,0.82,0.8,0.66,1.88,0.1,0.1,0.1,0.1,0.4916,0.0
1,2,1,100,0.75,0.82,0.8,0.66,1.88,0.1,0.1,0.1,0.1,0.45438,0.0
1,8,0,100,0.75,0.82,0.8,0.66,1.88,0.1,0.1,0.1,0.1,0.4916,0.0
1,5,1,100,0.75,0.82,0.8,0.66,1.88,0.1,0.1,0.1,0.1,0.6531520000000001,0.0
1,4,0,100,0.75,0.82,0.8,0.66,1.88,0.1,0.1,0.1,0.1,0.04964,0.0
1,2,2,100,0.73,0.83,0.8,0.67,1.85,0.1,0.1,0.1,0.1,0.456925,0.0
1,0,2,100,0.73,0.83,0.8,0.67,1.85,0.1,0.1,0.1,0.1,0.48614700000000005,0.0
1,3,0,100,0.75,0.82,0.8,0.66,1.88,0.1,0.1,0.1,0.1,0.46737799999999996,0.0
1,7,0,100,0.75,0.82,0.8,0.66,1.88,0.1,0.1,0.1,0.1,0.479091,0.0
1,3,2,100,0.73,0.83,0.8,0.67,1.85,0.1,0.1,0.1,0.1,0.46668999999999994,0.0
1,1,2,100,0.73,0.83,0.8,0.67,1.85,0.1,0.1,0.1,0.1,0.38781,0.0
1,1,0,100,0.75,0.82,0.8,0.66,1.88,0.1,0.1,0.1,0.1,0.36604200000000003,0.0
1,3,1,100,0.75,0.82,0.8,0.66,1.88,0.1,0.1,0.1,0.1,0.46737799999999996,0.0
1,9,0,100,0.75,0.82,0.8,0.66,1.88,0.1,0.1,0.1,0.1,0.061284000000000005,0.0
1,8,2,100,0.73,0.83,0.8,0.67,1.85,0.1,0.1,0.1,0.1,0.4923,0.0
1,5,2,100,0.73,0.83,0.8,0.67,1.85,0.1,0.1,0.1,0.1,0.5306569999999999,0.0
1,6,2,100,0.73,0.83,0.8,0.67,1.85,0.1,0.1,0.1,0.1,0.032652,0.0
1,6,3,100,0.76,0.82,0.8,0.66,1.94,0.1,0.1,0.1,0.1,0.015709,0.0
1,4,2,100,0.73,0.83,0.8,0.67,1.85,0.1,0.1,0.1,0.1,0.051546,0.0
1,0,3,100,0.76,0.82,0.8,0.66,1.94,0.1,0.1,0.1,0.1,0.48582299999999995,0.0
1,2,3,100,0.76,0.82,0.8,0.66,1.94,0.1,0.1,0.1,0.1,0.454716,0.0
1,8,3,100,0.76,0.82,0.8,0.66,1.94,0.1,0.1,0.1,0.1,0.49088699999999996,0.0
1,0,4,100,0.74,0.82,0.8,0.68,1.8,0.1,0.1,0.1,0.1,0.488701,0.0
1,1,3,100,0.76,0.82,0.8,0.66,1.94,0.1,0.1,0.1,0.1,0.34008,0.0
1,4,3,100,0.76,0.82,0.8,0.66,1.94,0.1,0.1,0.1,0.1,0.046342,0.0
1,9,2,100,0.73,0.83,0.8,0.67,1.85,0.1,0.1,0.1,0.1,0.05941799999999999,0.0
1,1,4,100,0.74,0.82,0.8,0.68,1.8,0.1,0.1,0.1,0.1,0.423882,0.0
1,3,3,100,0.76,0.82,0.8,0.66,1.94,0.1,0.1,0.1,0.1,0.46769700000000003,0.0
1,2,4,100,0.74,0.82,0.8,0.68,1.8,0.1,0.1,0.1,0.1,0.46992700000000004,0.0
1,3,4,100,0.74,0.82,0.8,0.68,1.8,0.1,0.1,0.1,0.1,0.471999,0.0
1,7,3,100,0.76,0.82,0.8,0.66,1.94,0.1,0.1,0.1,0.1,0.47830500000000004,0.0
1,5,3,100,0.76,0.82,0.8,0.66,1.94,0.1,0.1,0.1,0.1,0.627609,0.0
1,9,3,100,0.76,0.82,0.8,0.66,1.94,0.1,0.1,0.1,0.1,0.069214,0.0
1,7,2,100,0.73,0.83,0.8,0.67,1.85,0.1,0.1,0.1,0.1,0.480203,0.0
1,5,4,100,0.74,0.82,0.8,0.68,1.8,0.1,0.1,0.1,0.1,0.48334399999999994,0.0
1,4,4,100,0.74,0.82,0.8,0.68,1.8,0.1,0.1,0.1,0.1,0.04673,0.0
1,7,4,100,0.74,0.82,0.8,0.68,1.8,0.1,0.1,0.1,0.1,0.484155,0.0
1,6,4,100,0.74,0.82,0.8,0.68,1.8,0.1,0.1,0.1,0.1,0.182667,0.0
1,8,4,100,0.74,0.82,0.8,0.68,1.8,0.1,0.1,0.1,0.1,0.493196,0.0
1,3,5,100,0.95,0.77,0.8,0.64,2.0,0.1,0.1,0.1,0.1,0.472138,0.0
1,9,4,100,0.74,0.82,0.8,0.68,1.8,0.1,0.1,0.1,0.1,0.055545000000000004,0.0
1,0,5,100,0.95,0.77,0.8,0.64,2.0,0.1,0.1,0.1,0.1,0.485887,0.0
1,2,6,100,0.95,0.77,0.8,0.6,2.0,0.1,0.1,0.1,0.1,0.521447,0.0
1,2,5,100,0.95,0.77,0.8,0.64,2.0,0.1,0.1,0.1,0.1,0.478702,0.0
1,1,5,100,0.95,0.77,0.8,0.64,2.0,0.1,0.1,0.1,0.1,0.46043999999999996,0.0
1,6,5,100,0.95,0.77,0.8,0.64,2.0,0.1,0.1,0.1,0.1,0.12776500000000002,0.0
1,5,5,100,0.95,0.77,0.8,0.64,2.0,0.1,0.1,0.1,0.1,0.473663,0.0
1,8,5,100,0.95,0.77,0.8,0.64,2.0,0.1,0.1,0.1,0.1,0.49168900000000004,0.0
1,1,6,100,0.95,0.77,0.8,0.6,2.0,0.1,0.1,0.1,0.1,0.42072299999999996,0.0
1,7,5,100,0.95,0.77,0.8,0.64,2.0,0.1,0.1,0.1,0.1,0.48216800000000004,0.0
1,3,6,100,0.95,0.77,0.8,0.6,2.0,0.1,0.1,0.1,0.1,0.465174,0.0
1,5,6,100,0.95,0.77,0.8,0.6,2.0,0.1,0.1,0.1,0.1,0.34139200000000003,0.0
1,9,5,100,0.95,0.77,0.8,0.64,2.0,0.1,0.1,0.1,0.1,0.15195899999999998,0.0
1,9,6,100,0.95,0.77,0.8,0.6,2.0,0.1,0.1,0.1,0.1,0.059588,0.0
1,4,5,100,0.95,0.77,0.8,0.64,2.0,0.1,0.1,0.1,0.1,0.027675,0.0
1,0,6,100,0.95,0.77,0.8,0.6,2.0,0.1,0.1,0.1,0.1,0.476603,0.0
1,4,6,100,0.95,0.77,0.8,0.6,2.0,0.1,0.1,0.1,0.1,0.033476,0.0
1,8,6,100,0.95,0.77,0.8,0.6,2.0,0.1,0.1,0.1,0.1,0.484451,0.0
1,6,6,100,0.95,0.77,0.8,0.6,2.0,0.1,0.1,0.1,0.1,0.011828,0.0
1,0,7,100,1.01,0.75,0.8,0.59,2.09,0.1,0.1,0.1,0.1,0.47258900000000004,0.0
1,1,7,100,1.01,0.75,0.8,0.59,2.09,0.1,0.1,0.1,0.1,0.5094069999999999,0.0
1,7,6,100,0.95,0.77,0.8,0.6,2.0,0.1,0.1,0.1,0.1,0.47543199999999997,0.0
1,2,7,100,1.01,0.75,0.8,0.59,2.09,0.1,0.1,0.1,0.1,0.48286599999999996,0.0
1,1,8,100,0.91,0.77,0.8,0.64,1.82,0.1,0.1,0.1,0.1,0.43319399999999997,0.0
1,3,7,100,1.01,0.75,0.8,0.59,2.09,0.1,0.1,0.1,0.1,0.46244300000000005,0.0
1,4,7,100,1.01,0.75,0.8,0.59,2.09,0.1,0.1,0.1,0.1,0.035608999999999995,0.0
1,0,9,100,1.0,0.77,0.8,0.58,2.22,0.1,0.1,0.1,0.1,0.464663,0.0
1,3,8,100,0.91,0.77,0.8,0.64,1.82,0.1,0.1,0.1,0.1,0.472796,0.0
1,8,7,100,1.01,0.75,0.8,0.59,2.09,0.1,0.1,0.1,0.1,0.485587,0.0
1,7,8,100,0.91,0.77,0.8,0.64,1.82,0.1,0.1,0.1,0.1,0.48390500000000003,0.0
1,5,8,100,0.91,0.77,0.8,0.64,1.82,0.1,0.1,0.1,0.1,0.48072299999999996,0.0
1,5,7,100,1.01,0.75,0.8,0.59,2.09,0.1,0.1,0.1,0.1,0.630708,0.0
1,9,7,100,1.01,0.75,0.8,0.59,2.09,0.1,0.1,0.1,0.1,0.088034,0.0
1,8,8,100,0.91,0.77,0.8,0.64,1.82,0.1,0.1,0.1,0.1,0.492433,0.0
1,6,7,100,1.01,0.75,0.8,0.59,2.09,0.1,0.1,0.1,0.1,0.009708,0.0
1,0,8,100,0.91,0.77,0.8,0.64,1.82,0.1,0.1,0.1,0.1,0.486971,0.0
1,9,8,100,0.91,0.77,0.8,0.64,1.82,0.1,0.1,0.1,0.1,0.076455,0.0
1,6,8,100,0.91,0.77,0.8,0.64,1.82,0.1,0.1,0.1,0.1,0.331625,0.0
1,1,9,100,1.0,0.77,0.8,0.58,2.22,0.1,0.1,0.1,0.1,0.312293,0.0
1,2,8,100,0.91,0.77,0.8,0.64,1.82,0.1,0.1,0.1,0.1,0.475391,0.0
1,7,7,100,1.01,0.75,0.8,0.59,2.09,0.1,0.1,0.1,0.1,0.477559,0.0
1,4,8,100,0.91,0.77,0.8,0.64,1.82,0.1,0.1,0.1,0.1,0.02998,0.0
1,2,9,100,1.0,0.77,0.8,0.58,2.22,0.1,0.1,0.1,0.1,0.380042,0.0
1,5,9,100,1.0,0.77,0.8,0.58,2.22,0.1,0.1,0.1,0.1,0.741959,0.0
1,3,9,100,1.0,0.77,0.8,0.58,2.22,0.1,0.1,0.1,0.1,0.456287,0.0
1,4,9,100,1.0,0.77,0.8,0.58,2.22,0.1,0.1,0.1,0.1,0.038471,0.0
1,6,9,100,1.0,0.77,0.8,0.58,2.22,0.1,0.1,0.1,0.1,0.011926,0.0
1,7,9,100,1.0,0.77,0.8,0.58,2.22,0.1,0.1,0.1,0.1,0.471322,0.0
1,8,9,100,1.0,0.77,0.8,0.58,2.22,0.1,0.1,0.1,0.1,0.476713,0.0
1,9,9,100,1.0,0.77,0.8,0.58,2.22,0.1,0.1,0.1,0.1,0.915831,0.0
