2,3,0,200,100,0.450000,0.500000,0.000000,1.350000,0.000000,0.000000,0.100000,0.100000,0.100000,1.000000,0.100000,0.064052,0.000000,0.000000
2,15,0,200,100,0.450000,0.500000,0.000000,1.350000,0.000000,0.000000,0.100000,0.100000,0.100000,1.000000,0.100000,0.067430,0.000000,0.000000
2,3,2,200,100,0.450000,0.500000,0.000000,1.350000,0.000000,0.000000,0.100000,0.100000,0.100000,1.000000,0.100000,0.064052,0.000000,0.000000
2,14,0,200,100,0.450000,0.500000,0.000000,1.350000,0.000000,0.000000,0.100000,0.100000,0.100000,1.000000,0.100000,0.065278,0.000000,0.000000
2,10,0,200,100,0.450000,0.500000,0.000000,1.350000,0.000000,0.000000,0.100000,0.100000,0.100000,1.000000,0.100000,0.061820,0.000000,0.000000
2,19,1,200,100,0.450000,0.500000,0.000000,1.350000,0.000000,0.000000,0.100000,0.100000,0.100000,1.000000,0.100000,0.074195,0.000000,2.000000
2,5,1,200,100,0.450000,0.500000,0.000000,1.350000,0.000000,0.000000,0.100000,0.100000,0.100000,1.000000,0.100000,0.048678,0.000000,0.000000
2,2,2,200,100,0.450000,0.500000,0.000000,1.350000,0.000000,0.000000,0.100000,0.100000,0.100000,1.000000,0.100000,0.068638,0.000000,0.000000
2,19,0,200,100,0.450000,0.500000,0.000000,1.350000,0.000000,0.000000,0.100000,0.100000,0.100000,1.000000,0.100000,0.074195,0.000000,2.000000
2,7,1,200,100,0.450000,0.500000,0.000000,1.350000,0.000000,0.000000,0.100000,0.100000,0.100000,1.000000,0.100000,0.071793,0.000000,0.000000
2,16,0,200,100,0.450000,0.500000,0.000000,1.350000,0.000000,0.000000,0.100000,0.100000,0.100000,1.000000,0.100000,0.075743,0.000000,0.000000
2,4,0,200,100,0.450000,0.500000,0.000000,1.350000,0.000000,0.000000,0.100000,0.100000,0.100000,1.000000,0.100000,0.067149,0.000000,0.000000
2,9,0,200,100,0.450000,0.500000,0.000000,1.350000,0.000000,0.000000,0.100000,0.100000,0.100000,1.000000,0.100000,0.081863,0.000000,0.000000
2,2,1,200,100,0.450000,0.500000,0.000000,1.350000,0.000000,0.000000,0.100000,0.100000,0.100000,1.000000,0.100000,0.068638,0.000000,0.000000
2,6,1,200,100,0.450000,0.500000,0.000000,1.350000,0.000000,0.000000,0.100000,0.100000,0.100000,1.000000,0.100000,0.089885,0.000000,0.000000
2,11,1,200,100,0.450000,0.500000,0.000000,1.350000,0.000000,0.000000,0.100000,0.100000,0.100000,1.000000,0.100000,0.066701,0.000000,0.000000
2,4,2,200,100,0.450000,0.500000,0.000000,1.350000,0.000000,0.000000,0.100000,0.100000,0.100000,1.000000,0.100000,0.067149,0.000000,0.000000
2,5,2,200,100,0.450000,0.500000,0.000000,1.350000,0.000000,0.000000,0.100000,0.100000,0.100000,1.000000,0.100000,0.048678,0.000000,0.000000
2,10,1,200,100,0.450000,0.500000,0.000000,1.350000,0.000000,0.000000,0.100000,0.100000,0.100000,1.000000,0.100000,0.061820,0.000000,0.000000
2,0,1,200,100,0.450000,0.500000,0.000000,1.350000,0.000000,0.000000,0.100000,0.100000,0.100000,1.000000,0.100000,0.084325,0.000000,0.000000
2,0,2,200,100,0.450000,0.500000,0.000000,1.350000,0.000000,0.000000,0.100000,0.100000,0.100000,1.000000,0.100000,0.084325,0.000000,0.000000
2,17,0,200,100,0.450000,0.500000,0.000000,1.350000,0.000000,0.000000,0.100000,0.100000,0.100000,1.000000,0.100000,0.070742,0.000000,0.000000
2,11,0,200,100,0.450000,0.500000,0.000000,1.350000,0.000000,0.000000,0.100000,0.100000,0.100000,1.000000,0.100000,0.066701,0.000000,0.000000
2,3,1,200,100,0.450000,0.500000,0.000000,1.350000,0.000000,0.000000,0.100000,0.100000,0.100000,1.000000,0.100000,0.064052,0.000000,0.000000
2,2,0,200,100,0.450000,0.500000,0.000000,1.350000,0.000000,0.000000,0.100000,0.100000,0.100000,1.000000,0.100000,0.068638,0.000000,0.000000
2,6,0,200,100,0.450000,0.500000,0.000000,1.350000,0.000000,0.000000,0.100000,0.100000,0.100000,1.000000,0.100000,0.089885,0.000000,0.000000
2,13,0,200,100,0.450000,0.500000,0.000000,1.350000,0.000000,0.000000,0.100000,0.100000,0.100000,1.000000,0.100000,0.071626,0.000000,0.000000
2,8,1,200,100,0.450000,0.500000,0.000000,1.350000,0.000000,0.000000,0.100000,0.100000,0.100000,1.000000,0.100000,0.092202,0.000000,0.000000
2,16,1,200,100,0.450000,0.500000,0.000000,1.350000,0.000000,0.000000,0.100000,0.100000,0.100000,1.000000,0.100000,0.075743,0.000000,0.000000
2,18,0,200,100,0.450000,0.500000,0.000000,1.350000,0.000000,0.000000,0.100000,0.100000,0.100000,1.000000,0.100000,0.075757,0.000000,0.000000
2,18,1,200,100,0.450000,0.500000,0.000000,1.350000,0.000000,0.000000,0.100000,0.100000,0.100000,1.000000,0.100000,0.075757,0.000000,0.000000
2,1,0,200,100,0.450000,0.500000,0.000000,1.350000,0.000000,0.000000,0.100000,0.100000,0.100000,1.000000,0.100000,0.066152,0.000000,0.000000
2,1,2,200,100,0.450000,0.500000,0.000000,1.350000,0.000000,0.000000,0.100000,0.100000,0.100000,1.000000,0.100000,0.066152,0.000000,0.000000
2,13,1,200,100,0.450000,0.500000,0.000000,1.350000,0.000000,0.000000,0.100000,0.100000,0.100000,1.000000,0.100000,0.071626,0.000000,0.000000
2,8,0,200,100,0.450000,0.500000,0.000000,1.350000,0.000000,0.000000,0.100000,0.100000,0.100000,1.000000,0.100000,0.092202,0.000000,0.000000
2,7,2,200,100,0.450000,0.500000,0.000000,1.350000,0.000000,0.000000,0.100000,0.100000,0.100000,1.000000,0.100000,0.071793,0.000000,0.000000
2,9,1,200,100,0.450000,0.500000,0.000000,1.350000,0.000000,0.000000,0.100000,0.100000,0.100000,1.000000,0.100000,0.081863,0.000000,0.000000
2,0,0,200,100,0.450000,0.500000,0.000000,1.350000,0.000000,0.000000,0.100000,0.100000,0.100000,1.000000,0.100000,0.084325,0.000000,0.000000
2,12,0,200,100,0.450000,0.500000,0.000000,1.350000,0.000000,0.000000,0.100000,0.100000,0.100000,1.000000,0.100000,0.068990,0.000000,0.000000
2,15,1,200,100,0.450000,0.500000,0.000000,1.350000,0.000000,0.000000,0.100000,0.100000,0.100000,1.000000,0.100000,0.067430,0.000000,0.000000
2,4,1,200,100,0.450000,0.500000,0.000000,1.350000,0.000000,0.000000,0.100000,0.100000,0.100000,1.000000,0.100000,0.067149,0.000000,0.000000
2,14,1,200,100,0.450000,0.500000,0.000000,1.350000,0.000000,0.000000,0.100000,0.100000,0.100000,1.000000,0.100000,0.065278,0.000000,0.000000
2,6,2,200,100,0.450000,0.500000,0.000000,1.350000,0.000000,0.000000,0.100000,0.100000,0.100000,1.000000,0.100000,0.089885,0.000000,0.000000
2,1,1,200,100,0.450000,0.500000,0.000000,1.350000,0.000000,0.000000,0.100000,0.100000,0.100000,1.000000,0.100000,0.066152,0.000000,0.000000
2,12,1,200,100,0.450000,0.500000,0.000000,1.350000,0.000000,0.000000,0.100000,0.100000,0.100000,1.000000,0.100000,0.068990,0.000000,0.000000
2,17,1,200,100,0.450000,0.500000,0.000000,1.350000,0.000000,0.000000,0.100000,0.100000,0.100000,1.000000,0.100000,0.070742,0.000000,0.000000
2,7,0,200,100,0.450000,0.500000,0.000000,1.350000,0.000000,0.000000,0.100000,0.100000,0.100000,1.000000,0.100000,0.071793,0.000000,0.000000
2,5,0,200,100,0.450000,0.500000,0.000000,1.350000,0.000000,0.000000,0.100000,0.100000,0.100000,1.000000,0.100000,0.048678,0.000000,0.000000
2,9,2,200,100,0.450000,0.500000,0.000000,1.350000,0.000000,0.000000,0.100000,0.100000,0.100000,1.000000,0.100000,0.081863,0.000000,0.000000
2,13,2,200,100,0.450000,0.500000,0.000000,1.350000,0.000000,0.000000,0.100000,0.100000,0.100000,1.000000,0.100000,0.071626,0.000000,0.000000
2,12,2,200,100,0.450000,0.500000,0.000000,1.350000,0.000000,0.000000,0.100000,0.100000,0.100000,1.000000,0.100000,0.068990,0.000000,0.000000
2,17,2,200,100,0.450000,0.500000,0.000000,1.350000,0.000000,0.000000,0.100000,0.100000,0.100000,1.000000,0.100000,0.070742,0.000000,0.000000
2,2,3,200,100,0.440000,0.500000,0.000000,1.350000,0.000000,0.000000,0.100000,0.100000,0.100000,1.000000,0.100000,0.066384,0.000000,0.000000
2,10,2,200,100,0.450000,0.500000,0.000000,1.350000,0.000000,0.000000,0.100000,0.100000,0.100000,1.000000,0.100000,0.061820,0.000000,0.000000
2,19,2,200,100,0.450000,0.500000,0.000000,1.350000,0.000000,0.000000,0.100000,0.100000,0.100000,1.000000,0.100000,0.074195,0.000000,2.000000
2,11,2,200,100,0.450000,0.500000,0.000000,1.350000,0.000000,0.000000,0.100000,0.100000,0.100000,1.000000,0.100000,0.066701,0.000000,0.000000
2,15,2,200,100,0.450000,0.500000,0.000000,1.350000,0.000000,0.000000,0.100000,0.100000,0.100000,1.000000,0.100000,0.067430,0.000000,0.000000
2,3,3,200,100,0.440000,0.500000,0.000000,1.350000,0.000000,0.000000,0.100000,0.100000,0.100000,1.000000,0.100000,0.066191,0.000000,0.000000
2,6,3,200,100,0.440000,0.500000,0.000000,1.350000,0.000000,0.000000,0.100000,0.100000,0.100000,1.000000,0.100000,0.088040,0.000000,0.000000
2,8,3,200,100,0.440000,0.500000,0.000000,1.350000,0.000000,0.000000,0.100000,0.100000,0.100000,1.000000,0.100000,0.093913,0.000000,0.000000
2,14,2,200,100,0.450000,0.500000,0.000000,1.350000,0.000000,0.000000,0.100000,0.100000,0.100000,1.000000,0.100000,0.065278,0.000000,0.000000
2,4,3,200,100,0.440000,0.500000,0.000000,1.350000,0.000000,0.000000,0.100000,0.100000,0.100000,1.000000,0.100000,0.079697,0.000000,0.000000
2,7,3,200,100,0.440000,0.500000,0.000000,1.350000,0.000000,0.000000,0.100000,0.100000,0.100000,1.000000,0.100000,0.076326,0.000000,0.000000
2,8,2,200,100,0.450000,0.500000,0.000000,1.350000,0.000000,0.000000,0.100000,0.100000,0.100000,1.000000,0.100000,0.092202,0.000000,0.000000
2,0,3,200,100,0.440000,0.500000,0.000000,1.350000,0.000000,0.000000,0.100000,0.100000,0.100000,1.000000,0.100000,0.084815,0.000000,0.000000
2,9,3,200,100,0.440000,0.500000,0.000000,1.350000,0.000000,0.000000,0.100000,0.100000,0.100000,1.000000,0.100000,0.086157,0.000000,0.000000
2,18,3,200,100,0.440000,0.500000,0.000000,1.350000,0.000000,0.000000,0.100000,0.100000,0.100000,1.000000,0.100000,0.075240,0.000000,0.000000
2,18,2,200,100,0.450000,0.500000,0.000000,1.350000,0.000000,0.000000,0.100000,0.100000,0.100000,1.000000,0.100000,0.075757,0.000000,0.000000
2,10,3,200,100,0.440000,0.500000,0.000000,1.350000,0.000000,0.000000,0.100000,0.100000,0.100000,1.000000,0.100000,0.064997,0.000000,0.000000
2,11,3,200,100,0.440000,0.500000,0.000000,1.350000,0.000000,0.000000,0.100000,0.100000,0.100000,1.000000,0.100000,0.065566,0.000000,0.000000
2,5,3,200,100,0.440000,0.500000,0.000000,1.350000,0.000000,0.000000,0.100000,0.100000,0.100000,1.000000,0.100000,0.048917,0.000000,0.000000
2,13,3,200,100,0.440000,0.500000,0.000000,1.350000,0.000000,0.000000,0.100000,0.100000,0.100000,1.000000,0.100000,0.071396,0.000000,0.000000
2,9,4,200,100,0.460000,0.500000,0.000000,1.340000,0.000000,0.000000,0.100000,0.100000,0.100000,1.000000,0.100000,0.083218,0.000000,0.000000
2,13,4,200,100,0.460000,0.500000,0.000000,1.340000,0.000000,0.000000,0.100000,0.100000,0.100000,1.000000,0.100000,0.076430,0.000000,0.000000
2,1,3,200,100,0.440000,0.500000,0.000000,1.350000,0.000000,0.000000,0.100000,0.100000,0.100000,1.000000,0.100000,0.068527,0.000000,0.000000
2,16,2,200,100,0.450000,0.500000,0.000000,1.350000,0.000000,0.000000,0.100000,0.100000,0.100000,1.000000,0.100000,0.075743,0.000000,0.000000
2,12,3,200,100,0.440000,0.500000,0.000000,1.350000,0.000000,0.000000,0.100000,0.100000,0.100000,1.000000,0.100000,0.068910,0.000000,0.000000
2,17,3,200,100,0.440000,0.500000,0.000000,1.350000,0.000000,0.000000,0.100000,0.100000,0.100000,1.000000,0.100000,0.073922,0.000000,0.000000
2,1,4,200,100,0.460000,0.500000,0.000000,1.340000,0.000000,0.000000,0.100000,0.100000,0.100000,1.000000,0.100000,0.062384,0.000000,0.000000
2,6,4,200,100,0.460000,0.500000,0.000000,1.340000,0.000000,0.000000,0.100000,0.100000,0.100000,1.000000,0.100000,0.084651,0.000000,0.000000
2,0,4,200,100,0.460000,0.500000,0.000000,1.340000,0.000000,0.000000,0.100000,0.100000,0.100000,1.000000,0.100000,0.080291,0.000000,0.000000
2,16,3,200,100,0.440000,0.500000,0.000000,1.350000,0.000000,0.000000,0.100000,0.100000,0.100000,1.000000,0.100000,0.069074,0.000000,0.000000
2,14,3,200,100,0.440000,0.500000,0.000000,1.350000,0.000000,0.000000,0.100000,0.100000,0.100000,1.000000,0.100000,0.064894,0.000000,0.000000
2,2,4,200,100,0.460000,0.500000,0.000000,1.340000,0.000000,0.000000,0.100000,0.100000,0.100000,1.000000,0.100000,0.071401,0.000000,0.000000
2,12,4,200,100,0.460000,0.500000,0.000000,1.340000,0.000000,0.000000,0.100000,0.100000,0.100000,1.000000,0.100000,0.065250,0.000000,0.000000
2,15,3,200,100,0.440000,0.500000,0.000000,1.350000,0.000000,0.000000,0.100000,0.100000,0.100000,1.000000,0.100000,0.068029,0.000000,0.000000
2,15,4,200,100,0.460000,0.500000,0.000000,1.340000,0.000000,0.000000,0.100000,0.100000,0.100000,1.000000,0.100000,0.062860,0.000000,0.000000
2,19,3,200,100,0.440000,0.500000,0.000000,1.350000,0.000000,0.000000,0.100000,0.100000,0.100000,1.000000,0.100000,0.073600,0.000000,1.000000
2,3,4,200,100,0.460000,0.500000,0.000000,1.340000,0.000000,0.000000,0.100000,0.100000,0.100000,1.000000,0.100000,0.063282,0.000000,0.000000
2,11,4,200,100,0.460000,0.500000,0.000000,1.340000,0.000000,0.000000,0.100000,0.100000,0.100000,1.000000,0.100000,0.064678,0.000000,0.000000
2,5,4,200,100,0.460000,0.500000,0.000000,1.340000,0.000000,0.000000,0.100000,0.100000,0.100000,1.000000,0.100000,0.046693,0.000000,0.000000
2,4,4,200,100,0.460000,0.500000,0.000000,1.340000,0.000000,0.000000,0.100000,0.100000,0.100000,1.000000,0.100000,0.070309,0.000000,0.000000
2,7,4,200,100,0.460000,0.500000,0.000000,1.340000,0.000000,0.000000,0.100000,0.100000,0.100000,1.000000,0.100000,0.072789,0.000000,0.000000
2,10,4,200,100,0.460000,0.500000,0.000000,1.340000,0.000000,0.000000,0.100000,0.100000,0.100000,1.000000,0.100000,0.062380,0.000000,0.000000
2,8,4,200,100,0.460000,0.500000,0.000000,1.340000,0.000000,0.000000,0.100000,0.100000,0.100000,1.000000,0.100000,0.086263,0.000000,0.000000
2,14,4,200,100,0.460000,0.500000,0.000000,1.340000,0.000000,0.000000,0.100000,0.100000,0.100000,1.000000,0.100000,0.069218,0.000000,0.000000
2,19,4,200,100,0.460000,0.500000,0.000000,1.340000,0.000000,0.000000,0.100000,0.100000,0.100000,1.000000,0.100000,0.073674,0.000000,1.000000
2,18,4,200,100,0.460000,0.500000,0.000000,1.340000,0.000000,0.000000,0.100000,0.100000,0.100000,1.000000,0.100000,0.074104,0.000000,0.000000
2,6,5,200,100,0.460000,0.500000,0.000000,1.350000,0.000000,0.000000,0.100000,0.100000,0.100000,1.000000,0.100000,0.088844,0.000000,0.000000
2,4,5,200,100,0.460000,0.500000,0.000000,1.350000,0.000000,0.000000,0.100000,0.100000,0.100000,1.000000,0.100000,0.070946,0.000000,0.000000
2,2,5,200,100,0.460000,0.500000,0.000000,1.350000,0.000000,0.000000,0.100000,0.100000,0.100000,1.000000,0.100000,0.067840,0.000000,0.000000
2,5,5,200,100,0.460000,0.500000,0.000000,1.350000,0.000000,0.000000,0.100000,0.100000,0.100000,1.000000,0.100000,0.050381,0.000000,0.000000
2,7,5,200,100,0.460000,0.500000,0.000000,1.350000,0.000000,0.000000,0.100000,0.100000,0.100000,1.000000,0.100000,0.072761,0.000000,0.000000
2,8,5,200,100,0.460000,0.500000,0.000000,1.350000,0.000000,0.000000,0.100000,0.100000,0.100000,1.000000,0.100000,0.087315,0.000000,0.000000
2,16,4,200,100,0.460000,0.500000,0.000000,1.340000,0.000000,0.000000,0.100000,0.100000,0.100000,1.000000,0.100000,0.066149,0.000000,0.000000
2,17,4,200,100,0.460000,0.500000,0.000000,1.340000,0.000000,0.000000,0.100000,0.100000,0.100000,1.000000,0.100000,0.055059,0.000000,0.000000
2,9,5,200,100,0.460000,0.500000,0.000000,1.350000,0.000000,0.000000,0.100000,0.100000,0.100000,1.000000,0.100000,0.084079,0.000000,0.000000
2,1,5,200,100,0.460000,0.500000,0.000000,1.350000,0.000000,0.000000,0.100000,0.100000,0.100000,1.000000,0.100000,0.066070,0.000000,0.000000
2,0,5,200,100,0.460000,0.500000,0.000000,1.350000,0.000000,0.000000,0.100000,0.100000,0.100000,1.000000,0.100000,0.080983,0.000000,0.000000
2,10,5,200,100,0.460000,0.500000,0.000000,1.350000,0.000000,0.000000,0.100000,0.100000,0.100000,1.000000,0.100000,0.060691,0.000000,0.000000
2,3,5,200,100,0.460000,0.500000,0.000000,1.350000,0.000000,0.000000,0.100000,0.100000,0.100000,1.000000,0.100000,0.069744,0.000000,0.000000
2,18,5,200,100,0.460000,0.500000,0.000000,1.350000,0.000000,0.000000,0.100000,0.100000,0.100000,1.000000,0.100000,0.073730,0.000000,0.000000
2,19,5,200,100,0.460000,0.500000,0.000000,1.350000,0.000000,0.000000,0.100000,0.100000,0.100000,1.000000,0.100000,0.071007,0.000000,1.000000
2,16,5,200,100,0.460000,0.500000,0.000000,1.350000,0.000000,0.000000,0.100000,0.100000,0.100000,1.000000,0.100000,0.072127,0.000000,0.000000
2,17,5,200,100,0.460000,0.500000,0.000000,1.350000,0.000000,0.000000,0.100000,0.100000,0.100000,1.000000,0.100000,0.078050,0.000000,0.000000
2,3,6,200,100,0.460000,0.500000,0.000000,1.350000,0.000000,0.000000,0.100000,0.100000,0.100000,1.000000,0.100000,0.069744,0.000000,0.000000
2,11,5,200,100,0.460000,0.500000,0.000000,1.350000,0.000000,0.000000,0.100000,0.100000,0.100000,1.000000,0.100000,0.066699,0.000000,0.000000
2,2,6,200,100,0.460000,0.500000,0.000000,1.350000,0.000000,0.000000,0.100000,0.100000,0.100000,1.000000,0.100000,0.067840,0.000000,0.000000
2,12,5,200,100,0.460000,0.500000,0.000000,1.350000,0.000000,0.000000,0.100000,0.100000,0.100000,1.000000,0.100000,0.067660,0.000000,0.000000
2,13,5,200,100,0.460000,0.500000,0.000000,1.350000,0.000000,0.000000,0.100000,0.100000,0.100000,1.000000,0.100000,0.073443,0.000000,0.000000
2,1,6,200,100,0.460000,0.500000,0.000000,1.350000,0.000000,0.000000,0.100000,0.100000,0.100000,1.000000,0.100000,0.066070,0.000000,0.000000
2,0,6,200,100,0.460000,0.500000,0.000000,1.350000,0.000000,0.000000,0.100000,0.100000,0.100000,1.000000,0.100000,0.080983,0.000000,0.000000
2,15,5,200,100,0.460000,0.500000,0.000000,1.350000,0.000000,0.000000,0.100000,0.100000,0.100000,1.000000,0.100000,0.067100,0.000000,0.000000
2,14,5,200,100,0.460000,0.500000,0.000000,1.350000,0.000000,0.000000,0.100000,0.100000,0.100000,1.000000,0.100000,0.068569,0.000000,0.000000
2,7,6,200,100,0.460000,0.500000,0.000000,1.350000,0.000000,0.000000,0.100000,0.100000,0.100000,1.000000,0.100000,0.072761,0.000000,0.000000
2,5,6,200,100,0.460000,0.500000,0.000000,1.350000,0.000000,0.000000,0.100000,0.100000,0.100000,1.000000,0.100000,0.050381,0.000000,0.000000
2,8,6,200,100,0.460000,0.500000,0.000000,1.350000,0.000000,0.000000,0.100000,0.100000,0.100000,1.000000,0.100000,0.087315,0.000000,0.000000
2,2,7,200,100,0.440000,0.500000,0.000000,1.340000,0.000000,0.000000,0.100000,0.100000,0.100000,1.000000,0.100000,0.065370,0.000000,0.000000
2,12,6,200,100,0.460000,0.500000,0.000000,1.350000,0.000000,0.000000,0.100000,0.100000,0.100000,1.000000,0.100000,0.067660,0.000000,0.000000
2,19,6,200,100,0.460000,0.500000,0.000000,1.350000,0.000000,0.000000,0.100000,0.100000,0.100000,1.000000,0.100000,0.071007,0.000000,1.000000
2,4,6,200,100,0.460000,0.500000,0.000000,1.350000,0.000000,0.000000,0.100000,0.100000,0.100000,1.000000,0.100000,0.070946,0.000000,0.000000
2,18,6,200,100,0.460000,0.500000,0.000000,1.350000,0.000000,0.000000,0.100000,0.100000,0.100000,1.000000,0.100000,0.073730,0.000000,0.000000
2,11,6,200,100,0.460000,0.500000,0.000000,1.350000,0.000000,0.000000,0.100000,0.100000,0.100000,1.000000,0.100000,0.066699,0.000000,0.000000
2,6,6,200,100,0.460000,0.500000,0.000000,1.350000,0.000000,0.000000,0.100000,0.100000,0.100000,1.000000,0.100000,0.088844,0.000000,0.000000
2,15,6,200,100,0.460000,0.500000,0.000000,1.350000,0.000000,0.000000,0.100000,0.100000,0.100000,1.000000,0.100000,0.067100,0.000000,0.000000
2,9,6,200,100,0.460000,0.500000,0.000000,1.350000,0.000000,0.000000,0.100000,0.100000,0.100000,1.000000,0.100000,0.084079,0.000000,0.000000
2,14,6,200,100,0.460000,0.500000,0.000000,1.350000,0.000000,0.000000,0.100000,0.100000,0.100000,1.000000,0.100000,0.068569,0.000000,0.000000
2,17,6,200,100,0.460000,0.500000,0.000000,1.350000,0.000000,0.000000,0.100000,0.100000,0.100000,1.000000,0.100000,0.078050,0.000000,0.000000
2,16,6,200,100,0.460000,0.500000,0.000000,1.350000,0.000000,0.000000,0.100000,0.100000,0.100000,1.000000,0.100000,0.072127,0.000000,0.000000
2,10,6,200,100,0.460000,0.500000,0.000000,1.350000,0.000000,0.000000,0.100000,0.100000,0.100000,1.000000,0.100000,0.060691,0.000000,0.000000
2,3,7,200,100,0.440000,0.500000,0.000000,1.340000,0.000000,0.000000,0.100000,0.100000,0.100000,1.000000,0.100000,0.067886,0.000000,0.000000
2,0,7,200,100,0.440000,0.500000,0.000000,1.340000,0.000000,0.000000,0.100000,0.100000,0.100000,1.000000,0.100000,0.082944,0.000000,0.000000
2,1,7,200,100,0.440000,0.500000,0.000000,1.340000,0.000000,0.000000,0.100000,0.100000,0.100000,1.000000,0.100000,0.064997,0.000000,0.000000
2,13,6,200,100,0.460000,0.500000,0.000000,1.350000,0.000000,0.000000,0.100000,0.100000,0.100000,1.000000,0.100000,0.073443,0.000000,0.000000
2,6,7,200,100,0.440000,0.500000,0.000000,1.340000,0.000000,0.000000,0.100000,0.100000,0.100000,1.000000,0.100000,0.088625,0.000000,0.000000
2,4,7,200,100,0.440000,0.500000,0.000000,1.340000,0.000000,0.000000,0.100000,0.100000,0.100000,1.000000,0.100000,0.089476,0.000000,0.000000
2,10,7,200,100,0.440000,0.500000,0.000000,1.340000,0.000000,0.000000,0.100000,0.100000,0.100000,1.000000,0.100000,0.063868,0.000000,0.000000
2,9,7,200,100,0.440000,0.500000,0.000000,1.340000,0.000000,0.000000,0.100000,0.100000,0.100000,1.000000,0.100000,0.086313,0.000000,0.000000
2,14,7,200,100,0.440000,0.500000,0.000000,1.340000,0.000000,0.000000,0.100000,0.100000,0.100000,1.000000,0.100000,0.063298,0.000000,0.000000
2,5,7,200,100,0.440000,0.500000,0.000000,1.340000,0.000000,0.000000,0.100000,0.100000,0.100000,1.000000,0.100000,0.050786,0.000000,0.000000
2,11,7,200,100,0.440000,0.500000,0.000000,1.340000,0.000000,0.000000,0.100000,0.100000,0.100000,1.000000,0.100000,0.067198,0.000000,0.000000
2,8,7,200,100,0.440000,0.500000,0.000000,1.340000,0.000000,0.000000,0.100000,0.100000,0.100000,1.000000,0.100000,0.091386,0.000000,0.000000
2,7,7,200,100,0.440000,0.500000,0.000000,1.340000,0.000000,0.000000,0.100000,0.100000,0.100000,1.000000,0.100000,0.080503,0.000000,0.000000
2,0,8,200,100,0.450000,0.500000,0.000000,1.330000,0.000000,0.000000,0.100000,0.100000,0.100000,1.000000,0.100000,0.079782,0.000000,0.000000
2,2,8,200,100,0.450000,0.500000,0.000000,1.330000,0.000000,0.000000,0.100000,0.100000,0.100000,1.000000,0.100000,0.068784,0.000000,0.000000
2,1,8,200,100,0.450000,0.500000,0.000000,1.330000,0.000000,0.000000,0.100000,0.100000,0.100000,1.000000,0.100000,0.064114,0.000000,0.000000
2,4,8,200,100,0.450000,0.500000,0.000000,1.330000,0.000000,0.000000,0.100000,0.100000,0.100000,1.000000,0.100000,0.069856,0.000000,0.000000
2,5,8,200,100,0.450000,0.500000,0.000000,1.330000,0.000000,0.000000,0.100000,0.100000,0.100000,1.000000,0.100000,0.047466,0.000000,0.000000
2,16,7,200,100,0.440000,0.500000,0.000000,1.340000,0.000000,0.000000,0.100000,0.100000,0.100000,1.000000,0.100000,0.072493,0.000000,0.000000
2,12,7,200,100,0.440000,0.500000,0.000000,1.340000,0.000000,0.000000,0.100000,0.100000,0.100000,1.000000,0.100000,0.068131,0.000000,0.000000
2,18,7,200,100,0.440000,0.500000,0.000000,1.340000,0.000000,0.000000,0.100000,0.100000,0.100000,1.000000,0.100000,0.073265,0.000000,0.000000
2,3,8,200,100,0.450000,0.500000,0.000000,1.330000,0.000000,0.000000,0.100000,0.100000,0.100000,1.000000,0.100000,0.070076,0.000000,0.000000
2,13,7,200,100,0.440000,0.500000,0.000000,1.340000,0.000000,0.000000,0.100000,0.100000,0.100000,1.000000,0.100000,0.070582,0.000000,0.000000
2,19,7,200,100,0.440000,0.500000,0.000000,1.340000,0.000000,0.000000,0.100000,0.100000,0.100000,1.000000,0.100000,0.073363,0.000000,1.000000
2,15,7,200,100,0.440000,0.500000,0.000000,1.340000,0.000000,0.000000,0.100000,0.100000,0.100000,1.000000,0.100000,0.066483,0.000000,0.000000
2,17,7,200,100,0.440000,0.500000,0.000000,1.340000,0.000000,0.000000,0.100000,0.100000,0.100000,1.000000,0.100000,0.058131,0.000000,0.000000
2,8,8,200,100,0.450000,0.500000,0.000000,1.330000,0.000000,0.000000,0.100000,0.100000,0.100000,1.000000,0.100000,0.090137,0.000000,0.000000
2,14,8,200,100,0.450000,0.500000,0.000000,1.330000,0.000000,0.000000,0.100000,0.100000,0.100000,1.000000,0.100000,0.066016,0.000000,0.000000
2,13,8,200,100,0.450000,0.500000,0.000000,1.330000,0.000000,0.000000,0.100000,0.100000,0.100000,1.000000,0.100000,0.074858,0.000000,0.000000
2,19,8,200,100,0.450000,0.500000,0.000000,1.330000,0.000000,0.000000,0.100000,0.100000,0.100000,1.000000,0.100000,0.070711,0.000000,1.000000
2,12,8,200,100,0.450000,0.500000,0.000000,1.330000,0.000000,0.000000,0.100000,0.100000,0.100000,1.000000,0.100000,0.066387,0.000000,0.000000
2,6,8,200,100,0.450000,0.500000,0.000000,1.330000,0.000000,0.000000,0.100000,0.100000,0.100000,1.000000,0.100000,0.085776,0.000000,0.000000
2,1,9,200,100,0.470000,0.510000,0.000000,1.340000,0.000000,0.000000,0.100000,0.100000,0.100000,1.000000,0.100000,0.063942,0.000000,0.000000
2,0,9,200,100,0.470000,0.510000,0.000000,1.340000,0.000000,0.000000,0.100000,0.100000,0.100000,1.000000,0.100000,0.075266,0.000000,0.000000
2,16,8,200,100,0.450000,0.500000,0.000000,1.330000,0.000000,0.000000,0.100000,0.100000,0.100000,1.000000,0.100000,0.077928,0.000000,0.000000
2,7,8,200,100,0.450000,0.500000,0.000000,1.330000,0.000000,0.000000,0.100000,0.100000,0.100000,1.000000,0.100000,0.075521,0.000000,0.000000
2,17,8,200,100,0.450000,0.500000,0.000000,1.330000,0.000000,0.000000,0.100000,0.100000,0.100000,1.000000,0.100000,0.061332,0.000000,0.000000
2,11,8,200,100,0.450000,0.500000,0.000000,1.330000,0.000000,0.000000,0.100000,0.100000,0.100000,1.000000,0.100000,0.062543,0.000000,0.000000
2,9,8,200,100,0.450000,0.500000,0.000000,1.330000,0.000000,0.000000,0.100000,0.100000,0.100000,1.000000,0.100000,0.082962,0.000000,0.000000
2,3,9,200,100,0.470000,0.510000,0.000000,1.340000,0.000000,0.000000,0.100000,0.100000,0.100000,1.000000,0.100000,0.076995,0.000000,0.000000
2,2,9,200,100,0.470000,0.510000,0.000000,1.340000,0.000000,0.000000,0.100000,0.100000,0.100000,1.000000,0.100000,0.115950,0.000000,0.000000
2,10,8,200,100,0.450000,0.500000,0.000000,1.330000,0.000000,0.000000,0.100000,0.100000,0.100000,1.000000,0.100000,0.062185,0.000000,0.000000
2,4,9,200,100,0.470000,0.510000,0.000000,1.340000,0.000000,0.000000,0.100000,0.100000,0.100000,1.000000,0.100000,0.098656,0.000000,0.000000
2,18,8,200,100,0.450000,0.500000,0.000000,1.330000,0.000000,0.000000,0.100000,0.100000,0.100000,1.000000,0.100000,0.072013,0.000000,0.000000
2,6,9,200,100,0.470000,0.510000,0.000000,1.340000,0.000000,0.000000,0.100000,0.100000,0.100000,1.000000,0.100000,0.083034,0.000000,0.000000
2,15,8,200,100,0.450000,0.500000,0.000000,1.330000,0.000000,0.000000,0.100000,0.100000,0.100000,1.000000,0.100000,0.065487,0.000000,0.000000
2,5,9,200,100,0.470000,0.510000,0.000000,1.340000,0.000000,0.000000,0.100000,0.100000,0.100000,1.000000,0.100000,0.050926,0.000000,1.000000
2,10,9,200,100,0.470000,0.510000,0.000000,1.340000,0.000000,0.000000,0.100000,0.100000,0.100000,1.000000,0.100000,0.059790,0.000000,1.000000
2,11,9,200,100,0.470000,0.510000,0.000000,1.340000,0.000000,0.000000,0.100000,0.100000,0.100000,1.000000,0.100000,0.061977,0.000000,0.000000
2,8,9,200,100,0.470000,0.510000,0.000000,1.340000,0.000000,0.000000,0.100000,0.100000,0.100000,1.000000,0.100000,0.082681,0.000000,0.000000
2,9,9,200,100,0.470000,0.510000,0.000000,1.340000,0.000000,0.000000,0.100000,0.100000,0.100000,1.000000,0.100000,0.076820,0.000000,0.000000
2,7,9,200,100,0.470000,0.510000,0.000000,1.340000,0.000000,0.000000,0.100000,0.100000,0.100000,1.000000,0.100000,0.065732,0.000000,0.000000
2,15,9,200,100,0.470000,0.510000,0.000000,1.340000,0.000000,0.000000,0.100000,0.100000,0.100000,1.000000,0.100000,0.070332,0.000000,0.000000
2,17,9,200,100,0.470000,0.510000,0.000000,1.340000,0.000000,0.000000,0.100000,0.100000,0.100000,1.000000,0.100000,0.056191,0.000000,0.000000
2,14,9,200,100,0.470000,0.510000,0.000000,1.340000,0.000000,0.000000,0.100000,0.100000,0.100000,1.000000,0.100000,0.068022,0.000000,0.000000
2,12,9,200,100,0.470000,0.510000,0.000000,1.340000,0.000000,0.000000,0.100000,0.100000,0.100000,1.000000,0.100000,0.058969,0.000000,0.000000
2,19,9,200,100,0.470000,0.510000,0.000000,1.340000,0.000000,0.000000,0.100000,0.100000,0.100000,1.000000,0.100000,0.070777,0.000000,1.000000
2,3,10,200,100,0.450000,0.500000,0.000000,1.280000,0.000000,0.000000,0.100000,0.100000,0.100000,1.000000,0.100000,0.079643,0.000000,0.000000
2,16,9,200,100,0.470000,0.510000,0.000000,1.340000,0.000000,0.000000,0.100000,0.100000,0.100000,1.000000,0.100000,0.061872,0.000000,0.000000
2,8,10,200,100,0.450000,0.500000,0.000000,1.280000,0.000000,0.000000,0.100000,0.100000,0.100000,1.000000,0.100000,0.079931,0.000000,0.000000
2,13,9,200,100,0.470000,0.510000,0.000000,1.340000,0.000000,0.000000,0.100000,0.100000,0.100000,1.000000,0.100000,0.090921,0.000000,0.000000
2,4,10,200,100,0.450000,0.500000,0.000000,1.280000,0.000000,0.000000,0.100000,0.100000,0.100000,1.000000,0.100000,0.086449,0.000000,0.000000
2,18,9,200,100,0.470000,0.510000,0.000000,1.340000,0.000000,0.000000,0.100000,0.100000,0.100000,1.000000,0.100000,0.071950,0.000000,0.000000
2,2,10,200,100,0.450000,0.500000,0.000000,1.280000,0.000000,0.000000,0.100000,0.100000,0.100000,1.000000,0.100000,0.069057,0.000000,0.000000
2,0,10,200,100,0.450000,0.500000,0.000000,1.280000,0.000000,0.000000,0.100000,0.100000,0.100000,1.000000,0.100000,0.063155,0.000000,1.000000
2,16,10,200,100,0.450000,0.500000,0.000000,1.280000,0.000000,0.000000,0.100000,0.100000,0.100000,1.000000,0.100000,0.066483,0.000000,0.000000
2,12,10,200,100,0.450000,0.500000,0.000000,1.280000,0.000000,0.000000,0.100000,0.100000,0.100000,1.000000,0.100000,0.056875,0.000000,0.000000
2,1,10,200,100,0.450000,0.500000,0.000000,1.280000,0.000000,0.000000,0.100000,0.100000,0.100000,1.000000,0.100000,0.063123,0.000000,0.000000
2,18,10,200,100,0.450000,0.500000,0.000000,1.280000,0.000000,0.000000,0.100000,0.100000,0.100000,1.000000,0.100000,0.068949,0.000000,0.000000
2,6,10,200,100,0.450000,0.500000,0.000000,1.280000,0.000000,0.000000,0.100000,0.100000,0.100000,1.000000,0.100000,0.075874,0.000000,0.000000
2,1,11,200,100,0.450000,0.500000,0.000000,1.280000,0.000000,0.000000,0.100000,0.100000,0.100000,1.000000,0.100000,0.063123,0.000000,0.000000
2,0,11,200,100,0.450000,0.500000,0.000000,1.280000,0.000000,0.000000,0.100000,0.100000,0.100000,1.000000,0.100000,0.063155,0.000000,1.000000
2,2,11,200,100,0.450000,0.500000,0.000000,1.280000,0.000000,0.000000,0.100000,0.100000,0.100000,1.000000,0.100000,0.069057,0.000000,0.000000
2,9,10,200,100,0.450000,0.500000,0.000000,1.280000,0.000000,0.000000,0.100000,0.100000,0.100000,1.000000,0.100000,0.074627,0.000000,0.000000
2,19,10,200,100,0.450000,0.500000,0.000000,1.280000,0.000000,0.000000,0.100000,0.100000,0.100000,1.000000,0.100000,0.066070,0.000000,2.000000
2,3,11,200,100,0.450000,0.500000,0.000000,1.280000,0.000000,0.000000,0.100000,0.100000,0.100000,1.000000,0.100000,0.079643,0.000000,0.000000
2,5,10,200,100,0.450000,0.500000,0.000000,1.280000,0.000000,0.000000,0.100000,0.100000,0.100000,1.000000,0.100000,0.047017,0.000000,1.000000
2,7,10,200,100,0.450000,0.500000,0.000000,1.280000,0.000000,0.000000,0.100000,0.100000,0.100000,1.000000,0.100000,0.063474,0.000000,2.000000
2,10,10,200,100,0.450000,0.500000,0.000000,1.280000,0.000000,0.000000,0.100000,0.100000,0.100000,1.000000,0.100000,0.055696,0.000000,1.000000
2,11,10,200,100,0.450000,0.500000,0.000000,1.280000,0.000000,0.000000,0.100000,0.100000,0.100000,1.000000,0.100000,0.059800,0.000000,0.000000
2,13,10,200,100,0.450000,0.500000,0.000000,1.280000,0.000000,0.000000,0.100000,0.100000,0.100000,1.000000,0.100000,0.070589,0.000000,0.000000
2,7,11,200,100,0.450000,0.500000,0.000000,1.280000,0.000000,0.000000,0.100000,0.100000,0.100000,1.000000,0.100000,0.063474,0.000000,2.000000
2,17,10,200,100,0.450000,0.500000,0.000000,1.280000,0.000000,0.000000,0.100000,0.100000,0.100000,1.000000,0.100000,0.091880,0.000000,0.000000
2,15,10,200,100,0.450000,0.500000,0.000000,1.280000,0.000000,0.000000,0.100000,0.100000,0.100000,1.000000,0.100000,0.067961,0.000000,0.000000
2,10,11,200,100,0.450000,0.500000,0.000000,1.280000,0.000000,0.000000,0.100000,0.100000,0.100000,1.000000,0.100000,0.055696,0.000000,1.000000
2,14,10,200,100,0.450000,0.500000,0.000000,1.280000,0.000000,0.000000,0.100000,0.100000,0.100000,1.000000,0.100000,0.064533,0.000000,0.000000
2,8,11,200,100,0.450000,0.500000,0.000000,1.280000,0.000000,0.000000,0.100000,0.100000,0.100000,1.000000,0.100000,0.079931,0.000000,0.000000
2,9,11,200,100,0.450000,0.500000,0.000000,1.280000,0.000000,0.000000,0.100000,0.100000,0.100000,1.000000,0.100000,0.074627,0.000000,0.000000
2,4,11,200,100,0.450000,0.500000,0.000000,1.280000,0.000000,0.000000,0.100000,0.100000,0.100000,1.000000,0.100000,0.086449,0.000000,0.000000
2,11,11,200,100,0.450000,0.500000,0.000000,1.280000,0.000000,0.000000,0.100000,0.100000,0.100000,1.000000,0.100000,0.059800,0.000000,0.000000
2,6,11,200,100,0.450000,0.500000,0.000000,1.280000,0.000000,0.000000,0.100000,0.100000,0.100000,1.000000,0.100000,0.075874,0.000000,0.000000
2,5,11,200,100,0.450000,0.500000,0.000000,1.280000,0.000000,0.000000,0.100000,0.100000,0.100000,1.000000,0.100000,0.047017,0.000000,1.000000
2,19,11,200,100,0.450000,0.500000,0.000000,1.280000,0.000000,0.000000,0.100000,0.100000,0.100000,1.000000,0.100000,0.066070,0.000000,2.000000
2,12,11,200,100,0.450000,0.500000,0.000000,1.280000,0.000000,0.000000,0.100000,0.100000,0.100000,1.000000,0.100000,0.056875,0.000000,0.000000
2,13,11,200,100,0.450000,0.500000,0.000000,1.280000,0.000000,0.000000,0.100000,0.100000,0.100000,1.000000,0.100000,0.070589,0.000000,0.000000
2,15,11,200,100,0.450000,0.500000,0.000000,1.280000,0.000000,0.000000,0.100000,0.100000,0.100000,1.000000,0.100000,0.067961,0.000000,0.000000
2,14,11,200,100,0.450000,0.500000,0.000000,1.280000,0.000000,0.000000,0.100000,0.100000,0.100000,1.000000,0.100000,0.064533,0.000000,0.000000
2,16,11,200,100,0.450000,0.500000,0.000000,1.280000,0.000000,0.000000,0.100000,0.100000,0.100000,1.000000,0.100000,0.066483,0.000000,0.000000
2,18,11,200,100,0.450000,0.500000,0.000000,1.280000,0.000000,0.000000,0.100000,0.100000,0.100000,1.000000,0.100000,0.068949,0.000000,0.000000
2,17,11,200,100,0.450000,0.500000,0.000000,1.280000,0.000000,0.000000,0.100000,0.100000,0.100000,1.000000,0.100000,0.091880,0.000000,0.000000
2,2,12,200,100,0.450000,0.500000,0.000000,1.280000,0.000000,0.000000,0.100000,0.100000,0.100000,1.000000,0.100000,0.069057,0.000000,0.000000
2,1,12,200,100,0.450000,0.500000,0.000000,1.280000,0.000000,0.000000,0.100000,0.100000,0.100000,1.000000,0.100000,0.063123,0.000000,0.000000
2,0,12,200,100,0.450000,0.500000,0.000000,1.280000,0.000000,0.000000,0.100000,0.100000,0.100000,1.000000,0.100000,0.063155,0.000000,1.000000
2,4,12,200,100,0.450000,0.500000,0.000000,1.280000,0.000000,0.000000,0.100000,0.100000,0.100000,1.000000,0.100000,0.086449,0.000000,0.000000
2,5,12,200,100,0.450000,0.500000,0.000000,1.280000,0.000000,0.000000,0.100000,0.100000,0.100000,1.000000,0.100000,0.047017,0.000000,1.000000
2,6,12,200,100,0.450000,0.500000,0.000000,1.280000,0.000000,0.000000,0.100000,0.100000,0.100000,1.000000,0.100000,0.075874,0.000000,0.000000
2,7,12,200,100,0.450000,0.500000,0.000000,1.280000,0.000000,0.000000,0.100000,0.100000,0.100000,1.000000,0.100000,0.063474,0.000000,2.000000
2,3,12,200,100,0.450000,0.500000,0.000000,1.280000,0.000000,0.000000,0.100000,0.100000,0.100000,1.000000,0.100000,0.079643,0.000000,0.000000
2,13,12,200,100,0.450000,0.500000,0.000000,1.280000,0.000000,0.000000,0.100000,0.100000,0.100000,1.000000,0.100000,0.070589,0.000000,0.000000
2,19,12,200,100,0.450000,0.500000,0.000000,1.280000,0.000000,0.000000,0.100000,0.100000,0.100000,1.000000,0.100000,0.066070,0.000000,2.000000
2,18,12,200,100,0.450000,0.500000,0.000000,1.280000,0.000000,0.000000,0.100000,0.100000,0.100000,1.000000,0.100000,0.068949,0.000000,0.000000
2,2,13,200,100,0.460000,0.500000,0.000000,1.280000,0.000000,0.000000,0.100000,0.100000,0.100000,1.000000,0.100000,0.064038,0.000000,0.000000
2,8,12,200,100,0.450000,0.500000,0.000000,1.280000,0.000000,0.000000,0.100000,0.100000,0.100000,1.000000,0.100000,0.079931,0.000000,0.000000
2,1,13,200,100,0.460000,0.500000,0.000000,1.280000,0.000000,0.000000,0.100000,0.100000,0.100000,1.000000,0.100000,0.054938,0.000000,0.000000
2,0,13,200,100,0.460000,0.500000,0.000000,1.280000,0.000000,0.000000,0.100000,0.100000,0.100000,1.000000,0.100000,0.063988,0.000000,1.000000
2,4,13,200,100,0.460000,0.500000,0.000000,1.280000,0.000000,0.000000,0.100000,0.100000,0.100000,1.000000,0.100000,0.062496,0.000000,0.000000
2,9,12,200,100,0.450000,0.500000,0.000000,1.280000,0.000000,0.000000,0.100000,0.100000,0.100000,1.000000,0.100000,0.074627,0.000000,0.000000
2,13,13,200,100,0.460000,0.500000,0.000000,1.280000,0.000000,0.000000,0.100000,0.100000,0.100000,1.000000,0.100000,0.068693,0.000000,0.000000
2,11,12,200,100,0.450000,0.500000,0.000000,1.280000,0.000000,0.000000,0.100000,0.100000,0.100000,1.000000,0.100000,0.059800,0.000000,0.000000
2,12,12,200,100,0.450000,0.500000,0.000000,1.280000,0.000000,0.000000,0.100000,0.100000,0.100000,1.000000,0.100000,0.056875,0.000000,0.000000
2,14,12,200,100,0.450000,0.500000,0.000000,1.280000,0.000000,0.000000,0.100000,0.100000,0.100000,1.000000,0.100000,0.064533,0.000000,0.000000
2,10,12,200,100,0.450000,0.500000,0.000000,1.280000,0.000000,0.000000,0.100000,0.100000,0.100000,1.000000,0.100000,0.055696,0.000000,1.000000
2,8,13,200,100,0.460000,0.500000,0.000000,1.280000,0.000000,0.000000,0.100000,0.100000,0.100000,1.000000,0.100000,0.079568,0.000000,0.000000
2,16,12,200,100,0.450000,0.500000,0.000000,1.280000,0.000000,0.000000,0.100000,0.100000,0.100000,1.000000,0.100000,0.066483,0.000000,0.000000
2,17,12,200,100,0.450000,0.500000,0.000000,1.280000,0.000000,0.000000,0.100000,0.100000,0.100000,1.000000,0.100000,0.091880,0.000000,0.000000
2,15,12,200,100,0.450000,0.500000,0.000000,1.280000,0.000000,0.000000,0.100000,0.100000,0.100000,1.000000,0.100000,0.067961,0.000000,0.000000
2,7,13,200,100,0.460000,0.500000,0.000000,1.280000,0.000000,0.000000,0.100000,0.100000,0.100000,1.000000,0.100000,0.066753,0.000000,2.000000
2,3,13,200,100,0.460000,0.500000,0.000000,1.280000,0.000000,0.000000,0.100000,0.100000,0.100000,1.000000,0.100000,0.084475,0.000000,0.000000
2,5,13,200,100,0.460000,0.500000,0.000000,1.280000,0.000000,0.000000,0.100000,0.100000,0.100000,1.000000,0.100000,0.044306,0.000000,1.000000
2,16,13,200,100,0.460000,0.500000,0.000000,1.280000,0.000000,0.000000,0.100000,0.100000,0.100000,1.000000,0.100000,0.063834,0.000000,0.000000
2,6,13,200,100,0.460000,0.500000,0.000000,1.280000,0.000000,0.000000,0.100000,0.100000,0.100000,1.000000,0.100000,0.073139,0.000000,0.000000
2,9,13,200,100,0.460000,0.500000,0.000000,1.280000,0.000000,0.000000,0.100000,0.100000,0.100000,1.000000,0.100000,0.075631,0.000000,0.000000
2,11,13,200,100,0.460000,0.500000,0.000000,1.280000,0.000000,0.000000,0.100000,0.100000,0.100000,1.000000,0.100000,0.057571,0.000000,0.000000
2,12,13,200,100,0.460000,0.500000,0.000000,1.280000,0.000000,0.000000,0.100000,0.100000,0.100000,1.000000,0.100000,0.054075,0.000000,0.000000
2,3,14,200,100,0.440000,0.480000,0.000000,1.300000,0.000000,0.000000,0.100000,0.100000,0.100000,1.000000,0.100000,0.063916,0.000000,0.000000
2,10,13,200,100,0.460000,0.500000,0.000000,1.280000,0.000000,0.000000,0.100000,0.100000,0.100000,1.000000,0.100000,0.051613,0.000000,1.000000
2,4,14,200,100,0.440000,0.480000,0.000000,1.300000,0.000000,0.000000,0.100000,0.100000,0.100000,1.000000,0.100000,0.071519,0.000000,0.000000
2,17,13,200,100,0.460000,0.500000,0.000000,1.280000,0.000000,0.000000,0.100000,0.100000,0.100000,1.000000,0.100000,0.086256,0.000000,1.000000
2,19,13,200,100,0.460000,0.500000,0.000000,1.280000,0.000000,0.000000,0.100000,0.100000,0.100000,1.000000,0.100000,0.067232,0.000000,2.000000
2,18,13,200,100,0.460000,0.500000,0.000000,1.280000,0.000000,0.000000,0.100000,0.100000,0.100000,1.000000,0.100000,0.067058,0.000000,0.000000
2,14,13,200,100,0.460000,0.500000,0.000000,1.280000,0.000000,0.000000,0.100000,0.100000,0.100000,1.000000,0.100000,0.061808,0.000000,0.000000
2,2,14,200,100,0.440000,0.480000,0.000000,1.300000,0.000000,0.000000,0.100000,0.100000,0.100000,1.000000,0.100000,0.063406,0.000000,0.000000
2,0,14,200,100,0.440000,0.480000,0.000000,1.300000,0.000000,0.000000,0.100000,0.100000,0.100000,1.000000,0.100000,0.081416,0.000000,0.000000
2,9,14,200,100,0.440000,0.480000,0.000000,1.300000,0.000000,0.000000,0.100000,0.100000,0.100000,1.000000,0.100000,0.084363,0.000000,0.000000
2,1,14,200,100,0.440000,0.480000,0.000000,1.300000,0.000000,0.000000,0.100000,0.100000,0.100000,1.000000,0.100000,0.061879,0.000000,0.000000
2,15,13,200,100,0.460000,0.500000,0.000000,1.280000,0.000000,0.000000,0.100000,0.100000,0.100000,1.000000,0.100000,0.073146,0.000000,0.000000
2,10,14,200,100,0.440000,0.480000,0.000000,1.300000,0.000000,0.000000,0.100000,0.100000,0.100000,1.000000,0.100000,0.067542,0.000000,0.000000
2,7,14,200,100,0.440000,0.480000,0.000000,1.300000,0.000000,0.000000,0.100000,0.100000,0.100000,1.000000,0.100000,0.072548,0.000000,1.000000
2,6,14,200,100,0.440000,0.480000,0.000000,1.300000,0.000000,0.000000,0.100000,0.100000,0.100000,1.000000,0.100000,0.089706,0.000000,0.000000
2,5,14,200,100,0.440000,0.480000,0.000000,1.300000,0.000000,0.000000,0.100000,0.100000,0.100000,1.000000,0.100000,0.048930,0.000000,0.000000
2,14,14,200,100,0.440000,0.480000,0.000000,1.300000,0.000000,0.000000,0.100000,0.100000,0.100000,1.000000,0.100000,0.062714,0.000000,0.000000
2,13,14,200,100,0.440000,0.480000,0.000000,1.300000,0.000000,0.000000,0.100000,0.100000,0.100000,1.000000,0.100000,0.070620,0.000000,0.000000
2,8,14,200,100,0.440000,0.480000,0.000000,1.300000,0.000000,0.000000,0.100000,0.100000,0.100000,1.000000,0.100000,0.088165,0.000000,0.000000
2,15,14,200,100,0.440000,0.480000,0.000000,1.300000,0.000000,0.000000,0.100000,0.100000,0.100000,1.000000,0.100000,0.069333,0.000000,0.000000
2,18,14,200,100,0.440000,0.480000,0.000000,1.300000,0.000000,0.000000,0.100000,0.100000,0.100000,1.000000,0.100000,0.074375,0.000000,0.000000
2,12,14,200,100,0.440000,0.480000,0.000000,1.300000,0.000000,0.000000,0.100000,0.100000,0.100000,1.000000,0.100000,0.068996,0.000000,0.000000
2,17,14,200,100,0.440000,0.480000,0.000000,1.300000,0.000000,0.000000,0.100000,0.100000,0.100000,1.000000,0.100000,0.070498,0.000000,0.000000
2,11,14,200,100,0.440000,0.480000,0.000000,1.300000,0.000000,0.000000,0.100000,0.100000,0.100000,1.000000,0.100000,0.064038,0.000000,0.000000
2,1,15,200,100,0.440000,0.500000,0.000000,1.280000,0.000000,0.000000,0.100000,0.100000,0.100000,1.000000,0.100000,0.063737,0.000000,1.000000
2,16,14,200,100,0.440000,0.480000,0.000000,1.300000,0.000000,0.000000,0.100000,0.100000,0.100000,1.000000,0.100000,0.069264,0.000000,0.000000
2,4,15,200,100,0.440000,0.500000,0.000000,1.280000,0.000000,0.000000,0.100000,0.100000,0.100000,1.000000,0.100000,0.079469,0.000000,0.000000
2,7,15,200,100,0.440000,0.500000,0.000000,1.280000,0.000000,0.000000,0.100000,0.100000,0.100000,1.000000,0.100000,0.069254,0.000000,1.000000
2,6,15,200,100,0.440000,0.500000,0.000000,1.280000,0.000000,0.000000,0.100000,0.100000,0.100000,1.000000,0.100000,0.075306,0.000000,0.000000
2,19,14,200,100,0.440000,0.480000,0.000000,1.300000,0.000000,0.000000,0.100000,0.100000,0.100000,1.000000,0.100000,0.077340,0.000000,1.000000
2,8,15,200,100,0.440000,0.500000,0.000000,1.280000,0.000000,0.000000,0.100000,0.100000,0.100000,1.000000,0.100000,0.081274,0.000000,0.000000
2,0,15,200,100,0.440000,0.500000,0.000000,1.280000,0.000000,0.000000,0.100000,0.100000,0.100000,1.000000,0.100000,0.067579,0.000000,0.000000
2,9,15,200,100,0.440000,0.500000,0.000000,1.280000,0.000000,0.000000,0.100000,0.100000,0.100000,1.000000,0.100000,0.076945,0.000000,0.000000
2,10,15,200,100,0.440000,0.500000,0.000000,1.280000,0.000000,0.000000,0.100000,0.100000,0.100000,1.000000,0.100000,0.057231,0.000000,0.000000
2,2,15,200,100,0.440000,0.500000,0.000000,1.280000,0.000000,0.000000,0.100000,0.100000,0.100000,1.000000,0.100000,0.063418,0.000000,0.000000
2,16,15,200,100,0.440000,0.500000,0.000000,1.280000,0.000000,0.000000,0.100000,0.100000,0.100000,1.000000,0.100000,0.065130,0.000000,0.000000
2,12,15,200,100,0.440000,0.500000,0.000000,1.280000,0.000000,0.000000,0.100000,0.100000,0.100000,1.000000,0.100000,0.062068,0.000000,0.000000
2,13,15,200,100,0.440000,0.500000,0.000000,1.280000,0.000000,0.000000,0.100000,0.100000,0.100000,1.000000,0.100000,0.091470,0.000000,0.000000
2,3,15,200,100,0.440000,0.500000,0.000000,1.280000,0.000000,0.000000,0.100000,0.100000,0.100000,1.000000,0.100000,0.071271,0.000000,0.000000
2,17,15,200,100,0.440000,0.500000,0.000000,1.280000,0.000000,0.000000,0.100000,0.100000,0.100000,1.000000,0.100000,0.069414,0.000000,0.000000
2,5,15,200,100,0.440000,0.500000,0.000000,1.280000,0.000000,0.000000,0.100000,0.100000,0.100000,1.000000,0.100000,0.045145,0.000000,1.000000
2,1,16,200,100,0.440000,0.500000,0.000000,1.280000,0.000000,0.000000,0.100000,0.100000,0.100000,1.000000,0.100000,0.063737,0.000000,1.000000
2,11,15,200,100,0.440000,0.500000,0.000000,1.280000,0.000000,0.000000,0.100000,0.100000,0.100000,1.000000,0.100000,0.058714,0.000000,0.000000
2,14,15,200,100,0.440000,0.500000,0.000000,1.280000,0.000000,0.000000,0.100000,0.100000,0.100000,1.000000,0.100000,0.061483,0.000000,0.000000
2,18,15,200,100,0.440000,0.500000,0.000000,1.280000,0.000000,0.000000,0.100000,0.100000,0.100000,1.000000,0.100000,0.071129,0.000000,0.000000
2,5,16,200,100,0.440000,0.500000,0.000000,1.280000,0.000000,0.000000,0.100000,0.100000,0.100000,1.000000,0.100000,0.045145,0.000000,1.000000
2,15,15,200,100,0.440000,0.500000,0.000000,1.280000,0.000000,0.000000,0.100000,0.100000,0.100000,1.000000,0.100000,0.068157,0.000000,0.000000
2,19,15,200,100,0.440000,0.500000,0.000000,1.280000,0.000000,0.000000,0.100000,0.100000,0.100000,1.000000,0.100000,0.063194,0.000000,3.000000
2,0,16,200,100,0.440000,0.500000,0.000000,1.280000,0.000000,0.000000,0.100000,0.100000,0.100000,1.000000,0.100000,0.067579,0.000000,0.000000
2,12,16,200,100,0.440000,0.500000,0.000000,1.280000,0.000000,0.000000,0.100000,0.100000,0.100000,1.000000,0.100000,0.062068,0.000000,0.000000
2,11,16,200,100,0.440000,0.500000,0.000000,1.280000,0.000000,0.000000,0.100000,0.100000,0.100000,1.000000,0.100000,0.058714,0.000000,0.000000
2,2,16,200,100,0.440000,0.500000,0.000000,1.280000,0.000000,0.000000,0.100000,0.100000,0.100000,1.000000,0.100000,0.063418,0.000000,0.000000
2,4,16,200,100,0.440000,0.500000,0.000000,1.280000,0.000000,0.000000,0.100000,0.100000,0.100000,1.000000,0.100000,0.079469,0.000000,0.000000
2,3,16,200,100,0.440000,0.500000,0.000000,1.280000,0.000000,0.000000,0.100000,0.100000,0.100000,1.000000,0.100000,0.071271,0.000000,0.000000
2,6,16,200,100,0.440000,0.500000,0.000000,1.280000,0.000000,0.000000,0.100000,0.100000,0.100000,1.000000,0.100000,0.075306,0.000000,0.000000
2,8,16,200,100,0.440000,0.500000,0.000000,1.280000,0.000000,0.000000,0.100000,0.100000,0.100000,1.000000,0.100000,0.081274,0.000000,0.000000
2,10,16,200,100,0.440000,0.500000,0.000000,1.280000,0.000000,0.000000,0.100000,0.100000,0.100000,1.000000,0.100000,0.057231,0.000000,0.000000
2,9,16,200,100,0.440000,0.500000,0.000000,1.280000,0.000000,0.000000,0.100000,0.100000,0.100000,1.000000,0.100000,0.076945,0.000000,0.000000
2,7,16,200,100,0.440000,0.500000,0.000000,1.280000,0.000000,0.000000,0.100000,0.100000,0.100000,1.000000,0.100000,0.069254,0.000000,1.000000
2,13,16,200,100,0.440000,0.500000,0.000000,1.280000,0.000000,0.000000,0.100000,0.100000,0.100000,1.000000,0.100000,0.091470,0.000000,0.000000
2,15,16,200,100,0.440000,0.500000,0.000000,1.280000,0.000000,0.000000,0.100000,0.100000,0.100000,1.000000,0.100000,0.068157,0.000000,0.000000
2,14,16,200,100,0.440000,0.500000,0.000000,1.280000,0.000000,0.000000,0.100000,0.100000,0.100000,1.000000,0.100000,0.061483,0.000000,0.000000
2,16,16,200,100,0.440000,0.500000,0.000000,1.280000,0.000000,0.000000,0.100000,0.100000,0.100000,1.000000,0.100000,0.065130,0.000000,0.000000
2,18,16,200,100,0.440000,0.500000,0.000000,1.280000,0.000000,0.000000,0.100000,0.100000,0.100000,1.000000,0.100000,0.071129,0.000000,0.000000
2,0,17,200,100,0.460000,0.500000,0.000000,1.300000,0.000000,0.000000,0.100000,0.100000,0.100000,1.000000,0.100000,0.068985,0.000000,0.000000
2,17,16,200,100,0.440000,0.500000,0.000000,1.280000,0.000000,0.000000,0.100000,0.100000,0.100000,1.000000,0.100000,0.069414,0.000000,0.000000
2,19,16,200,100,0.440000,0.500000,0.000000,1.280000,0.000000,0.000000,0.100000,0.100000,0.100000,1.000000,0.100000,0.063194,0.000000,3.000000
2,1,17,200,100,0.460000,0.500000,0.000000,1.300000,0.000000,0.000000,0.100000,0.100000,0.100000,1.000000,0.100000,0.059726,0.000000,0.000000
2,8,17,200,100,0.460000,0.500000,0.000000,1.300000,0.000000,0.000000,0.100000,0.100000,0.100000,1.000000,0.100000,0.081434,0.000000,0.000000
2,9,17,200,100,0.460000,0.500000,0.000000,1.300000,0.000000,0.000000,0.100000,0.100000,0.100000,1.000000,0.100000,0.074117,0.000000,0.000000
2,2,17,200,100,0.460000,0.500000,0.000000,1.300000,0.000000,0.000000,0.100000,0.100000,0.100000,1.000000,0.100000,0.066702,0.000000,0.000000
2,11,17,200,100,0.460000,0.500000,0.000000,1.300000,0.000000,0.000000,0.100000,0.100000,0.100000,1.000000,0.100000,0.067441,0.000000,0.000000
2,17,17,200,100,0.460000,0.500000,0.000000,1.300000,0.000000,0.000000,0.100000,0.100000,0.100000,1.000000,0.100000,0.069175,0.000000,0.000000
2,15,17,200,100,0.460000,0.500000,0.000000,1.300000,0.000000,0.000000,0.100000,0.100000,0.100000,1.000000,0.100000,0.072805,0.000000,0.000000
2,13,17,200,100,0.460000,0.500000,0.000000,1.300000,0.000000,0.000000,0.100000,0.100000,0.100000,1.000000,0.100000,0.074892,0.000000,0.000000
2,3,17,200,100,0.460000,0.500000,0.000000,1.300000,0.000000,0.000000,0.100000,0.100000,0.100000,1.000000,0.100000,0.074880,0.000000,0.000000
2,16,17,200,100,0.460000,0.500000,0.000000,1.300000,0.000000,0.000000,0.100000,0.100000,0.100000,1.000000,0.100000,0.059305,0.000000,0.000000
2,19,17,200,100,0.460000,0.500000,0.000000,1.300000,0.000000,0.000000,0.100000,0.100000,0.100000,1.000000,0.100000,0.068935,0.000000,1.000000
2,0,18,200,100,0.450000,0.500000,0.000000,1.330000,0.000000,0.000000,0.100000,0.100000,0.100000,1.000000,0.100000,0.079782,0.000000,0.000000
2,4,17,200,100,0.460000,0.500000,0.000000,1.300000,0.000000,0.000000,0.100000,0.100000,0.100000,1.000000,0.100000,0.080063,0.000000,0.000000
2,5,17,200,100,0.460000,0.500000,0.000000,1.300000,0.000000,0.000000,0.100000,0.100000,0.100000,1.000000,0.100000,0.050059,0.000000,1.000000
2,6,17,200,100,0.460000,0.500000,0.000000,1.300000,0.000000,0.000000,0.100000,0.100000,0.100000,1.000000,0.100000,0.072670,0.000000,0.000000
2,3,18,200,100,0.450000,0.500000,0.000000,1.330000,0.000000,0.000000,0.100000,0.100000,0.100000,1.000000,0.100000,0.070076,0.000000,0.000000
2,10,17,200,100,0.460000,0.500000,0.000000,1.300000,0.000000,0.000000,0.100000,0.100000,0.100000,1.000000,0.100000,0.061428,0.000000,1.000000
2,7,17,200,100,0.460000,0.500000,0.000000,1.300000,0.000000,0.000000,0.100000,0.100000,0.100000,1.000000,0.100000,0.061861,0.000000,0.000000
2,14,17,200,100,0.460000,0.500000,0.000000,1.300000,0.000000,0.000000,0.100000,0.100000,0.100000,1.000000,0.100000,0.064478,0.000000,0.000000
2,12,17,200,100,0.460000,0.500000,0.000000,1.300000,0.000000,0.000000,0.100000,0.100000,0.100000,1.000000,0.100000,0.057719,0.000000,0.000000
2,4,18,200,100,0.450000,0.500000,0.000000,1.330000,0.000000,0.000000,0.100000,0.100000,0.100000,1.000000,0.100000,0.069856,0.000000,0.000000
2,8,18,200,100,0.450000,0.500000,0.000000,1.330000,0.000000,0.000000,0.100000,0.100000,0.100000,1.000000,0.100000,0.090137,0.000000,0.000000
2,18,17,200,100,0.460000,0.500000,0.000000,1.300000,0.000000,0.000000,0.100000,0.100000,0.100000,1.000000,0.100000,0.069890,0.000000,0.000000
2,1,18,200,100,0.450000,0.500000,0.000000,1.330000,0.000000,0.000000,0.100000,0.100000,0.100000,1.000000,0.100000,0.064114,0.000000,0.000000
2,2,18,200,100,0.450000,0.500000,0.000000,1.330000,0.000000,0.000000,0.100000,0.100000,0.100000,1.000000,0.100000,0.068784,0.000000,0.000000
2,9,18,200,100,0.450000,0.500000,0.000000,1.330000,0.000000,0.000000,0.100000,0.100000,0.100000,1.000000,0.100000,0.082962,0.000000,0.000000
2,10,18,200,100,0.450000,0.500000,0.000000,1.330000,0.000000,0.000000,0.100000,0.100000,0.100000,1.000000,0.100000,0.062185,0.000000,0.000000
2,7,18,200,100,0.450000,0.500000,0.000000,1.330000,0.000000,0.000000,0.100000,0.100000,0.100000,1.000000,0.100000,0.075521,0.000000,0.000000
2,6,18,200,100,0.450000,0.500000,0.000000,1.330000,0.000000,0.000000,0.100000,0.100000,0.100000,1.000000,0.100000,0.085776,0.000000,0.000000
2,16,18,200,100,0.450000,0.500000,0.000000,1.330000,0.000000,0.000000,0.100000,0.100000,0.100000,1.000000,0.100000,0.077928,0.000000,0.000000
2,5,18,200,100,0.450000,0.500000,0.000000,1.330000,0.000000,0.000000,0.100000,0.100000,0.100000,1.000000,0.100000,0.047466,0.000000,0.000000
2,11,18,200,100,0.450000,0.500000,0.000000,1.330000,0.000000,0.000000,0.100000,0.100000,0.100000,1.000000,0.100000,0.062543,0.000000,0.000000
2,18,18,200,100,0.450000,0.500000,0.000000,1.330000,0.000000,0.000000,0.100000,0.100000,0.100000,1.000000,0.100000,0.072013,0.000000,0.000000
2,12,18,200,100,0.450000,0.500000,0.000000,1.330000,0.000000,0.000000,0.100000,0.100000,0.100000,1.000000,0.100000,0.066387,0.000000,0.000000
2,1,19,200,100,0.390000,0.470000,0.000000,1.300000,0.000000,0.000000,0.100000,0.100000,0.100000,1.000000,0.100000,0.058740,0.000000,0.000000
2,0,19,200,100,0.390000,0.470000,0.000000,1.300000,0.000000,0.000000,0.100000,0.100000,0.100000,1.000000,0.100000,0.064915,0.000000,0.000000
2,13,18,200,100,0.450000,0.500000,0.000000,1.330000,0.000000,0.000000,0.100000,0.100000,0.100000,1.000000,0.100000,0.074858,0.000000,0.000000
2,3,19,200,100,0.390000,0.470000,0.000000,1.300000,0.000000,0.000000,0.100000,0.100000,0.100000,1.000000,0.100000,0.061968,0.000000,0.000000
2,15,18,200,100,0.450000,0.500000,0.000000,1.330000,0.000000,0.000000,0.100000,0.100000,0.100000,1.000000,0.100000,0.065487,0.000000,0.000000
2,4,19,200,100,0.390000,0.470000,0.000000,1.300000,0.000000,0.000000,0.100000,0.100000,0.100000,1.000000,0.100000,0.072181,0.000000,0.000000
2,17,18,200,100,0.450000,0.500000,0.000000,1.330000,0.000000,0.000000,0.100000,0.100000,0.100000,1.000000,0.100000,0.061332,0.000000,0.000000
2,19,18,200,100,0.450000,0.500000,0.000000,1.330000,0.000000,0.000000,0.100000,0.100000,0.100000,1.000000,0.100000,0.070711,0.000000,1.000000
2,14,18,200,100,0.450000,0.500000,0.000000,1.330000,0.000000,0.000000,0.100000,0.100000,0.100000,1.000000,0.100000,0.066016,0.000000,0.000000
2,11,19,200,100,0.390000,0.470000,0.000000,1.300000,0.000000,0.000000,0.100000,0.100000,0.100000,1.000000,0.100000,0.065450,0.000000,0.000000
2,7,19,200,100,0.390000,0.470000,0.000000,1.300000,0.000000,0.000000,0.100000,0.100000,0.100000,1.000000,0.100000,0.087037,0.000000,1.000000
2,14,19,200,100,0.390000,0.470000,0.000000,1.300000,0.000000,0.000000,0.100000,0.100000,0.100000,1.000000,0.100000,0.070137,0.000000,0.000000
2,2,19,200,100,0.390000,0.470000,0.000000,1.300000,0.000000,0.000000,0.100000,0.100000,0.100000,1.000000,0.100000,0.060324,0.000000,0.000000
2,8,19,200,100,0.390000,0.470000,0.000000,1.300000,0.000000,0.000000,0.100000,0.100000,0.100000,1.000000,0.100000,0.089841,0.000000,0.000000
2,6,19,200,100,0.390000,0.470000,0.000000,1.300000,0.000000,0.000000,0.100000,0.100000,0.100000,1.000000,0.100000,0.099734,0.000000,0.000000
2,9,19,200,100,0.390000,0.470000,0.000000,1.300000,0.000000,0.000000,0.100000,0.100000,0.100000,1.000000,0.100000,0.088093,0.000000,0.000000
2,19,19,200,100,0.390000,0.470000,0.000000,1.300000,0.000000,0.000000,0.100000,0.100000,0.100000,1.000000,0.100000,0.085269,0.000000,1.000000
2,16,19,200,100,0.390000,0.470000,0.000000,1.300000,0.000000,0.000000,0.100000,0.100000,0.100000,1.000000,0.100000,0.067715,0.000000,0.000000
2,13,19,200,100,0.390000,0.470000,0.000000,1.300000,0.000000,0.000000,0.100000,0.100000,0.100000,1.000000,0.100000,0.076813,0.000000,0.000000
2,17,19,200,100,0.390000,0.470000,0.000000,1.300000,0.000000,0.000000,0.100000,0.100000,0.100000,1.000000,0.100000,0.087602,0.000000,0.000000
2,10,19,200,100,0.390000,0.470000,0.000000,1.300000,0.000000,0.000000,0.100000,0.100000,0.100000,1.000000,0.100000,0.071255,0.000000,0.000000
2,18,19,200,100,0.390000,0.470000,0.000000,1.300000,0.000000,0.000000,0.100000,0.100000,0.100000,1.000000,0.100000,0.071308,0.000000,0.000000
2,5,19,200,100,0.390000,0.470000,0.000000,1.300000,0.000000,0.000000,0.100000,0.100000,0.100000,1.000000,0.100000,0.061337,0.000000,1.000000
2,12,19,200,100,0.390000,0.470000,0.000000,1.300000,0.000000,0.000000,0.100000,0.100000,0.100000,1.000000,0.100000,0.066645,0.000000,0.000000
2,15,19,200,100,0.390000,0.470000,0.000000,1.300000,0.000000,0.000000,0.100000,0.100000,0.100000,1.000000,0.100000,0.071111,0.000000,0.000000
