2,2,0,100,0.8,0.8,0.8,0.7,2.0,0.1,0.1,0.1,0.1,0.011627,0.0
2,7,0,100,0.8,0.8,0.8,0.7,2.0,0.1,0.1,0.1,0.1,0.009559,0.0
2,2,2,100,1.41,0.15,0.8,1.56,0.49,0.1,0.1,0.1,0.1,0.568001,0.0
2,5,1,100,0.39,0.42,0.8,1.9,1.92,0.1,0.1,0.1,0.1,0.251233,0.0
2,8,1,100,0.39,0.42,0.8,1.9,1.92,0.1,0.1,0.1,0.1,0.254399,0.0
2,5,0,100,0.8,0.8,0.8,0.7,2.0,0.1,0.1,0.1,0.1,0.020350999999999998,0.0
2,0,2,100,1.41,0.15,0.8,1.56,0.49,0.1,0.1,0.1,0.1,0.578626,0.0
2,9,0,100,0.8,0.8,0.8,0.7,2.0,0.1,0.1,0.1,0.1,0.0682,0.0
2,2,1,100,0.39,0.42,0.8,1.9,1.92,0.1,0.1,0.1,0.1,0.252986,0.0
2,1,0,100,0.8,0.8,0.8,0.7,2.0,0.1,0.1,0.1,0.1,0.014643999999999999,0.0
2,9,1,100,0.39,0.42,0.8,1.9,1.92,0.1,0.1,0.1,0.1,0.248377,0.0
2,3,1,100,0.39,0.42,0.8,1.9,1.92,0.1,0.1,0.1,0.1,0.25319400000000003,0.0
2,4,1,100,0.39,0.42,0.8,1.9,1.92,0.1,0.1,0.1,0.1,0.255394,0.0
2,6,1,100,0.39,0.42,0.8,1.9,1.92,0.1,0.1,0.1,0.1,0.254571,0.0
2,8,0,100,0.8,0.8,0.8,0.7,2.0,0.1,0.1,0.1,0.1,0.013981,0.0
2,7,1,100,0.39,0.42,0.8,1.9,1.92,0.1,0.1,0.1,0.1,0.250118,0.0
2,0,1,100,0.39,0.42,0.8,1.9,1.92,0.1,0.1,0.1,0.1,0.254243,0.0
2,3,0,100,0.8,0.8,0.8,0.7,2.0,0.1,0.1,0.1,0.1,0.011354000000000001,0.0
2,1,1,100,0.39,0.42,0.8,1.9,1.92,0.1,0.1,0.1,0.1,0.254483,0.0
2,6,0,100,0.8,0.8,0.8,0.7,2.0,0.1,0.1,0.1,0.1,0.020392,0.0
2,1,2,100,1.41,0.15,0.8,1.56,0.49,0.1,0.1,0.1,0.1,0.57063,0.0
2,4,0,100,0.8,0.8,0.8,0.7,2.0,0.1,0.1,0.1,0.1,0.036799,0.0
2,3,2,100,1.41,0.15,0.8,1.56,0.49,0.1,0.1,0.1,0.1,0.5668270000000001,0.0
2,0,0,100,0.8,0.8,0.8,0.7,2.0,0.1,0.1,0.1,0.1,0.014085,0.0
2,4,2,100,1.41,0.15,0.8,1.56,0.49,0.1,0.1,0.1,0.1,0.57289,0.0
2,7,2,100,1.41,0.15,0.8,1.56,0.49,0.1,0.1,0.1,0.1,0.592313,0.0
2,8,2,100,1.41,0.15,0.8,1.56,0.49,0.1,0.1,0.1,0.1,0.565405,0.0
2,0,3,100,0.87,0.55,0.8,0.11,3.95,0.1,0.1,0.1,0.1,1.061821,0.0
2,9,2,100,1.41,0.15,0.8,1.56,0.49,0.1,0.1,0.1,0.1,0.5732470000000001,0.0
2,5,2,100,1.41,0.15,0.8,1.56,0.49,0.1,0.1,0.1,0.1,0.567281,0.0
2,6,2,100,1.41,0.15,0.8,1.56,0.49,0.1,0.1,0.1,0.1,0.57062,0.0
2,5,3,100,0.87,0.55,0.8,0.11,3.95,0.1,0.1,0.1,0.1,1.139624,0.0
2,6,3,100,0.87,0.55,0.8,0.11,3.95,0.1,0.1,0.1,0.1,1.133764,0.0
2,8,3,100,0.87,0.55,0.8,0.11,3.95,0.1,0.1,0.1,0.1,1.083177,0.0
2,7,3,100,0.87,0.55,0.8,0.11,3.95,0.1,0.1,0.1,0.1,1.068445,0.0
2,4,4,100,0.55,0.18,0.8,0.22,2.55,0.1,0.1,0.1,0.1,0.168216,0.0
2,5,4,100,0.55,0.18,0.8,0.22,2.55,0.1,0.1,0.1,0.1,0.13656400000000002,0.0
2,2,3,100,0.87,0.55,0.8,0.11,3.95,0.1,0.1,0.1,0.1,1.1250200000000001,0.0
2,4,3,100,0.87,0.55,0.8,0.11,3.95,0.1,0.1,0.1,0.1,1.115795,0.0
2,1,3,100,0.87,0.55,0.8,0.11,3.95,0.1,0.1,0.1,0.1,1.125047,0.0
2,3,3,100,0.87,0.55,0.8,0.11,3.95,0.1,0.1,0.1,0.1,1.132822,0.0
2,6,4,100,0.55,0.18,0.8,0.22,2.55,0.1,0.1,0.1,0.1,0.14131400000000002,0.0
2,9,3,100,0.87,0.55,0.8,0.11,3.95,0.1,0.1,0.1,0.1,1.102889,0.0
2,1,4,100,0.55,0.18,0.8,0.22,2.55,0.1,0.1,0.1,0.1,0.175594,0.0
2,0,4,100,0.55,0.18,0.8,0.22,2.55,0.1,0.1,0.1,0.1,0.15033,0.0
2,2,4,100,0.55,0.18,0.8,0.22,2.55,0.1,0.1,0.1,0.1,0.169497,0.0
2,3,4,100,0.55,0.18,0.8,0.22,2.55,0.1,0.1,0.1,0.1,0.169389,0.0
2,7,4,100,0.55,0.18,0.8,0.22,2.55,0.1,0.1,0.1,0.1,0.12178599999999999,0.0
2,9,4,100,0.55,0.18,0.8,0.22,2.55,0.1,0.1,0.1,0.1,0.122823,0.0
2,0,5,100,0.27,0.49,0.8,1.56,2.85,0.1,0.1,0.1,0.1,0.250512,0.0
2,1,5,100,0.27,0.49,0.8,1.56,2.85,0.1,0.1,0.1,0.1,0.251677,0.0
2,8,4,100,0.55,0.18,0.8,0.22,2.55,0.1,0.1,0.1,0.1,0.15628499999999998,0.0
2,6,5,100,0.27,0.49,0.8,1.56,2.85,0.1,0.1,0.1,0.1,0.251508,0.0
2,1,6,100,1.95,0.86,0.8,0.08,2.64,0.1,0.1,0.1,0.1,1.100495,0.0
2,4,5,100,0.27,0.49,0.8,1.56,2.85,0.1,0.1,0.1,0.1,0.253125,0.0
2,3,5,100,0.27,0.49,0.8,1.56,2.85,0.1,0.1,0.1,0.1,0.24979,0.0
2,2,5,100,0.27,0.49,0.8,1.56,2.85,0.1,0.1,0.1,0.1,0.251778,0.0
2,9,5,100,0.27,0.49,0.8,1.56,2.85,0.1,0.1,0.1,0.1,0.250958,0.0
2,5,5,100,0.27,0.49,0.8,1.56,2.85,0.1,0.1,0.1,0.1,0.249823,0.0
2,0,6,100,1.95,0.86,0.8,0.08,2.64,0.1,0.1,0.1,0.1,1.101509,0.0
2,0,7,100,1.85,0.83,0.8,1.25,1.03,0.1,0.1,0.1,0.1,0.034602999999999995,0.0
2,4,6,100,1.95,0.86,0.8,0.08,2.64,0.1,0.1,0.1,0.1,1.139714,0.0
2,6,6,100,1.95,0.86,0.8,0.08,2.64,0.1,0.1,0.1,0.1,1.1288280000000002,0.0
2,8,5,100,0.27,0.49,0.8,1.56,2.85,0.1,0.1,0.1,0.1,0.251969,0.0
2,5,6,100,1.95,0.86,0.8,0.08,2.64,0.1,0.1,0.1,0.1,1.1114979999999999,0.0
2,7,5,100,0.27,0.49,0.8,1.56,2.85,0.1,0.1,0.1,0.1,0.24943099999999999,0.0
2,8,6,100,1.95,0.86,0.8,0.08,2.64,0.1,0.1,0.1,0.1,1.156518,0.0
2,7,6,100,1.95,0.86,0.8,0.08,2.64,0.1,0.1,0.1,0.1,1.088006,0.0
2,9,6,100,1.95,0.86,0.8,0.08,2.64,0.1,0.1,0.1,0.1,1.110973,0.0
2,3,6,100,1.95,0.86,0.8,0.08,2.64,0.1,0.1,0.1,0.1,1.17405,0.0
2,2,6,100,1.95,0.86,0.8,0.08,2.64,0.1,0.1,0.1,0.1,1.082804,0.0
2,1,7,100,1.85,0.83,0.8,1.25,1.03,0.1,0.1,0.1,0.1,0.018864,0.0
2,6,7,100,1.85,0.83,0.8,1.25,1.03,0.1,0.1,0.1,0.1,0.037781999999999996,0.0
2,2,7,100,1.85,0.83,0.8,1.25,1.03,0.1,0.1,0.1,0.1,0.037892,0.0
2,7,7,100,1.85,0.83,0.8,1.25,1.03,0.1,0.1,0.1,0.1,0.037497,0.0
2,8,7,100,1.85,0.83,0.8,1.25,1.03,0.1,0.1,0.1,0.1,0.027571,0.0
2,2,8,100,2.0,0.64,0.8,0.36,3.9,0.1,0.1,0.1,0.1,0.696846,0.0
2,5,7,100,1.85,0.83,0.8,1.25,1.03,0.1,0.1,0.1,0.1,0.028183999999999997,0.0
2,3,7,100,1.85,0.83,0.8,1.25,1.03,0.1,0.1,0.1,0.1,0.019698,0.0
2,4,8,100,2.0,0.64,0.8,0.36,3.9,0.1,0.1,0.1,0.1,0.9261790000000001,0.0
2,3,8,100,2.0,0.64,0.8,0.36,3.9,0.1,0.1,0.1,0.1,0.335836,0.0
2,9,8,100,2.0,0.64,0.8,0.36,3.9,0.1,0.1,0.1,0.1,0.6989029999999999,0.0
2,4,7,100,1.85,0.83,0.8,1.25,1.03,0.1,0.1,0.1,0.1,0.03952,0.0
2,5,8,100,2.0,0.64,0.8,0.36,3.9,0.1,0.1,0.1,0.1,0.687921,0.0
2,1,8,100,2.0,0.64,0.8,0.36,3.9,0.1,0.1,0.1,0.1,0.8943270000000001,0.0
2,9,7,100,1.85,0.83,0.8,1.25,1.03,0.1,0.1,0.1,0.1,0.034743,0.0
2,0,8,100,2.0,0.64,0.8,0.36,3.9,0.1,0.1,0.1,0.1,0.396931,0.0
2,0,9,100,1.68,0.41,0.8,0.65,2.85,0.1,0.1,0.1,0.1,0.025029,0.0
2,6,8,100,2.0,0.64,0.8,0.36,3.9,0.1,0.1,0.1,0.1,0.427112,0.0
2,8,8,100,2.0,0.64,0.8,0.36,3.9,0.1,0.1,0.1,0.1,0.059546,0.0
2,7,8,100,2.0,0.64,0.8,0.36,3.9,0.1,0.1,0.1,0.1,0.273941,0.0
2,1,9,100,1.68,0.41,0.8,0.65,2.85,0.1,0.1,0.1,0.1,0.023278,0.0
2,3,9,100,1.68,0.41,0.8,0.65,2.85,0.1,0.1,0.1,0.1,0.016134,0.0
2,4,9,100,1.68,0.41,0.8,0.65,2.85,0.1,0.1,0.1,0.1,0.030411,0.0
2,5,9,100,1.68,0.41,0.8,0.65,2.85,0.1,0.1,0.1,0.1,0.023518999999999998,0.0
2,7,9,100,1.68,0.41,0.8,0.65,2.85,0.1,0.1,0.1,0.1,0.031254000000000004,0.0
2,2,9,100,1.68,0.41,0.8,0.65,2.85,0.1,0.1,0.1,0.1,0.031606,0.0
2,6,9,100,1.68,0.41,0.8,0.65,2.85,0.1,0.1,0.1,0.1,0.019465,0.0
2,8,9,100,1.68,0.41,0.8,0.65,2.85,0.1,0.1,0.1,0.1,0.021849,0.0
2,9,9,100,1.68,0.41,0.8,0.65,2.85,0.1,0.1,0.1,0.1,0.038424,0.0
2,0,0,100,0.6,0.61,0.8,1.3,1.96,0.1,0.1,0.1,0.1,0.162667,0.0
2,2,1,100,1.1,0.48,0.8,1.13,1.25,0.1,0.1,0.1,0.1,0.060501,0.0
2,8,1,100,1.1,0.48,0.8,1.13,1.25,0.1,0.1,0.1,0.1,0.055519000000000006,0.0
2,9,0,100,0.6,0.61,0.8,1.3,1.96,0.1,0.1,0.1,0.1,0.146083,0.0
2,1,0,100,0.6,0.61,0.8,1.3,1.96,0.1,0.1,0.1,0.1,0.159189,0.0
2,4,1,100,1.1,0.48,0.8,1.13,1.25,0.1,0.1,0.1,0.1,0.09879199999999999,0.0
2,0,2,100,0.84,0.68,0.8,0.4,2.98,0.1,0.1,0.1,0.1,0.846666,0.0
2,9,1,100,1.1,0.48,0.8,1.13,1.25,0.1,0.1,0.1,0.1,0.065737,0.0
2,7,0,100,0.6,0.61,0.8,1.3,1.96,0.1,0.1,0.1,0.1,0.119323,0.0
2,3,0,100,0.6,0.61,0.8,1.3,1.96,0.1,0.1,0.1,0.1,0.13548,0.0
2,3,1,100,1.1,0.48,0.8,1.13,1.25,0.1,0.1,0.1,0.1,0.046794,0.0
2,4,0,100,0.6,0.61,0.8,1.3,1.96,0.1,0.1,0.1,0.1,0.19104100000000002,0.0
2,0,1,100,1.1,0.48,0.8,1.13,1.25,0.1,0.1,0.1,0.1,0.063959,0.0
2,8,0,100,0.6,0.61,0.8,1.3,1.96,0.1,0.1,0.1,0.1,0.16961400000000001,0.0
2,7,1,100,1.1,0.48,0.8,1.13,1.25,0.1,0.1,0.1,0.1,0.06076,0.0
2,5,0,100,0.6,0.61,0.8,1.3,1.96,0.1,0.1,0.1,0.1,0.143604,0.0
2,6,1,100,1.1,0.48,0.8,1.13,1.25,0.1,0.1,0.1,0.1,0.069648,0.0
2,5,1,100,1.1,0.48,0.8,1.13,1.25,0.1,0.1,0.1,0.1,0.055683,0.0
2,1,2,100,0.84,0.68,0.8,0.4,2.98,0.1,0.1,0.1,0.1,1.044308,0.0
2,3,2,100,0.84,0.68,0.8,0.4,2.98,0.1,0.1,0.1,0.1,0.59124,0.0
2,1,1,100,1.1,0.48,0.8,1.13,1.25,0.1,0.1,0.1,0.1,0.058130999999999995,0.0
2,2,0,100,0.6,0.61,0.8,1.3,1.96,0.1,0.1,0.1,0.1,0.162922,0.0
2,2,2,100,0.84,0.68,0.8,0.4,2.98,0.1,0.1,0.1,0.1,0.449925,0.0
2,6,0,100,0.6,0.61,0.8,1.3,1.96,0.1,0.1,0.1,0.1,0.16412100000000002,0.0
2,5,2,100,0.84,0.68,0.8,0.4,2.98,0.1,0.1,0.1,0.1,0.704009,0.0
2,7,2,100,0.84,0.68,0.8,0.4,2.98,0.1,0.1,0.1,0.1,0.196153,0.0
2,6,2,100,0.84,0.68,0.8,0.4,2.98,0.1,0.1,0.1,0.1,0.302658,0.0
2,0,3,100,0.68,0.49,0.8,0.46,2.28,0.1,0.1,0.1,0.1,0.033891000000000004,0.0
2,8,3,100,0.68,0.49,0.8,0.46,2.28,0.1,0.1,0.1,0.1,0.038909,0.0
2,4,2,100,0.84,0.68,0.8,0.4,2.98,0.1,0.1,0.1,0.1,0.6403340000000001,0.0
2,2,3,100,0.68,0.49,0.8,0.46,2.28,0.1,0.1,0.1,0.1,0.044761,0.0
2,8,2,100,0.84,0.68,0.8,0.4,2.98,0.1,0.1,0.1,0.1,0.11321600000000001,0.0
2,5,3,100,0.68,0.49,0.8,0.46,2.28,0.1,0.1,0.1,0.1,0.039514,0.0
2,9,2,100,0.84,0.68,0.8,0.4,2.98,0.1,0.1,0.1,0.1,0.791985,0.0
2,0,4,100,0.54,0.64,0.8,1.13,2.42,0.1,0.1,0.1,0.1,0.142149,0.0
2,1,3,100,0.68,0.49,0.8,0.46,2.28,0.1,0.1,0.1,0.1,0.040507,0.0
2,6,3,100,0.68,0.49,0.8,0.46,2.28,0.1,0.1,0.1,0.1,0.037161,0.0
2,6,4,100,0.54,0.64,0.8,1.13,2.42,0.1,0.1,0.1,0.1,0.15118299999999998,0.0
2,4,3,100,0.68,0.49,0.8,0.46,2.28,0.1,0.1,0.1,0.1,0.07928099999999999,0.0
2,7,3,100,0.68,0.49,0.8,0.46,2.28,0.1,0.1,0.1,0.1,0.027226999999999998,0.0
2,3,4,100,0.54,0.64,0.8,1.13,2.42,0.1,0.1,0.1,0.1,0.142301,0.0
2,7,4,100,0.54,0.64,0.8,1.13,2.42,0.1,0.1,0.1,0.1,0.106734,0.0
2,2,4,100,0.54,0.64,0.8,1.13,2.42,0.1,0.1,0.1,0.1,0.15493800000000002,0.0
2,1,4,100,0.54,0.64,0.8,1.13,2.42,0.1,0.1,0.1,0.1,0.15328,0.0
2,9,3,100,0.68,0.49,0.8,0.46,2.28,0.1,0.1,0.1,0.1,0.028294,0.0
2,3,3,100,0.68,0.49,0.8,0.46,2.28,0.1,0.1,0.1,0.1,0.029718,0.0
2,5,4,100,0.54,0.64,0.8,1.13,2.42,0.1,0.1,0.1,0.1,0.13921,0.0
2,4,4,100,0.54,0.64,0.8,1.13,2.42,0.1,0.1,0.1,0.1,0.165461,0.0
2,6,5,100,1.42,1.0,0.8,0.0,2.12,0.1,0.1,0.1,0.1,1.143785,0.0
2,0,5,100,1.42,1.0,0.8,0.0,2.12,0.1,0.1,0.1,0.1,1.136166,0.0
2,3,5,100,1.42,1.0,0.8,0.0,2.12,0.1,0.1,0.1,0.1,1.134951,0.0
2,8,4,100,0.54,0.64,0.8,1.13,2.42,0.1,0.1,0.1,0.1,0.152305,0.0
2,9,4,100,0.54,0.64,0.8,1.13,2.42,0.1,0.1,0.1,0.1,0.13758199999999998,0.0
2,2,5,100,1.42,1.0,0.8,0.0,2.12,0.1,0.1,0.1,0.1,1.1333280000000001,0.0
2,8,5,100,1.42,1.0,0.8,0.0,2.12,0.1,0.1,0.1,0.1,1.157059,0.0
2,4,5,100,1.42,1.0,0.8,0.0,2.12,0.1,0.1,0.1,0.1,1.136719,0.0
2,1,5,100,1.42,1.0,0.8,0.0,2.12,0.1,0.1,0.1,0.1,1.162348,0.0
2,9,5,100,1.42,1.0,0.8,0.0,2.12,0.1,0.1,0.1,0.1,1.157135,0.0
2,8,6,100,0.0,1.0,0.8,0.0,4.27,0.1,0.1,0.1,0.1,1.105667,0.0
2,5,5,100,1.42,1.0,0.8,0.0,2.12,0.1,0.1,0.1,0.1,1.092737,0.0
2,7,5,100,1.42,1.0,0.8,0.0,2.12,0.1,0.1,0.1,0.1,1.10906,0.0
2,3,6,100,0.0,1.0,0.8,0.0,4.27,0.1,0.1,0.1,0.1,1.134951,0.0
2,0,6,100,0.0,1.0,0.8,0.0,4.27,0.1,0.1,0.1,0.1,1.13199,0.0
2,1,6,100,0.0,1.0,0.8,0.0,4.27,0.1,0.1,0.1,0.1,1.134951,0.0
2,2,6,100,0.0,1.0,0.8,0.0,4.27,0.1,0.1,0.1,0.1,1.188283,0.0
2,5,6,100,0.0,1.0,0.8,0.0,4.27,0.1,0.1,0.1,0.1,1.09107,0.0
2,4,6,100,0.0,1.0,0.8,0.0,4.27,0.1,0.1,0.1,0.1,1.133751,0.0
2,6,6,100,0.0,1.0,0.8,0.0,4.27,0.1,0.1,0.1,0.1,1.133764,0.0
2,9,6,100,0.0,1.0,0.8,0.0,4.27,0.1,0.1,0.1,0.1,1.134951,0.0
2,7,6,100,0.0,1.0,0.8,0.0,4.27,0.1,0.1,0.1,0.1,1.134951,0.0
2,0,8,100,1.18,1.0,0.8,1.42,1.18,0.1,0.1,0.1,0.1,0.048757,0.0
2,5,8,100,1.18,1.0,0.8,1.42,1.18,0.1,0.1,0.1,0.1,0.038164,0.0
2,1,8,100,1.18,1.0,0.8,1.42,1.18,0.1,0.1,0.1,0.1,0.033599000000000004,0.0
2,3,8,100,1.18,1.0,0.8,1.42,1.18,0.1,0.1,0.1,0.1,0.029447000000000004,0.0
2,2,8,100,1.18,1.0,0.8,1.42,1.18,0.1,0.1,0.1,0.1,0.042064,0.0
2,1,9,100,1.6,1.0,0.8,0.0,0.72,0.1,0.1,0.1,0.1,1.1128559999999998,0.0
2,4,8,100,1.18,1.0,0.8,1.42,1.18,0.1,0.1,0.1,0.1,0.060144,0.0
2,3,9,100,1.6,1.0,0.8,0.0,0.72,0.1,0.1,0.1,0.1,1.1300459999999999,0.0
2,2,9,100,1.6,1.0,0.8,0.0,0.72,0.1,0.1,0.1,0.1,1.158058,0.0
2,8,8,100,1.18,1.0,0.8,1.42,1.18,0.1,0.1,0.1,0.1,0.047833,0.0
2,7,8,100,1.18,1.0,0.8,1.42,1.18,0.1,0.1,0.1,0.1,0.046649,0.0
2,6,8,100,1.18,1.0,0.8,1.42,1.18,0.1,0.1,0.1,0.1,0.047955000000000005,0.0
2,4,9,100,1.6,1.0,0.8,0.0,0.72,0.1,0.1,0.1,0.1,1.134951,0.0
2,0,9,100,1.6,1.0,0.8,0.0,0.72,0.1,0.1,0.1,0.1,1.134951,0.0
2,9,8,100,1.18,1.0,0.8,1.42,1.18,0.1,0.1,0.1,0.1,0.056545000000000005,0.0
2,6,9,100,1.6,1.0,0.8,0.0,0.72,0.1,0.1,0.1,0.1,1.134951,0.0
2,5,9,100,1.6,1.0,0.8,0.0,0.72,0.1,0.1,0.1,0.1,1.133764,0.0
2,7,9,100,1.6,1.0,0.8,0.0,0.72,0.1,0.1,0.1,0.1,1.0942690000000002,0.0
2,9,9,100,1.6,1.0,0.8,0.0,0.72,0.1,0.1,0.1,0.1,1.091704,0.0
2,8,9,100,1.6,1.0,0.8,0.0,0.72,0.1,0.1,0.1,0.1,1.2021110000000002,0.0
2,2,0,100,0.95,0.64,0.8,0.91,1.62,0.1,0.1,0.1,0.1,0.03265,0.0
2,7,0,100,0.95,0.64,0.8,0.91,1.62,0.1,0.1,0.1,0.1,0.028208999999999998,0.0
2,2,2,100,0.74,0.64,0.8,0.58,2.14,0.1,0.1,0.1,0.1,0.027114,0.0
2,0,2,100,0.74,0.64,0.8,0.58,2.14,0.1,0.1,0.1,0.1,0.020171,0.0
2,6,1,100,0.82,0.74,0.8,0.55,2.49,0.1,0.1,0.1,0.1,0.07509199999999999,0.0
2,7,1,100,0.82,0.74,0.8,0.55,2.49,0.1,0.1,0.1,0.1,0.025084,0.0
2,3,0,100,0.95,0.64,0.8,0.91,1.62,0.1,0.1,0.1,0.1,0.030543999999999998,0.0
2,5,0,100,0.95,0.64,0.8,0.91,1.62,0.1,0.1,0.1,0.1,0.03135,0.0
2,2,1,100,0.82,0.74,0.8,0.55,2.49,0.1,0.1,0.1,0.1,0.092685,0.0
2,9,0,100,0.95,0.64,0.8,0.91,1.62,0.1,0.1,0.1,0.1,0.032505,0.0
2,6,0,100,0.95,0.64,0.8,0.91,1.62,0.1,0.1,0.1,0.1,0.036127,0.0
2,4,1,100,0.82,0.74,0.8,0.55,2.49,0.1,0.1,0.1,0.1,0.161613,0.0
2,0,0,100,0.95,0.64,0.8,0.91,1.62,0.1,0.1,0.1,0.1,0.03385,0.0
2,8,1,100,0.82,0.74,0.8,0.55,2.49,0.1,0.1,0.1,0.1,0.02445,0.0
2,0,1,100,0.82,0.74,0.8,0.55,2.49,0.1,0.1,0.1,0.1,0.024646,0.0
2,3,2,100,0.74,0.64,0.8,0.58,2.14,0.1,0.1,0.1,0.1,0.026638,0.0
2,3,1,100,0.82,0.74,0.8,0.55,2.49,0.1,0.1,0.1,0.1,0.027645,0.0
2,5,1,100,0.82,0.74,0.8,0.55,2.49,0.1,0.1,0.1,0.1,0.30617,0.0
2,9,1,100,0.82,0.74,0.8,0.55,2.49,0.1,0.1,0.1,0.1,0.104395,0.0
2,4,0,100,0.95,0.64,0.8,0.91,1.62,0.1,0.1,0.1,0.1,0.037952,0.0
2,1,0,100,0.95,0.64,0.8,0.91,1.62,0.1,0.1,0.1,0.1,0.026676,0.0
2,8,0,100,0.95,0.64,0.8,0.91,1.62,0.1,0.1,0.1,0.1,0.033267000000000005,0.0
2,1,2,100,0.74,0.64,0.8,0.58,2.14,0.1,0.1,0.1,0.1,0.020686000000000003,0.0
2,1,1,100,0.82,0.74,0.8,0.55,2.49,0.1,0.1,0.1,0.1,0.14289300000000002,0.0
2,7,2,100,0.74,0.64,0.8,0.58,2.14,0.1,0.1,0.1,0.1,0.015591999999999998,0.0
2,8,2,100,0.74,0.64,0.8,0.58,2.14,0.1,0.1,0.1,0.1,0.023691999999999998,0.0
2,0,3,100,0.67,0.72,0.8,0.91,2.21,0.1,0.1,0.1,0.1,0.051636,0.0
2,8,3,100,0.67,0.72,0.8,0.91,2.21,0.1,0.1,0.1,0.1,0.054702,0.0
2,1,3,100,0.67,0.72,0.8,0.91,2.21,0.1,0.1,0.1,0.1,0.048264,0.0
2,3,4,100,1.11,0.9,0.8,0.35,2.06,0.1,0.1,0.1,0.1,0.798643,0.0
2,6,3,100,0.67,0.72,0.8,0.91,2.21,0.1,0.1,0.1,0.1,0.055273,0.0
2,3,3,100,0.67,0.72,0.8,0.91,2.21,0.1,0.1,0.1,0.1,0.046419,0.0
2,7,3,100,0.67,0.72,0.8,0.91,2.21,0.1,0.1,0.1,0.1,0.027777999999999997,0.0
2,5,3,100,0.67,0.72,0.8,0.91,2.21,0.1,0.1,0.1,0.1,0.061087999999999996,0.0
2,4,2,100,0.74,0.64,0.8,0.58,2.14,0.1,0.1,0.1,0.1,0.046024,0.0
2,4,3,100,0.67,0.72,0.8,0.91,2.21,0.1,0.1,0.1,0.1,0.066112,0.0
2,5,2,100,0.74,0.64,0.8,0.58,2.14,0.1,0.1,0.1,0.1,0.025498,0.0
2,2,4,100,1.11,0.9,0.8,0.35,2.06,0.1,0.1,0.1,0.1,1.02547,0.0
2,1,4,100,1.11,0.9,0.8,0.35,2.06,0.1,0.1,0.1,0.1,0.972568,0.0
2,2,3,100,0.67,0.72,0.8,0.91,2.21,0.1,0.1,0.1,0.1,0.04888,0.0
2,5,4,100,1.11,0.9,0.8,0.35,2.06,0.1,0.1,0.1,0.1,0.8996,0.0
2,4,4,100,1.11,0.9,0.8,0.35,2.06,0.1,0.1,0.1,0.1,0.765409,0.0
2,7,4,100,1.11,0.9,0.8,0.35,2.06,0.1,0.1,0.1,0.1,0.782552,0.0
2,6,4,100,1.11,0.9,0.8,0.35,2.06,0.1,0.1,0.1,0.1,0.8503459999999999,0.0
2,0,4,100,1.11,0.9,0.8,0.35,2.06,0.1,0.1,0.1,0.1,0.959751,0.0
2,9,3,100,0.67,0.72,0.8,0.91,2.21,0.1,0.1,0.1,0.1,0.054662,0.0
2,6,2,100,0.74,0.64,0.8,0.58,2.14,0.1,0.1,0.1,0.1,0.030052,0.0
2,9,2,100,0.74,0.64,0.8,0.58,2.14,0.1,0.1,0.1,0.1,0.016872,0.0
2,9,4,100,1.11,0.9,0.8,0.35,2.06,0.1,0.1,0.1,0.1,0.782779,0.0
2,8,4,100,1.11,0.9,0.8,0.35,2.06,0.1,0.1,0.1,0.1,0.809337,0.0
2,3,5,100,0.35,1.0,0.8,0.06,3.12,0.1,0.1,0.1,0.1,1.133764,0.0
2,4,5,100,0.35,1.0,0.8,0.06,3.12,0.1,0.1,0.1,0.1,1.1337620000000002,0.0
2,0,6,100,0.74,0.98,0.8,1.15,0.53,0.1,0.1,0.1,0.1,0.632622,0.0
2,0,5,100,0.35,1.0,0.8,0.06,3.12,0.1,0.1,0.1,0.1,1.094703,0.0
2,1,5,100,0.35,1.0,0.8,0.06,3.12,0.1,0.1,0.1,0.1,1.111184,0.0
2,2,5,100,0.35,1.0,0.8,0.06,3.12,0.1,0.1,0.1,0.1,1.068941,0.0
2,4,6,100,0.74,0.98,0.8,1.15,0.53,0.1,0.1,0.1,0.1,0.652832,0.0
2,2,6,100,0.74,0.98,0.8,1.15,0.53,0.1,0.1,0.1,0.1,0.667045,0.0
2,9,5,100,0.35,1.0,0.8,0.06,3.12,0.1,0.1,0.1,0.1,1.134951,0.0
2,3,6,100,0.74,0.98,0.8,1.15,0.53,0.1,0.1,0.1,0.1,0.658369,0.0
2,8,6,100,0.74,0.98,0.8,1.15,0.53,0.1,0.1,0.1,0.1,0.614577,0.0
2,8,5,100,0.35,1.0,0.8,0.06,3.12,0.1,0.1,0.1,0.1,1.095985,0.0
2,6,6,100,0.74,0.98,0.8,1.15,0.53,0.1,0.1,0.1,0.1,0.640324,0.0
2,5,5,100,0.35,1.0,0.8,0.06,3.12,0.1,0.1,0.1,0.1,1.066541,0.0
2,1,6,100,0.74,0.98,0.8,1.15,0.53,0.1,0.1,0.1,0.1,0.639074,0.0
2,7,5,100,0.35,1.0,0.8,0.06,3.12,0.1,0.1,0.1,0.1,1.139641,0.0
2,7,6,100,0.74,0.98,0.8,1.15,0.53,0.1,0.1,0.1,0.1,0.635508,0.0
2,5,6,100,0.74,0.98,0.8,1.15,0.53,0.1,0.1,0.1,0.1,0.64552,0.0
2,9,6,100,0.74,0.98,0.8,1.15,0.53,0.1,0.1,0.1,0.1,0.646598,0.0
2,6,5,100,0.35,1.0,0.8,0.06,3.12,0.1,0.1,0.1,0.1,1.1161729999999999,0.0
2,0,7,100,0.98,1.0,0.8,1.06,1.58,0.1,0.1,0.1,0.1,0.026458999999999996,0.0
2,1,7,100,0.98,1.0,0.8,1.06,1.58,0.1,0.1,0.1,0.1,0.010822,0.0
2,3,7,100,0.98,1.0,0.8,1.06,1.58,0.1,0.1,0.1,0.1,0.00603,0.0
2,9,7,100,0.98,1.0,0.8,1.06,1.58,0.1,0.1,0.1,0.1,0.022253,0.0
2,6,7,100,0.98,1.0,0.8,1.06,1.58,0.1,0.1,0.1,0.1,0.021211,0.0
2,8,7,100,0.98,1.0,0.8,1.06,1.58,0.1,0.1,0.1,0.1,0.025802999999999996,0.0
2,2,7,100,0.98,1.0,0.8,1.06,1.58,0.1,0.1,0.1,0.1,0.015094999999999999,0.0
2,4,8,100,1.19,1.0,0.8,0.06,1.37,0.1,0.1,0.1,0.1,1.1000729999999999,0.0
2,4,7,100,0.98,1.0,0.8,1.06,1.58,0.1,0.1,0.1,0.1,0.027298000000000003,0.0
2,7,7,100,0.98,1.0,0.8,1.06,1.58,0.1,0.1,0.1,0.1,0.014606999999999998,0.0
2,3,8,100,1.19,1.0,0.8,0.06,1.37,0.1,0.1,0.1,0.1,1.111306,0.0
2,1,8,100,1.19,1.0,0.8,0.06,1.37,0.1,0.1,0.1,0.1,1.01904,0.0
2,0,8,100,1.19,1.0,0.8,0.06,1.37,0.1,0.1,0.1,0.1,1.202112,0.0
2,5,7,100,0.98,1.0,0.8,1.06,1.58,0.1,0.1,0.1,0.1,0.016452,0.0
2,8,8,100,1.19,1.0,0.8,0.06,1.37,0.1,0.1,0.1,0.1,1.093194,0.0
2,7,8,100,1.19,1.0,0.8,0.06,1.37,0.1,0.1,0.1,0.1,1.070962,0.0
2,5,8,100,1.19,1.0,0.8,0.06,1.37,0.1,0.1,0.1,0.1,1.126058,0.0
2,6,8,100,1.19,1.0,0.8,0.06,1.37,0.1,0.1,0.1,0.1,1.097022,0.0
2,2,8,100,1.19,1.0,0.8,0.06,1.37,0.1,0.1,0.1,0.1,1.1341370000000002,0.0
2,9,8,100,1.19,1.0,0.8,0.06,1.37,0.1,0.1,0.1,0.1,1.108989,0.0
2,0,9,100,0.0,0.5,0.8,1.75,1.82,0.1,0.1,0.1,0.1,0.535506,0.0
2,4,9,100,0.0,0.5,0.8,1.75,1.82,0.1,0.1,0.1,0.1,0.535506,0.0
2,1,9,100,0.0,0.5,0.8,1.75,1.82,0.1,0.1,0.1,0.1,0.535506,0.0
2,3,9,100,0.0,0.5,0.8,1.75,1.82,0.1,0.1,0.1,0.1,0.535506,0.0
2,2,9,100,0.0,0.5,0.8,1.75,1.82,0.1,0.1,0.1,0.1,0.535506,0.0
2,5,9,100,0.0,0.5,0.8,1.75,1.82,0.1,0.1,0.1,0.1,0.535506,0.0
2,9,9,100,0.0,0.5,0.8,1.75,1.82,0.1,0.1,0.1,0.1,0.535506,0.0
2,6,9,100,0.0,0.5,0.8,1.75,1.82,0.1,0.1,0.1,0.1,0.535506,0.0
2,8,9,100,0.0,0.5,0.8,1.75,1.82,0.1,0.1,0.1,0.1,0.535506,0.0
2,7,9,100,0.0,0.5,0.8,1.75,1.82,0.1,0.1,0.1,0.1,0.535506,0.0
2,0,0,100,0.9,0.87,0.8,0.8,2.04,0.1,0.1,0.1,0.1,0.016535,0.0
2,7,1,100,0.86,0.82,0.8,0.82,1.86,0.1,0.1,0.1,0.1,0.0081,0.0
2,4,0,100,0.9,0.87,0.8,0.8,2.04,0.1,0.1,0.1,0.1,0.026425,0.0
2,2,0,100,0.9,0.87,0.8,0.8,2.04,0.1,0.1,0.1,0.1,0.009755,0.0
2,8,0,100,0.9,0.87,0.8,0.8,2.04,0.1,0.1,0.1,0.1,0.012465,0.0
2,5,0,100,0.9,0.87,0.8,0.8,2.04,0.1,0.1,0.1,0.1,0.017344,0.0
2,5,1,100,0.86,0.82,0.8,0.82,1.86,0.1,0.1,0.1,0.1,0.022006,0.0
2,0,1,100,0.86,0.82,0.8,0.82,1.86,0.1,0.1,0.1,0.1,0.021541,0.0
2,7,0,100,0.9,0.87,0.8,0.8,2.04,0.1,0.1,0.1,0.1,0.005727,0.0
2,1,2,100,0.82,0.86,0.8,0.99,1.9,0.1,0.1,0.1,0.1,0.020609,0.0
2,3,1,100,0.86,0.82,0.8,0.82,1.86,0.1,0.1,0.1,0.1,0.012813,0.0
2,0,2,100,0.82,0.86,0.8,0.99,1.9,0.1,0.1,0.1,0.1,0.030639999999999997,0.0
2,3,2,100,0.82,0.86,0.8,0.99,1.9,0.1,0.1,0.1,0.1,0.025071,0.0
2,9,1,100,0.86,0.82,0.8,0.82,1.86,0.1,0.1,0.1,0.1,0.01765,0.0
2,4,1,100,0.86,0.82,0.8,0.82,1.86,0.1,0.1,0.1,0.1,0.023226,0.0
2,2,1,100,0.86,0.82,0.8,0.82,1.86,0.1,0.1,0.1,0.1,0.0139,0.0
2,1,1,100,0.86,0.82,0.8,0.82,1.86,0.1,0.1,0.1,0.1,0.011184999999999999,0.0
2,6,1,100,0.86,0.82,0.8,0.82,1.86,0.1,0.1,0.1,0.1,0.010985,0.0
2,2,2,100,0.82,0.86,0.8,0.99,1.9,0.1,0.1,0.1,0.1,0.023243,0.0
2,6,0,100,0.9,0.87,0.8,0.8,2.04,0.1,0.1,0.1,0.1,0.013156999999999999,0.0
2,3,0,100,0.9,0.87,0.8,0.8,2.04,0.1,0.1,0.1,0.1,0.009909999999999999,0.0
2,1,0,100,0.9,0.87,0.8,0.8,2.04,0.1,0.1,0.1,0.1,0.011420999999999999,0.0
2,8,1,100,0.86,0.82,0.8,0.82,1.86,0.1,0.1,0.1,0.1,0.016692,0.0
2,9,0,100,0.9,0.87,0.8,0.8,2.04,0.1,0.1,0.1,0.1,0.024286000000000002,0.0
2,5,2,100,0.82,0.86,0.8,0.99,1.9,0.1,0.1,0.1,0.1,0.030244999999999998,0.0
2,6,2,100,0.82,0.86,0.8,0.99,1.9,0.1,0.1,0.1,0.1,0.027988,0.0
2,8,2,100,0.82,0.86,0.8,0.99,1.9,0.1,0.1,0.1,0.1,0.029835000000000004,0.0
2,4,2,100,0.82,0.86,0.8,0.99,1.9,0.1,0.1,0.1,0.1,0.036414999999999996,0.0
2,7,2,100,0.82,0.86,0.8,0.99,1.9,0.1,0.1,0.1,0.1,0.020533000000000003,0.0
2,2,3,100,1.04,0.95,0.8,0.7,1.82,0.1,0.1,0.1,0.1,0.016065,0.0
2,0,3,100,1.04,0.95,0.8,0.7,1.82,0.1,0.1,0.1,0.1,0.006714,0.0
2,7,3,100,1.04,0.95,0.8,0.7,1.82,0.1,0.1,0.1,0.1,0.005412,0.0
2,5,3,100,1.04,0.95,0.8,0.7,1.82,0.1,0.1,0.1,0.1,0.015142,0.0
2,0,4,100,0.66,1.0,0.8,0.56,2.35,0.1,0.1,0.1,0.1,0.376709,0.0
2,9,2,100,0.82,0.86,0.8,0.99,1.9,0.1,0.1,0.1,0.1,0.029299000000000002,0.0
2,4,3,100,1.04,0.95,0.8,0.7,1.82,0.1,0.1,0.1,0.1,0.054770000000000006,0.0
2,7,4,100,0.66,1.0,0.8,0.56,2.35,0.1,0.1,0.1,0.1,0.199818,0.0
2,3,3,100,1.04,0.95,0.8,0.7,1.82,0.1,0.1,0.1,0.1,0.006422,0.0
2,1,4,100,0.66,1.0,0.8,0.56,2.35,0.1,0.1,0.1,0.1,0.835285,0.0
2,1,3,100,1.04,0.95,0.8,0.7,1.82,0.1,0.1,0.1,0.1,0.012687,0.0
2,4,4,100,0.66,1.0,0.8,0.56,2.35,0.1,0.1,0.1,0.1,0.842305,0.0
2,6,3,100,1.04,0.95,0.8,0.7,1.82,0.1,0.1,0.1,0.1,0.013621000000000001,0.0
2,3,4,100,0.66,1.0,0.8,0.56,2.35,0.1,0.1,0.1,0.1,0.068475,0.0
2,5,4,100,0.66,1.0,0.8,0.56,2.35,0.1,0.1,0.1,0.1,0.602627,0.0
2,2,4,100,0.66,1.0,0.8,0.56,2.35,0.1,0.1,0.1,0.1,0.9563389999999999,0.0
2,8,3,100,1.04,0.95,0.8,0.7,1.82,0.1,0.1,0.1,0.1,0.004159,0.0
2,9,3,100,1.04,0.95,0.8,0.7,1.82,0.1,0.1,0.1,0.1,0.029819,0.0
2,6,4,100,0.66,1.0,0.8,0.56,2.35,0.1,0.1,0.1,0.1,0.382945,0.0
2,4,5,100,1.22,1.0,0.8,1.83,0.21,0.1,0.1,0.1,0.1,,0.0
2,8,4,100,0.66,1.0,0.8,0.56,2.35,0.1,0.1,0.1,0.1,0.057859,0.0
2,3,5,100,1.22,1.0,0.8,1.83,0.21,0.1,0.1,0.1,0.1,,0.0
2,6,5,100,1.22,1.0,0.8,1.83,0.21,0.1,0.1,0.1,0.1,,0.0
2,9,4,100,0.66,1.0,0.8,0.56,2.35,0.1,0.1,0.1,0.1,0.5446,0.0
2,8,5,100,1.22,1.0,0.8,1.83,0.21,0.1,0.1,0.1,0.1,,0.0
2,2,5,100,1.22,1.0,0.8,1.83,0.21,0.1,0.1,0.1,0.1,,0.0
2,2,6,100,1.34,1.0,0.8,1.78,0.74,0.1,0.1,0.1,0.1,0.626631,0.0
2,5,6,100,1.34,1.0,0.8,1.78,0.74,0.1,0.1,0.1,0.1,0.590689,0.0
2,7,5,100,1.22,1.0,0.8,1.83,0.21,0.1,0.1,0.1,0.1,,0.0
2,1,6,100,1.34,1.0,0.8,1.78,0.74,0.1,0.1,0.1,0.1,0.59524,0.0
2,5,5,100,1.22,1.0,0.8,1.83,0.21,0.1,0.1,0.1,0.1,,0.0
2,0,5,100,1.22,1.0,0.8,1.83,0.21,0.1,0.1,0.1,0.1,,0.0
2,3,6,100,1.34,1.0,0.8,1.78,0.74,0.1,0.1,0.1,0.1,0.5946130000000001,0.0
2,0,6,100,1.34,1.0,0.8,1.78,0.74,0.1,0.1,0.1,0.1,0.6078979999999999,0.0
2,4,6,100,1.34,1.0,0.8,1.78,0.74,0.1,0.1,0.1,0.1,0.607945,0.0
2,7,6,100,1.34,1.0,0.8,1.78,0.74,0.1,0.1,0.1,0.1,0.616903,0.0
2,8,6,100,1.34,1.0,0.8,1.78,0.74,0.1,0.1,0.1,0.1,0.6106090000000001,0.0
2,9,5,100,1.22,1.0,0.8,1.83,0.21,0.1,0.1,0.1,0.1,,0.0
2,1,5,100,1.22,1.0,0.8,1.83,0.21,0.1,0.1,0.1,0.1,,0.0
2,9,6,100,1.34,1.0,0.8,1.78,0.74,0.1,0.1,0.1,0.1,0.5843189999999999,0.0
2,6,6,100,1.34,1.0,0.8,1.78,0.74,0.1,0.1,0.1,0.1,0.631594,0.0
2,0,7,100,1.44,1.0,0.8,1.28,0.64,0.1,0.1,0.1,0.1,1.133775,0.0
2,1,7,100,1.44,1.0,0.8,1.28,0.64,0.1,0.1,0.1,0.1,1.135129,0.0
2,3,7,100,1.44,1.0,0.8,1.28,0.64,0.1,0.1,0.1,0.1,1.133779,0.0
2,2,7,100,1.44,1.0,0.8,1.28,0.64,0.1,0.1,0.1,0.1,1.131921,0.0
2,7,7,100,1.44,1.0,0.8,1.28,0.64,0.1,0.1,0.1,0.1,1.1347459999999998,0.0
2,4,7,100,1.44,1.0,0.8,1.28,0.64,0.1,0.1,0.1,0.1,1.1347459999999998,0.0
2,1,8,100,0.78,1.0,0.8,2.0,0.86,0.1,0.1,0.1,0.1,0.581083,0.0
2,4,8,100,0.78,1.0,0.8,2.0,0.86,0.1,0.1,0.1,0.1,0.59137,0.0
2,5,7,100,1.44,1.0,0.8,1.28,0.64,0.1,0.1,0.1,0.1,1.1330799999999999,0.0
2,0,8,100,0.78,1.0,0.8,2.0,0.86,0.1,0.1,0.1,0.1,0.621233,0.0
2,6,7,100,1.44,1.0,0.8,1.28,0.64,0.1,0.1,0.1,0.1,1.134206,0.0
2,7,8,100,0.78,1.0,0.8,2.0,0.86,0.1,0.1,0.1,0.1,0.589155,0.0
2,8,7,100,1.44,1.0,0.8,1.28,0.64,0.1,0.1,0.1,0.1,1.133968,0.0
2,2,8,100,0.78,1.0,0.8,2.0,0.86,0.1,0.1,0.1,0.1,0.619529,0.0
2,8,8,100,0.78,1.0,0.8,2.0,0.86,0.1,0.1,0.1,0.1,0.619398,0.0
2,3,8,100,0.78,1.0,0.8,2.0,0.86,0.1,0.1,0.1,0.1,0.630117,0.0
2,9,7,100,1.44,1.0,0.8,1.28,0.64,0.1,0.1,0.1,0.1,1.133968,0.0
2,5,8,100,0.78,1.0,0.8,2.0,0.86,0.1,0.1,0.1,0.1,0.620822,0.0
2,9,8,100,0.78,1.0,0.8,2.0,0.86,0.1,0.1,0.1,0.1,0.612554,0.0
2,6,8,100,0.78,1.0,0.8,2.0,0.86,0.1,0.1,0.1,0.1,0.5952390000000001,0.0
2,7,0,100,0.88,0.84,0.8,0.81,1.95,0.1,0.1,0.1,0.1,0.005761,0.0
2,4,0,100,0.88,0.84,0.8,0.81,1.95,0.1,0.1,0.1,0.1,0.023788999999999998,0.0
2,5,0,100,0.88,0.84,0.8,0.81,1.95,0.1,0.1,0.1,0.1,0.019875,0.0
2,5,1,100,0.86,0.86,0.8,0.9,1.97,0.1,0.1,0.1,0.1,0.024746999999999998,0.0
2,0,1,100,0.86,0.86,0.8,0.9,1.97,0.1,0.1,0.1,0.1,0.024366,0.0
2,1,2,100,0.97,0.91,0.8,0.75,1.93,0.1,0.1,0.1,0.1,0.007476000000000001,0.0
2,0,0,100,0.88,0.84,0.8,0.81,1.95,0.1,0.1,0.1,0.1,0.019411,0.0
2,1,1,100,0.86,0.86,0.8,0.9,1.97,0.1,0.1,0.1,0.1,0.013757,0.0
2,3,1,100,0.86,0.86,0.8,0.9,1.97,0.1,0.1,0.1,0.1,0.017721999999999998,0.0
2,8,0,100,0.88,0.84,0.8,0.81,1.95,0.1,0.1,0.1,0.1,0.014509999999999999,0.0
2,2,0,100,0.88,0.84,0.8,0.81,1.95,0.1,0.1,0.1,0.1,0.012643000000000001,0.0
2,4,1,100,0.86,0.86,0.8,0.9,1.97,0.1,0.1,0.1,0.1,0.026088,0.0
2,8,1,100,0.86,0.86,0.8,0.9,1.97,0.1,0.1,0.1,0.1,0.020567,0.0
2,6,1,100,0.86,0.86,0.8,0.9,1.97,0.1,0.1,0.1,0.1,0.015526,0.0
2,2,2,100,0.97,0.91,0.8,0.75,1.93,0.1,0.1,0.1,0.1,0.00932,0.0
2,9,1,100,0.86,0.86,0.8,0.9,1.97,0.1,0.1,0.1,0.1,0.021800999999999997,0.0
2,0,2,100,0.97,0.91,0.8,0.75,1.93,0.1,0.1,0.1,0.1,0.00885,0.0
2,9,0,100,0.88,0.84,0.8,0.81,1.95,0.1,0.1,0.1,0.1,0.017166,0.0
2,6,0,100,0.88,0.84,0.8,0.81,1.95,0.1,0.1,0.1,0.1,0.009883,0.0
2,3,2,100,0.97,0.91,0.8,0.75,1.93,0.1,0.1,0.1,0.1,0.009683,0.0
2,3,0,100,0.88,0.84,0.8,0.81,1.95,0.1,0.1,0.1,0.1,0.011016,0.0
2,7,1,100,0.86,0.86,0.8,0.9,1.97,0.1,0.1,0.1,0.1,0.012574,0.0
2,1,0,100,0.88,0.84,0.8,0.81,1.95,0.1,0.1,0.1,0.1,0.011098,0.0
2,2,1,100,0.86,0.86,0.8,0.9,1.97,0.1,0.1,0.1,0.1,0.016502,0.0
2,6,2,100,0.97,0.91,0.8,0.75,1.93,0.1,0.1,0.1,0.1,0.012106,0.0
2,4,2,100,0.97,0.91,0.8,0.75,1.93,0.1,0.1,0.1,0.1,0.028898000000000004,0.0
2,1,3,100,0.78,0.94,0.8,0.68,2.2,0.1,0.1,0.1,0.1,0.10956700000000001,0.0
2,5,2,100,0.97,0.91,0.8,0.75,1.93,0.1,0.1,0.1,0.1,0.01729,0.0
2,0,3,100,0.78,0.94,0.8,0.68,2.2,0.1,0.1,0.1,0.1,0.047139999999999994,0.0
2,7,2,100,0.97,0.91,0.8,0.75,1.93,0.1,0.1,0.1,0.1,0.00554,0.0
2,7,3,100,0.78,0.94,0.8,0.68,2.2,0.1,0.1,0.1,0.1,0.016794,0.0
2,6,3,100,0.78,0.94,0.8,0.68,2.2,0.1,0.1,0.1,0.1,0.021256,0.0
2,4,3,100,0.78,0.94,0.8,0.68,2.2,0.1,0.1,0.1,0.1,0.103398,0.0
2,8,3,100,0.78,0.94,0.8,0.68,2.2,0.1,0.1,0.1,0.1,0.011488,0.0
2,8,2,100,0.97,0.91,0.8,0.75,1.93,0.1,0.1,0.1,0.1,0.006681,0.0
2,2,3,100,0.78,0.94,0.8,0.68,2.2,0.1,0.1,0.1,0.1,0.034836,0.0
2,6,4,100,1.06,0.94,0.8,1.32,1.12,0.1,0.1,0.1,0.1,0.048024000000000004,0.0
2,7,4,100,1.06,0.94,0.8,1.32,1.12,0.1,0.1,0.1,0.1,0.04767,0.0
2,0,4,100,1.06,0.94,0.8,1.32,1.12,0.1,0.1,0.1,0.1,0.050751,0.0
2,3,3,100,0.78,0.94,0.8,0.68,2.2,0.1,0.1,0.1,0.1,0.020000999999999998,0.0
2,5,3,100,0.78,0.94,0.8,0.68,2.2,0.1,0.1,0.1,0.1,0.11312,0.0
2,9,3,100,0.78,0.94,0.8,0.68,2.2,0.1,0.1,0.1,0.1,0.15873299999999999,0.0
2,4,4,100,1.06,0.94,0.8,1.32,1.12,0.1,0.1,0.1,0.1,0.065082,0.0
2,9,2,100,0.97,0.91,0.8,0.75,1.93,0.1,0.1,0.1,0.1,0.026059,0.0
2,5,4,100,1.06,0.94,0.8,1.32,1.12,0.1,0.1,0.1,0.1,0.037343,0.0
2,2,4,100,1.06,0.94,0.8,1.32,1.12,0.1,0.1,0.1,0.1,0.04099,0.0
2,1,4,100,1.06,0.94,0.8,1.32,1.12,0.1,0.1,0.1,0.1,0.035641,0.0
2,3,4,100,1.06,0.94,0.8,1.32,1.12,0.1,0.1,0.1,0.1,0.027571,0.0
2,0,5,100,0.96,0.94,0.8,0.77,2.31,0.1,0.1,0.1,0.1,0.009551,0.0
2,8,4,100,1.06,0.94,0.8,1.32,1.12,0.1,0.1,0.1,0.1,0.049869,0.0
2,3,5,100,0.96,0.94,0.8,0.77,2.31,0.1,0.1,0.1,0.1,0.008914,0.0
2,1,5,100,0.96,0.94,0.8,0.77,2.31,0.1,0.1,0.1,0.1,0.014336000000000002,0.0
2,7,5,100,0.96,0.94,0.8,0.77,2.31,0.1,0.1,0.1,0.1,0.008045,0.0
2,9,4,100,1.06,0.94,0.8,1.32,1.12,0.1,0.1,0.1,0.1,0.054448,0.0
2,5,5,100,0.96,0.94,0.8,0.77,2.31,0.1,0.1,0.1,0.1,0.019507,0.0
2,9,5,100,0.96,0.94,0.8,0.77,2.31,0.1,0.1,0.1,0.1,0.058325999999999996,0.0
2,4,6,100,1.02,0.88,0.8,0.52,2.25,0.1,0.1,0.1,0.1,0.9264,0.0
2,6,5,100,0.96,0.94,0.8,0.77,2.31,0.1,0.1,0.1,0.1,0.018893,0.0
2,4,5,100,0.96,0.94,0.8,0.77,2.31,0.1,0.1,0.1,0.1,0.039317000000000005,0.0
2,2,6,100,1.02,0.88,0.8,0.52,2.25,0.1,0.1,0.1,0.1,0.48931800000000003,0.0
2,1,6,100,1.02,0.88,0.8,0.52,2.25,0.1,0.1,0.1,0.1,0.525185,0.0
2,2,5,100,0.96,0.94,0.8,0.77,2.31,0.1,0.1,0.1,0.1,0.016841,0.0
2,8,5,100,0.96,0.94,0.8,0.77,2.31,0.1,0.1,0.1,0.1,0.011578,0.0
2,5,6,100,1.02,0.88,0.8,0.52,2.25,0.1,0.1,0.1,0.1,0.350155,0.0
2,6,6,100,1.02,0.88,0.8,0.52,2.25,0.1,0.1,0.1,0.1,0.149778,0.0
2,3,6,100,1.02,0.88,0.8,0.52,2.25,0.1,0.1,0.1,0.1,0.033773000000000004,0.0
2,0,6,100,1.02,0.88,0.8,0.52,2.25,0.1,0.1,0.1,0.1,0.099789,0.0
2,7,6,100,1.02,0.88,0.8,0.52,2.25,0.1,0.1,0.1,0.1,0.08173899999999999,0.0
2,8,6,100,1.02,0.88,0.8,0.52,2.25,0.1,0.1,0.1,0.1,0.022665,0.0
2,0,7,100,0.69,0.75,0.8,0.95,2.37,0.1,0.1,0.1,0.1,0.05292,0.0
2,9,6,100,1.02,0.88,0.8,0.52,2.25,0.1,0.1,0.1,0.1,0.321312,0.0
2,1,7,100,0.69,0.75,0.8,0.95,2.37,0.1,0.1,0.1,0.1,0.050354,0.0
2,2,7,100,0.69,0.75,0.8,0.95,2.37,0.1,0.1,0.1,0.1,0.050439,0.0
2,4,7,100,0.69,0.75,0.8,0.95,2.37,0.1,0.1,0.1,0.1,0.067825,0.0
2,5,7,100,0.69,0.75,0.8,0.95,2.37,0.1,0.1,0.1,0.1,0.063069,0.0
2,3,7,100,0.69,0.75,0.8,0.95,2.37,0.1,0.1,0.1,0.1,0.047132,0.0
2,9,8,100,1.26,0.68,0.8,1.16,1.58,0.1,0.1,0.1,0.1,0.04621,0.0
2,6,8,100,1.26,0.68,0.8,1.16,1.58,0.1,0.1,0.1,0.1,0.040881,0.0
2,7,7,100,0.69,0.75,0.8,0.95,2.37,0.1,0.1,0.1,0.1,0.028732,0.0
2,8,7,100,0.69,0.75,0.8,0.95,2.37,0.1,0.1,0.1,0.1,0.055858000000000005,0.0
2,7,8,100,1.26,0.68,0.8,1.16,1.58,0.1,0.1,0.1,0.1,0.040451999999999995,0.0
2,9,7,100,0.69,0.75,0.8,0.95,2.37,0.1,0.1,0.1,0.1,0.055111,0.0
2,1,8,100,1.26,0.68,0.8,1.16,1.58,0.1,0.1,0.1,0.1,0.029638,0.0
2,6,7,100,0.69,0.75,0.8,0.95,2.37,0.1,0.1,0.1,0.1,0.05650499999999999,0.0
2,2,8,100,1.26,0.68,0.8,1.16,1.58,0.1,0.1,0.1,0.1,0.040271,0.0
2,0,8,100,1.26,0.68,0.8,1.16,1.58,0.1,0.1,0.1,0.1,0.039701,0.0
2,3,8,100,1.26,0.68,0.8,1.16,1.58,0.1,0.1,0.1,0.1,0.03151,0.0
2,4,8,100,1.26,0.68,0.8,1.16,1.58,0.1,0.1,0.1,0.1,0.046493,0.0
2,5,8,100,1.26,0.68,0.8,1.16,1.58,0.1,0.1,0.1,0.1,0.034434,0.0
2,8,8,100,1.26,0.68,0.8,1.16,1.58,0.1,0.1,0.1,0.1,0.038036,0.0
2,1,9,100,0.42,0.68,0.8,0.0,4.78,0.1,0.1,0.1,0.1,1.115661,0.0
2,0,9,100,0.42,0.68,0.8,0.0,4.78,0.1,0.1,0.1,0.1,1.134822,0.0
2,6,9,100,0.42,0.68,0.8,0.0,4.78,0.1,0.1,0.1,0.1,1.168353,0.0
2,2,9,100,0.42,0.68,0.8,0.0,4.78,0.1,0.1,0.1,0.1,1.134951,0.0
2,3,9,100,0.42,0.68,0.8,0.0,4.78,0.1,0.1,0.1,0.1,1.116149,0.0
2,4,9,100,0.42,0.68,0.8,0.0,4.78,0.1,0.1,0.1,0.1,1.134951,0.0
2,5,9,100,0.42,0.68,0.8,0.0,4.78,0.1,0.1,0.1,0.1,1.133764,0.0
2,7,9,100,0.42,0.68,0.8,0.0,4.78,0.1,0.1,0.1,0.1,1.133764,0.0
2,8,9,100,0.42,0.68,0.8,0.0,4.78,0.1,0.1,0.1,0.1,1.133764,0.0
2,9,9,100,0.42,0.68,0.8,0.0,4.78,0.1,0.1,0.1,0.1,1.174351,0.0
2,6,0,100,0.92,0.88,0.8,0.82,1.95,0.1,0.1,0.1,0.1,0.008653000000000001,0.0
2,2,1,100,0.97,0.91,0.8,0.75,1.93,0.1,0.1,0.1,0.1,0.00932,0.0
2,0,0,100,0.92,0.88,0.8,0.82,1.95,0.1,0.1,0.1,0.1,0.017404,0.0
2,2,0,100,0.92,0.88,0.8,0.82,1.95,0.1,0.1,0.1,0.1,0.011108,0.0
2,0,1,100,0.97,0.91,0.8,0.75,1.93,0.1,0.1,0.1,0.1,0.00885,0.0
2,0,2,100,0.88,0.92,0.8,0.72,2.06,0.1,0.1,0.1,0.1,0.008352,0.0
2,3,1,100,0.97,0.91,0.8,0.75,1.93,0.1,0.1,0.1,0.1,0.009683,0.0
2,3,0,100,0.92,0.88,0.8,0.82,1.95,0.1,0.1,0.1,0.1,0.00899,0.0
2,6,1,100,0.97,0.91,0.8,0.75,1.93,0.1,0.1,0.1,0.1,0.012106,0.0
2,8,0,100,0.92,0.88,0.8,0.82,1.95,0.1,0.1,0.1,0.1,0.012102,0.0
2,4,1,100,0.97,0.91,0.8,0.75,1.93,0.1,0.1,0.1,0.1,0.028898000000000004,0.0
2,9,0,100,0.92,0.88,0.8,0.82,1.95,0.1,0.1,0.1,0.1,0.016971,0.0
2,7,0,100,0.92,0.88,0.8,0.82,1.95,0.1,0.1,0.1,0.1,0.004411,0.0
2,5,0,100,0.92,0.88,0.8,0.82,1.95,0.1,0.1,0.1,0.1,0.017116,0.0
2,5,1,100,0.97,0.91,0.8,0.75,1.93,0.1,0.1,0.1,0.1,0.01729,0.0
2,2,2,100,0.88,0.92,0.8,0.72,2.06,0.1,0.1,0.1,0.1,0.020773,0.0
2,9,1,100,0.97,0.91,0.8,0.75,1.93,0.1,0.1,0.1,0.1,0.026059,0.0
2,1,2,100,0.88,0.92,0.8,0.72,2.06,0.1,0.1,0.1,0.1,0.021584,0.0
2,4,0,100,0.92,0.88,0.8,0.82,1.95,0.1,0.1,0.1,0.1,0.022382,0.0
2,3,2,100,0.88,0.92,0.8,0.72,2.06,0.1,0.1,0.1,0.1,0.010003,0.0
2,1,0,100,0.92,0.88,0.8,0.82,1.95,0.1,0.1,0.1,0.1,0.009944,0.0
2,8,1,100,0.97,0.91,0.8,0.75,1.93,0.1,0.1,0.1,0.1,0.006681,0.0
2,1,1,100,0.97,0.91,0.8,0.75,1.93,0.1,0.1,0.1,0.1,0.007476000000000001,0.0
2,7,1,100,0.97,0.91,0.8,0.75,1.93,0.1,0.1,0.1,0.1,0.00554,0.0
2,5,2,100,0.88,0.92,0.8,0.72,2.06,0.1,0.1,0.1,0.1,0.028857,0.0
2,6,2,100,0.88,0.92,0.8,0.72,2.06,0.1,0.1,0.1,0.1,0.022438,0.0
2,9,2,100,0.88,0.92,0.8,0.72,2.06,0.1,0.1,0.1,0.1,0.040623,0.0
2,2,3,100,1.02,0.92,0.8,1.04,1.52,0.1,0.1,0.1,0.1,0.017613,0.0
2,7,2,100,0.88,0.92,0.8,0.72,2.06,0.1,0.1,0.1,0.1,0.007475,0.0
2,8,2,100,0.88,0.92,0.8,0.72,2.06,0.1,0.1,0.1,0.1,0.009691,0.0
2,1,3,100,1.02,0.92,0.8,1.04,1.52,0.1,0.1,0.1,0.1,0.015394,0.0
2,5,3,100,1.02,0.92,0.8,1.04,1.52,0.1,0.1,0.1,0.1,0.019874,0.0
2,4,2,100,0.88,0.92,0.8,0.72,2.06,0.1,0.1,0.1,0.1,0.042917000000000004,0.0
2,0,3,100,1.02,0.92,0.8,1.04,1.52,0.1,0.1,0.1,0.1,0.028099000000000002,0.0
2,3,3,100,1.02,0.92,0.8,1.04,1.52,0.1,0.1,0.1,0.1,0.008931999999999999,0.0
2,7,3,100,1.02,0.92,0.8,1.04,1.52,0.1,0.1,0.1,0.1,0.017159,0.0
2,1,4,100,0.96,0.92,0.8,0.76,2.12,0.1,0.1,0.1,0.1,0.010535,0.0
2,3,4,100,0.96,0.92,0.8,0.76,2.12,0.1,0.1,0.1,0.1,0.009618999999999999,0.0
2,4,3,100,1.02,0.92,0.8,1.04,1.52,0.1,0.1,0.1,0.1,0.030237,0.0
2,6,3,100,1.02,0.92,0.8,1.04,1.52,0.1,0.1,0.1,0.1,0.027627999999999996,0.0
2,0,4,100,0.96,0.92,0.8,0.76,2.12,0.1,0.1,0.1,0.1,0.009359000000000001,0.0
2,2,4,100,0.96,0.92,0.8,0.76,2.12,0.1,0.1,0.1,0.1,0.012604,0.0
2,9,3,100,1.02,0.92,0.8,1.04,1.52,0.1,0.1,0.1,0.1,0.026284,0.0
2,7,4,100,0.96,0.92,0.8,0.76,2.12,0.1,0.1,0.1,0.1,0.00689,0.0
2,4,4,100,0.96,0.92,0.8,0.76,2.12,0.1,0.1,0.1,0.1,0.034725,0.0
2,8,3,100,1.02,0.92,0.8,1.04,1.52,0.1,0.1,0.1,0.1,0.02752,0.0
2,6,4,100,0.96,0.92,0.8,0.76,2.12,0.1,0.1,0.1,0.1,0.015734,0.0
2,5,4,100,0.96,0.92,0.8,0.76,2.12,0.1,0.1,0.1,0.1,0.017796,0.0
2,9,4,100,0.96,0.92,0.8,0.76,2.12,0.1,0.1,0.1,0.1,0.036669,0.0
2,0,5,100,1.14,0.99,0.8,0.52,1.87,0.1,0.1,0.1,0.1,0.49458,0.0
2,7,5,100,1.14,0.99,0.8,0.52,1.87,0.1,0.1,0.1,0.1,0.035571,0.0
2,8,4,100,0.96,0.92,0.8,0.76,2.12,0.1,0.1,0.1,0.1,0.00939,0.0
2,8,5,100,1.14,0.99,0.8,0.52,1.87,0.1,0.1,0.1,0.1,0.018354,0.0
2,6,5,100,1.14,0.99,0.8,0.52,1.87,0.1,0.1,0.1,0.1,0.184635,0.0
2,2,5,100,1.14,0.99,0.8,0.52,1.87,0.1,0.1,0.1,0.1,0.713599,0.0
2,1,5,100,1.14,0.99,0.8,0.52,1.87,0.1,0.1,0.1,0.1,0.434541,0.0
2,5,5,100,1.14,0.99,0.8,0.52,1.87,0.1,0.1,0.1,0.1,0.398318,0.0
2,0,6,100,0.97,0.91,0.8,0.75,1.93,0.1,0.1,0.1,0.1,0.00885,0.0
2,3,5,100,1.14,0.99,0.8,0.52,1.87,0.1,0.1,0.1,0.1,0.04894,0.0
2,5,6,100,0.97,0.91,0.8,0.75,1.93,0.1,0.1,0.1,0.1,0.01729,0.0
2,8,6,100,0.97,0.91,0.8,0.75,1.93,0.1,0.1,0.1,0.1,0.006681,0.0
2,4,5,100,1.14,0.99,0.8,0.52,1.87,0.1,0.1,0.1,0.1,0.43052299999999993,0.0
2,9,5,100,1.14,0.99,0.8,0.52,1.87,0.1,0.1,0.1,0.1,0.596287,0.0
2,3,6,100,0.97,0.91,0.8,0.75,1.93,0.1,0.1,0.1,0.1,0.009683,0.0
2,1,6,100,0.97,0.91,0.8,0.75,1.93,0.1,0.1,0.1,0.1,0.007476000000000001,0.0
2,2,6,100,0.97,0.91,0.8,0.75,1.93,0.1,0.1,0.1,0.1,0.00932,0.0
2,6,6,100,0.97,0.91,0.8,0.75,1.93,0.1,0.1,0.1,0.1,0.012106,0.0
2,4,6,100,0.97,0.91,0.8,0.75,1.93,0.1,0.1,0.1,0.1,0.028898000000000004,0.0
2,9,6,100,0.97,0.91,0.8,0.75,1.93,0.1,0.1,0.1,0.1,0.026059,0.0
2,7,6,100,0.97,0.91,0.8,0.75,1.93,0.1,0.1,0.1,0.1,0.00554,0.0
2,1,7,100,1.25,0.87,0.8,0.86,1.52,0.1,0.1,0.1,0.1,0.004175,0.0
2,0,7,100,1.25,0.87,0.8,0.86,1.52,0.1,0.1,0.1,0.1,0.014435,0.0
2,2,7,100,1.25,0.87,0.8,0.86,1.52,0.1,0.1,0.1,0.1,0.008235,0.0
2,4,7,100,1.25,0.87,0.8,0.86,1.52,0.1,0.1,0.1,0.1,0.012225,0.0
2,9,7,100,1.25,0.87,0.8,0.86,1.52,0.1,0.1,0.1,0.1,0.011457,0.0
2,6,7,100,1.25,0.87,0.8,0.86,1.52,0.1,0.1,0.1,0.1,0.007776000000000001,0.0
2,8,7,100,1.25,0.87,0.8,0.86,1.52,0.1,0.1,0.1,0.1,0.012490000000000001,0.0
2,4,8,100,0.83,0.87,0.8,0.0,3.14,0.1,0.1,0.1,0.1,1.136719,0.0
2,5,8,100,0.83,0.87,0.8,0.0,3.14,0.1,0.1,0.1,0.1,1.150349,0.0
2,3,7,100,1.25,0.87,0.8,0.86,1.52,0.1,0.1,0.1,0.1,0.003611,0.0
2,1,8,100,0.83,0.87,0.8,0.0,3.14,0.1,0.1,0.1,0.1,1.131925,0.0
2,0,8,100,0.83,0.87,0.8,0.0,3.14,0.1,0.1,0.1,0.1,1.133764,0.0
2,7,7,100,1.25,0.87,0.8,0.86,1.52,0.1,0.1,0.1,0.1,0.007244,0.0
2,6,8,100,0.83,0.87,0.8,0.0,3.14,0.1,0.1,0.1,0.1,1.12361,0.0
2,2,8,100,0.83,0.87,0.8,0.0,3.14,0.1,0.1,0.1,0.1,1.13199,0.0
2,3,8,100,0.83,0.87,0.8,0.0,3.14,0.1,0.1,0.1,0.1,1.094407,0.0
2,5,7,100,1.25,0.87,0.8,0.86,1.52,0.1,0.1,0.1,0.1,0.009807,0.0
2,0,9,100,0.98,0.87,0.8,0.72,1.36,0.1,0.1,0.1,0.1,0.009004,0.0
2,8,8,100,0.83,0.87,0.8,0.0,3.14,0.1,0.1,0.1,0.1,1.133764,0.0
2,5,9,100,0.98,0.87,0.8,0.72,1.36,0.1,0.1,0.1,0.1,0.005531,0.0
2,9,8,100,0.83,0.87,0.8,0.0,3.14,0.1,0.1,0.1,0.1,1.160068,0.0
2,1,9,100,0.98,0.87,0.8,0.72,1.36,0.1,0.1,0.1,0.1,0.004696,0.0
2,7,8,100,0.83,0.87,0.8,0.0,3.14,0.1,0.1,0.1,0.1,1.128999,0.0
2,2,9,100,0.98,0.87,0.8,0.72,1.36,0.1,0.1,0.1,0.1,0.0077870000000000005,0.0
2,4,9,100,0.98,0.87,0.8,0.72,1.36,0.1,0.1,0.1,0.1,0.016863999999999997,0.0
2,3,9,100,0.98,0.87,0.8,0.72,1.36,0.1,0.1,0.1,0.1,0.008081,0.0
2,6,9,100,0.98,0.87,0.8,0.72,1.36,0.1,0.1,0.1,0.1,0.002853,0.0
2,8,9,100,0.98,0.87,0.8,0.72,1.36,0.1,0.1,0.1,0.1,0.003782,0.0
2,7,9,100,0.98,0.87,0.8,0.72,1.36,0.1,0.1,0.1,0.1,0.002593,0.0
2,9,9,100,0.98,0.87,0.8,0.72,1.36,0.1,0.1,0.1,0.1,0.015307,0.0
2,4,0,100,0.98,0.89,0.8,0.74,1.64,0.1,0.1,0.1,0.1,0.022572,0.0
2,3,2,100,1.0,0.9,0.8,0.88,1.44,0.1,0.1,0.1,0.1,0.004078,0.0
2,2,1,100,0.93,0.9,0.8,0.72,1.71,0.1,0.1,0.1,0.1,0.009018,0.0
2,9,0,100,0.98,0.89,0.8,0.74,1.64,0.1,0.1,0.1,0.1,0.016325,0.0
2,0,0,100,0.98,0.89,0.8,0.74,1.64,0.1,0.1,0.1,0.1,0.009367,0.0
2,6,0,100,0.98,0.89,0.8,0.74,1.64,0.1,0.1,0.1,0.1,0.006872,0.0
2,1,1,100,0.93,0.9,0.8,0.72,1.71,0.1,0.1,0.1,0.1,0.006874,0.0
2,8,0,100,0.98,0.89,0.8,0.74,1.64,0.1,0.1,0.1,0.1,0.0052,0.0
2,7,1,100,0.93,0.9,0.8,0.72,1.71,0.1,0.1,0.1,0.1,0.00414,0.0
2,6,1,100,0.93,0.9,0.8,0.72,1.71,0.1,0.1,0.1,0.1,0.008697,0.0
2,1,2,100,1.0,0.9,0.8,0.88,1.44,0.1,0.1,0.1,0.1,0.004999,0.0
2,9,1,100,0.93,0.9,0.8,0.72,1.71,0.1,0.1,0.1,0.1,0.022512,0.0
2,0,1,100,0.93,0.9,0.8,0.72,1.71,0.1,0.1,0.1,0.1,0.008214,0.0
2,3,0,100,0.98,0.89,0.8,0.74,1.64,0.1,0.1,0.1,0.1,0.007292,0.0
2,5,0,100,0.98,0.89,0.8,0.74,1.64,0.1,0.1,0.1,0.1,0.013451,0.0
2,8,1,100,0.93,0.9,0.8,0.72,1.71,0.1,0.1,0.1,0.1,0.004637,0.0
2,2,2,100,1.0,0.9,0.8,0.88,1.44,0.1,0.1,0.1,0.1,0.009419,0.0
2,5,1,100,0.93,0.9,0.8,0.72,1.71,0.1,0.1,0.1,0.1,0.020188,0.0
2,7,0,100,0.98,0.89,0.8,0.74,1.64,0.1,0.1,0.1,0.1,0.002116,0.0
2,1,0,100,0.98,0.89,0.8,0.74,1.64,0.1,0.1,0.1,0.1,0.007412,0.0
2,3,1,100,0.93,0.9,0.8,0.72,1.71,0.1,0.1,0.1,0.1,0.010711,0.0
2,0,2,100,1.0,0.9,0.8,0.88,1.44,0.1,0.1,0.1,0.1,0.020242,0.0
2,2,0,100,0.98,0.89,0.8,0.74,1.64,0.1,0.1,0.1,0.1,0.0077930000000000004,0.0
2,4,1,100,0.93,0.9,0.8,0.72,1.71,0.1,0.1,0.1,0.1,0.034111,0.0
2,4,2,100,1.0,0.9,0.8,0.88,1.44,0.1,0.1,0.1,0.1,0.016003,0.0
2,2,3,100,0.97,0.9,0.8,0.74,1.74,0.1,0.1,0.1,0.1,0.007704000000000001,0.0
2,0,3,100,0.97,0.9,0.8,0.74,1.74,0.1,0.1,0.1,0.1,0.008812,0.0
2,9,2,100,1.0,0.9,0.8,0.88,1.44,0.1,0.1,0.1,0.1,0.012179,0.0
2,8,2,100,1.0,0.9,0.8,0.88,1.44,0.1,0.1,0.1,0.1,0.016675,0.0
2,5,3,100,0.97,0.9,0.8,0.74,1.74,0.1,0.1,0.1,0.1,0.016242,0.0
2,1,3,100,0.97,0.9,0.8,0.74,1.74,0.1,0.1,0.1,0.1,0.0071849999999999995,0.0
2,4,3,100,0.97,0.9,0.8,0.74,1.74,0.1,0.1,0.1,0.1,0.025181,0.0
2,6,3,100,0.97,0.9,0.8,0.74,1.74,0.1,0.1,0.1,0.1,0.008459,0.0
2,6,2,100,1.0,0.9,0.8,0.88,1.44,0.1,0.1,0.1,0.1,0.008956,0.0
2,7,3,100,0.97,0.9,0.8,0.74,1.74,0.1,0.1,0.1,0.1,0.0034920000000000003,0.0
2,1,4,100,1.06,0.93,0.8,0.62,1.62,0.1,0.1,0.1,0.1,0.041665,0.0
2,5,2,100,1.0,0.9,0.8,0.88,1.44,0.1,0.1,0.1,0.1,0.009497,0.0
2,8,3,100,0.97,0.9,0.8,0.74,1.74,0.1,0.1,0.1,0.1,0.005211,0.0
2,7,2,100,1.0,0.9,0.8,0.88,1.44,0.1,0.1,0.1,0.1,0.007947,0.0
2,3,3,100,0.97,0.9,0.8,0.74,1.74,0.1,0.1,0.1,0.1,0.009251,0.0
2,9,3,100,0.97,0.9,0.8,0.74,1.74,0.1,0.1,0.1,0.1,0.019228,0.0
2,3,4,100,1.06,0.93,0.8,0.62,1.62,0.1,0.1,0.1,0.1,0.019944,0.0
2,4,4,100,1.06,0.93,0.8,0.62,1.62,0.1,0.1,0.1,0.1,0.07157000000000001,0.0
2,0,4,100,1.06,0.93,0.8,0.62,1.62,0.1,0.1,0.1,0.1,0.049282,0.0
2,2,4,100,1.06,0.93,0.8,0.62,1.62,0.1,0.1,0.1,0.1,0.021103999999999998,0.0
2,5,4,100,1.06,0.93,0.8,0.62,1.62,0.1,0.1,0.1,0.1,0.25358600000000003,0.0
2,6,4,100,1.06,0.93,0.8,0.62,1.62,0.1,0.1,0.1,0.1,0.055236,0.0
2,7,4,100,1.06,0.93,0.8,0.62,1.62,0.1,0.1,0.1,0.1,0.006274,0.0
2,8,4,100,1.06,0.93,0.8,0.62,1.62,0.1,0.1,0.1,0.1,0.004331000000000001,0.0
2,6,5,100,1.0,0.81,0.8,0.68,0.51,0.1,0.1,0.1,0.1,0.437362,0.0
2,0,5,100,1.0,0.81,0.8,0.68,0.51,0.1,0.1,0.1,0.1,0.403382,0.0
2,1,5,100,1.0,0.81,0.8,0.68,0.51,0.1,0.1,0.1,0.1,0.648442,0.0
2,9,4,100,1.06,0.93,0.8,0.62,1.62,0.1,0.1,0.1,0.1,0.29890900000000004,0.0
2,3,5,100,1.0,0.81,0.8,0.68,0.51,0.1,0.1,0.1,0.1,0.10628499999999999,0.0
2,8,5,100,1.0,0.81,0.8,0.68,0.51,0.1,0.1,0.1,0.1,0.742812,0.0
2,5,5,100,1.0,0.81,0.8,0.68,0.51,0.1,0.1,0.1,0.1,0.339124,0.0
2,2,6,100,1.13,0.8,0.8,0.72,0.31,0.1,0.1,0.1,0.1,0.589532,0.0
2,2,5,100,1.0,0.81,0.8,0.68,0.51,0.1,0.1,0.1,0.1,0.349052,0.0
2,9,5,100,1.0,0.81,0.8,0.68,0.51,0.1,0.1,0.1,0.1,0.36775,0.0
2,1,6,100,1.13,0.8,0.8,0.72,0.31,0.1,0.1,0.1,0.1,0.5923649999999999,0.0
2,7,5,100,1.0,0.81,0.8,0.68,0.51,0.1,0.1,0.1,0.1,0.35928000000000004,0.0
2,3,6,100,1.13,0.8,0.8,0.72,0.31,0.1,0.1,0.1,0.1,0.626263,0.0
2,5,6,100,1.13,0.8,0.8,0.72,0.31,0.1,0.1,0.1,0.1,0.61324,0.0
2,0,6,100,1.13,0.8,0.8,0.72,0.31,0.1,0.1,0.1,0.1,0.6305609999999999,0.0
2,4,5,100,1.0,0.81,0.8,0.68,0.51,0.1,0.1,0.1,0.1,0.377315,0.0
2,4,6,100,1.13,0.8,0.8,0.72,0.31,0.1,0.1,0.1,0.1,0.637472,0.0
2,8,6,100,1.13,0.8,0.8,0.72,0.31,0.1,0.1,0.1,0.1,0.626567,0.0
2,6,6,100,1.13,0.8,0.8,0.72,0.31,0.1,0.1,0.1,0.1,0.601952,0.0
2,7,6,100,1.13,0.8,0.8,0.72,0.31,0.1,0.1,0.1,0.1,0.601557,0.0
2,0,7,100,0.92,0.8,0.8,0.24,1.12,0.1,0.1,0.1,0.1,0.911244,0.0
2,1,7,100,0.92,0.8,0.8,0.24,1.12,0.1,0.1,0.1,0.1,0.790366,0.0
2,9,6,100,1.13,0.8,0.8,0.72,0.31,0.1,0.1,0.1,0.1,0.581465,0.0
2,6,8,100,1.01,0.8,0.8,0.66,0.22,0.1,0.1,0.1,0.1,0.579967,0.0
2,0,8,100,1.01,0.8,0.8,0.66,0.22,0.1,0.1,0.1,0.1,0.579371,0.0
2,3,8,100,1.01,0.8,0.8,0.66,0.22,0.1,0.1,0.1,0.1,0.576049,0.0
2,4,7,100,0.92,0.8,0.8,0.24,1.12,0.1,0.1,0.1,0.1,1.0432190000000001,0.0
2,5,7,100,0.92,0.8,0.8,0.24,1.12,0.1,0.1,0.1,0.1,0.8049930000000001,0.0
2,1,8,100,1.01,0.8,0.8,0.66,0.22,0.1,0.1,0.1,0.1,0.5655720000000001,0.0
2,2,7,100,0.92,0.8,0.8,0.24,1.12,0.1,0.1,0.1,0.1,1.049843,0.0
2,7,7,100,0.92,0.8,0.8,0.24,1.12,0.1,0.1,0.1,0.1,0.933217,0.0
2,3,7,100,0.92,0.8,0.8,0.24,1.12,0.1,0.1,0.1,0.1,0.7833140000000001,0.0
2,6,7,100,0.92,0.8,0.8,0.24,1.12,0.1,0.1,0.1,0.1,0.92122,0.0
2,8,7,100,0.92,0.8,0.8,0.24,1.12,0.1,0.1,0.1,0.1,0.77381,0.0
2,9,7,100,0.92,0.8,0.8,0.24,1.12,0.1,0.1,0.1,0.1,0.757638,0.0
2,4,8,100,1.01,0.8,0.8,0.66,0.22,0.1,0.1,0.1,0.1,0.567783,0.0
2,9,8,100,1.01,0.8,0.8,0.66,0.22,0.1,0.1,0.1,0.1,0.573665,0.0
2,8,8,100,1.01,0.8,0.8,0.66,0.22,0.1,0.1,0.1,0.1,0.571225,0.0
2,2,8,100,1.01,0.8,0.8,0.66,0.22,0.1,0.1,0.1,0.1,0.5713239999999999,0.0
2,1,9,100,0.74,0.69,0.8,1.02,0.6,0.1,0.1,0.1,0.1,1.034462,0.0
2,0,9,100,0.74,0.69,0.8,1.02,0.6,0.1,0.1,0.1,0.1,1.018434,0.0
2,3,9,100,0.74,0.69,0.8,1.02,0.6,0.1,0.1,0.1,0.1,0.95737,0.0
2,7,8,100,1.01,0.8,0.8,0.66,0.22,0.1,0.1,0.1,0.1,0.578906,0.0
2,2,9,100,0.74,0.69,0.8,1.02,0.6,0.1,0.1,0.1,0.1,0.9982120000000001,0.0
2,5,8,100,1.01,0.8,0.8,0.66,0.22,0.1,0.1,0.1,0.1,0.566734,0.0
2,5,9,100,0.74,0.69,0.8,1.02,0.6,0.1,0.1,0.1,0.1,1.016422,0.0
2,4,9,100,0.74,0.69,0.8,1.02,0.6,0.1,0.1,0.1,0.1,1.012446,0.0
2,7,9,100,0.74,0.69,0.8,1.02,0.6,0.1,0.1,0.1,0.1,0.9697680000000001,0.0
2,9,9,100,0.74,0.69,0.8,1.02,0.6,0.1,0.1,0.1,0.1,1.087996,0.0
2,8,9,100,0.74,0.69,0.8,1.02,0.6,0.1,0.1,0.1,0.1,1.106027,0.0
2,6,9,100,0.74,0.69,0.8,1.02,0.6,0.1,0.1,0.1,0.1,1.018851,0.0
2,7,1,100,0.99,0.88,0.8,0.8,1.4,0.1,0.1,0.1,0.1,0.003978,0.0
2,8,1,100,0.99,0.88,0.8,0.8,1.4,0.1,0.1,0.1,0.1,0.010303,0.0
2,8,0,100,0.96,0.88,0.8,0.72,1.54,0.1,0.1,0.1,0.1,0.0044,0.0
2,2,0,100,0.96,0.88,0.8,0.72,1.54,0.1,0.1,0.1,0.1,0.008018,0.0
2,4,1,100,0.99,0.88,0.8,0.8,1.4,0.1,0.1,0.1,0.1,0.013300999999999999,0.0
2,6,0,100,0.96,0.88,0.8,0.72,1.54,0.1,0.1,0.1,0.1,0.006108,0.0
2,7,0,100,0.96,0.88,0.8,0.72,1.54,0.1,0.1,0.1,0.1,0.002426,0.0
2,3,0,100,0.96,0.88,0.8,0.72,1.54,0.1,0.1,0.1,0.1,0.007561,0.0
2,5,0,100,0.96,0.88,0.8,0.72,1.54,0.1,0.1,0.1,0.1,0.0133,0.0
2,9,1,100,0.99,0.88,0.8,0.8,1.4,0.1,0.1,0.1,0.1,0.0108,0.0
2,2,2,100,0.98,0.88,0.8,0.73,1.55,0.1,0.1,0.1,0.1,0.008072,0.0
2,1,0,100,0.96,0.88,0.8,0.72,1.54,0.1,0.1,0.1,0.1,0.0066879999999999995,0.0
2,1,2,100,0.98,0.88,0.8,0.73,1.55,0.1,0.1,0.1,0.1,0.006745,0.0
2,0,1,100,0.99,0.88,0.8,0.8,1.4,0.1,0.1,0.1,0.1,0.015271000000000002,0.0
2,3,1,100,0.99,0.88,0.8,0.8,1.4,0.1,0.1,0.1,0.1,0.00322,0.0
2,6,1,100,0.99,0.88,0.8,0.8,1.4,0.1,0.1,0.1,0.1,0.0043219999999999995,0.0
2,0,0,100,0.96,0.88,0.8,0.72,1.54,0.1,0.1,0.1,0.1,0.008952,0.0
2,2,1,100,0.99,0.88,0.8,0.8,1.4,0.1,0.1,0.1,0.1,0.006338,0.0
2,9,0,100,0.96,0.88,0.8,0.72,1.54,0.1,0.1,0.1,0.1,0.015732,0.0
2,1,1,100,0.99,0.88,0.8,0.8,1.4,0.1,0.1,0.1,0.1,0.004035,0.0
2,0,2,100,0.98,0.88,0.8,0.73,1.55,0.1,0.1,0.1,0.1,0.009273,0.0
2,5,1,100,0.99,0.88,0.8,0.8,1.4,0.1,0.1,0.1,0.1,0.0058969999999999995,0.0
2,4,0,100,0.96,0.88,0.8,0.72,1.54,0.1,0.1,0.1,0.1,0.021986000000000002,0.0
2,3,2,100,0.98,0.88,0.8,0.73,1.55,0.1,0.1,0.1,0.1,0.006840000000000001,0.0
2,6,2,100,0.98,0.88,0.8,0.73,1.55,0.1,0.1,0.1,0.1,0.005589,0.0
2,4,2,100,0.98,0.88,0.8,0.73,1.55,0.1,0.1,0.1,0.1,0.020909999999999998,0.0
2,6,3,100,1.02,0.9,0.8,0.67,1.49,0.1,0.1,0.1,0.1,0.005862,0.0
2,9,2,100,0.98,0.88,0.8,0.73,1.55,0.1,0.1,0.1,0.1,0.015290999999999999,0.0
2,8,3,100,1.02,0.9,0.8,0.67,1.49,0.1,0.1,0.1,0.1,0.002359,0.0
2,2,3,100,1.02,0.9,0.8,0.67,1.49,0.1,0.1,0.1,0.1,0.006569,0.0
2,0,4,100,0.99,0.84,0.8,0.7,0.94,0.1,0.1,0.1,0.1,0.007497,0.0
2,1,3,100,1.02,0.9,0.8,0.67,1.49,0.1,0.1,0.1,0.1,0.008786,0.0
2,7,3,100,1.02,0.9,0.8,0.67,1.49,0.1,0.1,0.1,0.1,0.003625,0.0
2,8,2,100,0.98,0.88,0.8,0.73,1.55,0.1,0.1,0.1,0.1,0.004795000000000001,0.0
2,1,4,100,0.99,0.84,0.8,0.7,0.94,0.1,0.1,0.1,0.1,0.003165,0.0
2,2,4,100,0.99,0.84,0.8,0.7,0.94,0.1,0.1,0.1,0.1,0.004489,0.0
2,4,3,100,1.02,0.9,0.8,0.67,1.49,0.1,0.1,0.1,0.1,0.028169,0.0
2,5,2,100,0.98,0.88,0.8,0.73,1.55,0.1,0.1,0.1,0.1,0.012465,0.0
2,5,3,100,1.02,0.9,0.8,0.67,1.49,0.1,0.1,0.1,0.1,0.01553,0.0
2,5,4,100,0.99,0.84,0.8,0.7,0.94,0.1,0.1,0.1,0.1,0.007079,0.0
2,9,3,100,1.02,0.9,0.8,0.67,1.49,0.1,0.1,0.1,0.1,0.021586,0.0
2,7,4,100,0.99,0.84,0.8,0.7,0.94,0.1,0.1,0.1,0.1,0.003843,0.0
2,3,3,100,1.02,0.9,0.8,0.67,1.49,0.1,0.1,0.1,0.1,0.011206,0.0
2,0,3,100,1.02,0.9,0.8,0.67,1.49,0.1,0.1,0.1,0.1,0.006682,0.0
2,7,2,100,0.98,0.88,0.8,0.73,1.55,0.1,0.1,0.1,0.1,0.0021780000000000002,0.0
2,3,4,100,0.99,0.84,0.8,0.7,0.94,0.1,0.1,0.1,0.1,0.004044,0.0
2,6,4,100,0.99,0.84,0.8,0.7,0.94,0.1,0.1,0.1,0.1,0.00487,0.0
2,4,4,100,0.99,0.84,0.8,0.7,0.94,0.1,0.1,0.1,0.1,0.01736,0.0
2,9,4,100,0.99,0.84,0.8,0.7,0.94,0.1,0.1,0.1,0.1,0.010320999999999999,0.0
2,8,5,100,1.06,0.82,0.8,0.72,0.84,0.1,0.1,0.1,0.1,0.007579000000000001,0.0
2,4,5,100,1.06,0.82,0.8,0.72,0.84,0.1,0.1,0.1,0.1,0.0066549999999999995,0.0
2,2,5,100,1.06,0.82,0.8,0.72,0.84,0.1,0.1,0.1,0.1,0.005305,0.0
2,8,4,100,0.99,0.84,0.8,0.7,0.94,0.1,0.1,0.1,0.1,0.005509,0.0
2,1,5,100,1.06,0.82,0.8,0.72,0.84,0.1,0.1,0.1,0.1,0.002671,0.0
2,6,5,100,1.06,0.82,0.8,0.72,0.84,0.1,0.1,0.1,0.1,0.006215,0.0
2,5,5,100,1.06,0.82,0.8,0.72,0.84,0.1,0.1,0.1,0.1,0.004225,0.0
2,9,5,100,1.06,0.82,0.8,0.72,0.84,0.1,0.1,0.1,0.1,0.00998,0.0
2,0,6,100,0.95,0.82,0.8,0.48,1.24,0.1,0.1,0.1,0.1,0.399619,0.0
2,2,6,100,0.95,0.82,0.8,0.48,1.24,0.1,0.1,0.1,0.1,0.065844,0.0
2,7,5,100,1.06,0.82,0.8,0.72,0.84,0.1,0.1,0.1,0.1,0.005447,0.0
2,0,5,100,1.06,0.82,0.8,0.72,0.84,0.1,0.1,0.1,0.1,0.007398,0.0
2,3,5,100,1.06,0.82,0.8,0.72,0.84,0.1,0.1,0.1,0.1,0.004323,0.0
2,3,6,100,0.95,0.82,0.8,0.48,1.24,0.1,0.1,0.1,0.1,0.063391,0.0
2,1,6,100,0.95,0.82,0.8,0.48,1.24,0.1,0.1,0.1,0.1,0.31856100000000004,0.0
2,4,6,100,0.95,0.82,0.8,0.48,1.24,0.1,0.1,0.1,0.1,0.160636,0.0
2,5,6,100,0.95,0.82,0.8,0.48,1.24,0.1,0.1,0.1,0.1,0.395206,0.0
2,1,7,100,1.0,0.82,0.8,0.69,0.79,0.1,0.1,0.1,0.1,0.005124,0.0
2,8,6,100,0.95,0.82,0.8,0.48,1.24,0.1,0.1,0.1,0.1,0.005176,0.0
2,7,6,100,0.95,0.82,0.8,0.48,1.24,0.1,0.1,0.1,0.1,0.013327,0.0
2,0,7,100,1.0,0.82,0.8,0.69,0.79,0.1,0.1,0.1,0.1,0.005896,0.0
2,9,6,100,0.95,0.82,0.8,0.48,1.24,0.1,0.1,0.1,0.1,0.43932200000000005,0.0
2,6,6,100,0.95,0.82,0.8,0.48,1.24,0.1,0.1,0.1,0.1,0.137396,0.0
2,7,7,100,1.0,0.82,0.8,0.69,0.79,0.1,0.1,0.1,0.1,0.003553,0.0
2,4,8,100,0.86,0.78,0.8,0.87,0.97,0.1,0.1,0.1,0.1,0.033921,0.0
2,2,8,100,0.86,0.78,0.8,0.87,0.97,0.1,0.1,0.1,0.1,0.016653,0.0
2,0,8,100,0.86,0.78,0.8,0.87,0.97,0.1,0.1,0.1,0.1,0.029624,0.0
2,9,7,100,1.0,0.82,0.8,0.69,0.79,0.1,0.1,0.1,0.1,0.009779000000000001,0.0
2,2,7,100,1.0,0.82,0.8,0.69,0.79,0.1,0.1,0.1,0.1,0.004035,0.0
2,8,7,100,1.0,0.82,0.8,0.69,0.79,0.1,0.1,0.1,0.1,0.005557,0.0
2,6,7,100,1.0,0.82,0.8,0.69,0.79,0.1,0.1,0.1,0.1,0.004043,0.0
2,3,8,100,0.86,0.78,0.8,0.87,0.97,0.1,0.1,0.1,0.1,0.0087,0.0
2,9,8,100,0.86,0.78,0.8,0.87,0.97,0.1,0.1,0.1,0.1,0.02852,0.0
2,3,7,100,1.0,0.82,0.8,0.69,0.79,0.1,0.1,0.1,0.1,0.004699,0.0
2,8,8,100,0.86,0.78,0.8,0.87,0.97,0.1,0.1,0.1,0.1,0.031336,0.0
2,5,8,100,0.86,0.78,0.8,0.87,0.97,0.1,0.1,0.1,0.1,0.015092,0.0
2,1,8,100,0.86,0.78,0.8,0.87,0.97,0.1,0.1,0.1,0.1,0.016072,0.0
2,5,7,100,1.0,0.82,0.8,0.69,0.79,0.1,0.1,0.1,0.1,0.005522,0.0
2,6,8,100,0.86,0.78,0.8,0.87,0.97,0.1,0.1,0.1,0.1,0.026279000000000004,0.0
2,1,9,100,0.95,0.96,0.8,0.78,2.64,0.1,0.1,0.1,0.1,0.019795,0.0
2,4,7,100,1.0,0.82,0.8,0.69,0.79,0.1,0.1,0.1,0.1,0.011015,0.0
2,7,8,100,0.86,0.78,0.8,0.87,0.97,0.1,0.1,0.1,0.1,0.017863999999999998,0.0
2,0,9,100,0.95,0.96,0.8,0.78,2.64,0.1,0.1,0.1,0.1,0.011676,0.0
2,3,9,100,0.95,0.96,0.8,0.78,2.64,0.1,0.1,0.1,0.1,0.019573,0.0
2,2,9,100,0.95,0.96,0.8,0.78,2.64,0.1,0.1,0.1,0.1,0.024555,0.0
2,4,9,100,0.95,0.96,0.8,0.78,2.64,0.1,0.1,0.1,0.1,0.044633,0.0
2,5,9,100,0.95,0.96,0.8,0.78,2.64,0.1,0.1,0.1,0.1,0.023087,0.0
2,8,9,100,0.95,0.96,0.8,0.78,2.64,0.1,0.1,0.1,0.1,0.014178,0.0
2,7,9,100,0.95,0.96,0.8,0.78,2.64,0.1,0.1,0.1,0.1,0.0095,0.0
2,6,9,100,0.95,0.96,0.8,0.78,2.64,0.1,0.1,0.1,0.1,0.024626,0.0
2,9,9,100,0.95,0.96,0.8,0.78,2.64,0.1,0.1,0.1,0.1,0.046617,0.0
2,0,0,100,1.0,0.85,0.8,0.74,1.1,0.1,0.1,0.1,0.1,0.011862000000000001,0.0
2,2,2,100,1.01,0.86,0.8,0.68,1.14,0.1,0.1,0.1,0.1,0.008924,0.0
2,5,0,100,1.0,0.85,0.8,0.74,1.1,0.1,0.1,0.1,0.1,0.005915,0.0
2,7,0,100,1.0,0.85,0.8,0.74,1.1,0.1,0.1,0.1,0.1,0.004352,0.0
2,9,0,100,1.0,0.85,0.8,0.74,1.1,0.1,0.1,0.1,0.1,0.013059000000000001,0.0
2,5,1,100,0.99,0.85,0.8,0.71,1.17,0.1,0.1,0.1,0.1,0.006072,0.0
2,8,1,100,0.99,0.85,0.8,0.71,1.17,0.1,0.1,0.1,0.1,0.004261,0.0
2,6,1,100,0.99,0.85,0.8,0.71,1.17,0.1,0.1,0.1,0.1,0.002183,0.0
2,1,1,100,0.99,0.85,0.8,0.71,1.17,0.1,0.1,0.1,0.1,0.003135,0.0
2,9,1,100,0.99,0.85,0.8,0.71,1.17,0.1,0.1,0.1,0.1,0.013658000000000002,0.0
2,8,0,100,1.0,0.85,0.8,0.74,1.1,0.1,0.1,0.1,0.1,0.006651000000000001,0.0
2,3,0,100,1.0,0.85,0.8,0.74,1.1,0.1,0.1,0.1,0.1,0.003773,0.0
2,2,0,100,1.0,0.85,0.8,0.74,1.1,0.1,0.1,0.1,0.1,0.0051600000000000005,0.0
2,1,0,100,1.0,0.85,0.8,0.74,1.1,0.1,0.1,0.1,0.1,0.003288,0.0
2,6,0,100,1.0,0.85,0.8,0.74,1.1,0.1,0.1,0.1,0.1,0.0043630000000000006,0.0
2,7,1,100,0.99,0.85,0.8,0.71,1.17,0.1,0.1,0.1,0.1,0.003151,0.0
2,4,0,100,1.0,0.85,0.8,0.74,1.1,0.1,0.1,0.1,0.1,0.013934,0.0
2,0,2,100,1.01,0.86,0.8,0.68,1.14,0.1,0.1,0.1,0.1,0.006499,0.0
2,3,1,100,0.99,0.85,0.8,0.71,1.17,0.1,0.1,0.1,0.1,0.005696,0.0
2,1,2,100,1.01,0.86,0.8,0.68,1.14,0.1,0.1,0.1,0.1,0.004921,0.0
2,2,1,100,0.99,0.85,0.8,0.71,1.17,0.1,0.1,0.1,0.1,0.006065999999999999,0.0
2,4,1,100,0.99,0.85,0.8,0.71,1.17,0.1,0.1,0.1,0.1,0.013704,0.0
2,3,2,100,1.01,0.86,0.8,0.68,1.14,0.1,0.1,0.1,0.1,0.009862000000000001,0.0
2,0,1,100,0.99,0.85,0.8,0.71,1.17,0.1,0.1,0.1,0.1,0.009831999999999999,0.0
2,9,2,100,1.01,0.86,0.8,0.68,1.14,0.1,0.1,0.1,0.1,0.014341,0.0
2,0,3,100,1.0,0.83,0.8,0.7,0.86,0.1,0.1,0.1,0.1,0.00609,0.0
2,5,2,100,1.01,0.86,0.8,0.68,1.14,0.1,0.1,0.1,0.1,0.0054,0.0
2,4,2,100,1.01,0.86,0.8,0.68,1.14,0.1,0.1,0.1,0.1,0.013106999999999999,0.0
2,6,3,100,1.0,0.83,0.8,0.7,0.86,0.1,0.1,0.1,0.1,0.0053100000000000005,0.0
2,7,2,100,1.01,0.86,0.8,0.68,1.14,0.1,0.1,0.1,0.1,0.003043,0.0
2,1,3,100,1.0,0.83,0.8,0.7,0.86,0.1,0.1,0.1,0.1,0.004554,0.0
2,8,2,100,1.01,0.86,0.8,0.68,1.14,0.1,0.1,0.1,0.1,0.002547,0.0
2,9,3,100,1.0,0.83,0.8,0.7,0.86,0.1,0.1,0.1,0.1,0.009831,0.0
2,5,3,100,1.0,0.83,0.8,0.7,0.86,0.1,0.1,0.1,0.1,0.005147,0.0
2,7,3,100,1.0,0.83,0.8,0.7,0.86,0.1,0.1,0.1,0.1,0.0043560000000000005,0.0
2,3,3,100,1.0,0.83,0.8,0.7,0.86,0.1,0.1,0.1,0.1,0.003995,0.0
2,1,4,100,1.03,0.82,0.8,0.7,0.82,0.1,0.1,0.1,0.1,0.003433,0.0
2,3,4,100,1.03,0.82,0.8,0.7,0.82,0.1,0.1,0.1,0.1,0.00428,0.0
2,4,4,100,1.03,0.82,0.8,0.7,0.82,0.1,0.1,0.1,0.1,0.007955,0.0
2,4,3,100,1.0,0.83,0.8,0.7,0.86,0.1,0.1,0.1,0.1,0.013268,0.0
2,2,4,100,1.03,0.82,0.8,0.7,0.82,0.1,0.1,0.1,0.1,0.004288,0.0
2,6,2,100,1.01,0.86,0.8,0.68,1.14,0.1,0.1,0.1,0.1,0.002069,0.0
2,8,3,100,1.0,0.83,0.8,0.7,0.86,0.1,0.1,0.1,0.1,0.006058,0.0
2,0,4,100,1.03,0.82,0.8,0.7,0.82,0.1,0.1,0.1,0.1,0.006171,0.0
2,2,3,100,1.0,0.83,0.8,0.7,0.86,0.1,0.1,0.1,0.1,0.004023,0.0
2,6,4,100,1.03,0.82,0.8,0.7,0.82,0.1,0.1,0.1,0.1,0.004887,0.0
2,7,4,100,1.03,0.82,0.8,0.7,0.82,0.1,0.1,0.1,0.1,0.004429,0.0
2,5,4,100,1.03,0.82,0.8,0.7,0.82,0.1,0.1,0.1,0.1,0.004497999999999999,0.0
2,9,4,100,1.03,0.82,0.8,0.7,0.82,0.1,0.1,0.1,0.1,0.009555,0.0
2,8,4,100,1.03,0.82,0.8,0.7,0.82,0.1,0.1,0.1,0.1,0.006308,0.0
2,2,8,100,1.02,0.79,0.8,0.68,0.57,0.1,0.1,0.1,0.1,0.284727,0.0
2,1,8,100,1.02,0.79,0.8,0.68,0.57,0.1,0.1,0.1,0.1,0.406573,0.0
2,5,8,100,1.02,0.79,0.8,0.68,0.57,0.1,0.1,0.1,0.1,0.222656,0.0
2,6,8,100,1.02,0.79,0.8,0.68,0.57,0.1,0.1,0.1,0.1,0.30565,0.0
2,3,8,100,1.02,0.79,0.8,0.68,0.57,0.1,0.1,0.1,0.1,0.049738,0.0
2,0,8,100,1.02,0.79,0.8,0.68,0.57,0.1,0.1,0.1,0.1,0.157986,0.0
2,8,8,100,1.02,0.79,0.8,0.68,0.57,0.1,0.1,0.1,0.1,0.029476,0.0
2,5,9,100,0.91,0.82,0.8,0.64,0.72,0.1,0.1,0.1,0.1,0.020016,0.0
2,0,9,100,0.91,0.82,0.8,0.64,0.72,0.1,0.1,0.1,0.1,0.00745,0.0
2,4,8,100,1.02,0.79,0.8,0.68,0.57,0.1,0.1,0.1,0.1,0.285623,0.0
2,1,9,100,0.91,0.82,0.8,0.64,0.72,0.1,0.1,0.1,0.1,0.030463999999999998,0.0
2,2,9,100,0.91,0.82,0.8,0.64,0.72,0.1,0.1,0.1,0.1,0.009328,0.0
2,4,9,100,0.91,0.82,0.8,0.64,0.72,0.1,0.1,0.1,0.1,0.014508000000000002,0.0
2,7,8,100,1.02,0.79,0.8,0.68,0.57,0.1,0.1,0.1,0.1,0.257738,0.0
2,3,9,100,0.91,0.82,0.8,0.64,0.72,0.1,0.1,0.1,0.1,0.016701,0.0
2,9,8,100,1.02,0.79,0.8,0.68,0.57,0.1,0.1,0.1,0.1,0.171728,0.0
2,6,9,100,0.91,0.82,0.8,0.64,0.72,0.1,0.1,0.1,0.1,0.006654,0.0
2,8,9,100,0.91,0.82,0.8,0.64,0.72,0.1,0.1,0.1,0.1,0.003268,0.0
2,7,9,100,0.91,0.82,0.8,0.64,0.72,0.1,0.1,0.1,0.1,0.003795,0.0
2,9,9,100,0.91,0.82,0.8,0.64,0.72,0.1,0.1,0.1,0.1,0.014819,0.0
2,6,0,100,1.01,0.84,0.8,0.7,0.99,0.1,0.1,0.1,0.1,0.0037119999999999996,0.0
2,7,0,100,1.01,0.84,0.8,0.7,0.99,0.1,0.1,0.1,0.1,0.003677,0.0
2,3,1,100,1.02,0.84,0.8,0.69,0.98,0.1,0.1,0.1,0.1,0.005185,0.0
2,8,0,100,1.01,0.84,0.8,0.7,0.99,0.1,0.1,0.1,0.1,0.004942,0.0
2,5,1,100,1.02,0.84,0.8,0.69,0.98,0.1,0.1,0.1,0.1,0.006975,0.0
2,3,0,100,1.01,0.84,0.8,0.7,0.99,0.1,0.1,0.1,0.1,0.004733,0.0
2,2,0,100,1.01,0.84,0.8,0.7,0.99,0.1,0.1,0.1,0.1,0.004922,0.0
2,1,0,100,1.01,0.84,0.8,0.7,0.99,0.1,0.1,0.1,0.1,0.0031579999999999998,0.0
2,6,1,100,1.02,0.84,0.8,0.69,0.98,0.1,0.1,0.1,0.1,0.003276,0.0
2,1,2,100,1.02,0.82,0.8,0.7,0.84,0.1,0.1,0.1,0.1,0.0036560000000000004,0.0
2,0,1,100,1.02,0.84,0.8,0.69,0.98,0.1,0.1,0.1,0.1,0.008672,0.0
2,9,0,100,1.01,0.84,0.8,0.7,0.99,0.1,0.1,0.1,0.1,0.010459999999999999,0.0
2,4,1,100,1.02,0.84,0.8,0.69,0.98,0.1,0.1,0.1,0.1,0.013729,0.0
2,2,1,100,1.02,0.84,0.8,0.69,0.98,0.1,0.1,0.1,0.1,0.005072,0.0
2,7,1,100,1.02,0.84,0.8,0.69,0.98,0.1,0.1,0.1,0.1,0.003423,0.0
2,1,1,100,1.02,0.84,0.8,0.69,0.98,0.1,0.1,0.1,0.1,0.003107,0.0
2,2,2,100,1.02,0.82,0.8,0.7,0.84,0.1,0.1,0.1,0.1,0.004295,0.0
2,4,0,100,1.01,0.84,0.8,0.7,0.99,0.1,0.1,0.1,0.1,0.017777,0.0
2,3,2,100,1.02,0.82,0.8,0.7,0.84,0.1,0.1,0.1,0.1,0.004118,0.0
2,0,0,100,1.01,0.84,0.8,0.7,0.99,0.1,0.1,0.1,0.1,0.009039,0.0
2,9,1,100,1.02,0.84,0.8,0.69,0.98,0.1,0.1,0.1,0.1,0.01004,0.0
2,8,1,100,1.02,0.84,0.8,0.69,0.98,0.1,0.1,0.1,0.1,0.004477,0.0
2,0,2,100,1.02,0.82,0.8,0.7,0.84,0.1,0.1,0.1,0.1,0.006211,0.0
2,5,0,100,1.01,0.84,0.8,0.7,0.99,0.1,0.1,0.1,0.1,0.0068650000000000004,0.0
2,7,3,100,1.03,0.82,0.8,0.7,0.82,0.1,0.1,0.1,0.1,0.004429,0.0
2,5,2,100,1.02,0.82,0.8,0.7,0.84,0.1,0.1,0.1,0.1,0.004588,0.0
2,9,3,100,1.03,0.82,0.8,0.7,0.82,0.1,0.1,0.1,0.1,0.009555,0.0
2,7,2,100,1.02,0.82,0.8,0.7,0.84,0.1,0.1,0.1,0.1,0.004659,0.0
2,4,2,100,1.02,0.82,0.8,0.7,0.84,0.1,0.1,0.1,0.1,0.008759999999999999,0.0
2,5,3,100,1.03,0.82,0.8,0.7,0.82,0.1,0.1,0.1,0.1,0.004497999999999999,0.0
2,1,4,100,1.02,0.77,0.8,0.61,0.41,0.1,0.1,0.1,0.1,0.726125,0.0
2,3,3,100,1.03,0.82,0.8,0.7,0.82,0.1,0.1,0.1,0.1,0.00428,0.0
2,8,2,100,1.02,0.82,0.8,0.7,0.84,0.1,0.1,0.1,0.1,0.006377000000000001,0.0
2,4,3,100,1.03,0.82,0.8,0.7,0.82,0.1,0.1,0.1,0.1,0.007955,0.0
2,6,3,100,1.03,0.82,0.8,0.7,0.82,0.1,0.1,0.1,0.1,0.004887,0.0
2,2,3,100,1.03,0.82,0.8,0.7,0.82,0.1,0.1,0.1,0.1,0.004288,0.0
2,0,4,100,1.02,0.77,0.8,0.61,0.41,0.1,0.1,0.1,0.1,0.6026189999999999,0.0
2,0,3,100,1.03,0.82,0.8,0.7,0.82,0.1,0.1,0.1,0.1,0.006171,0.0
2,4,4,100,1.02,0.77,0.8,0.61,0.41,0.1,0.1,0.1,0.1,0.6258600000000001,0.0
2,5,4,100,1.02,0.77,0.8,0.61,0.41,0.1,0.1,0.1,0.1,0.592267,0.0
2,2,4,100,1.02,0.77,0.8,0.61,0.41,0.1,0.1,0.1,0.1,0.660049,0.0
2,6,2,100,1.02,0.82,0.8,0.7,0.84,0.1,0.1,0.1,0.1,0.005331,0.0
2,3,4,100,1.02,0.77,0.8,0.61,0.41,0.1,0.1,0.1,0.1,0.631939,0.0
2,1,3,100,1.03,0.82,0.8,0.7,0.82,0.1,0.1,0.1,0.1,0.003433,0.0
2,7,4,100,1.02,0.77,0.8,0.61,0.41,0.1,0.1,0.1,0.1,0.5649069999999999,0.0
2,9,2,100,1.02,0.82,0.8,0.7,0.84,0.1,0.1,0.1,0.1,0.009651999999999999,0.0
2,6,4,100,1.02,0.77,0.8,0.61,0.41,0.1,0.1,0.1,0.1,0.726448,0.0
2,8,3,100,1.03,0.82,0.8,0.7,0.82,0.1,0.1,0.1,0.1,0.006308,0.0
2,2,5,100,1.09,0.77,0.8,0.68,0.3,0.1,0.1,0.1,0.1,0.604175,0.0
2,0,5,100,1.09,0.77,0.8,0.68,0.3,0.1,0.1,0.1,0.1,0.60423,0.0
2,1,5,100,1.09,0.77,0.8,0.68,0.3,0.1,0.1,0.1,0.1,0.643319,0.0
2,9,4,100,1.02,0.77,0.8,0.61,0.41,0.1,0.1,0.1,0.1,0.619935,0.0
2,8,5,100,1.09,0.77,0.8,0.68,0.3,0.1,0.1,0.1,0.1,0.62669,0.0
2,5,5,100,1.09,0.77,0.8,0.68,0.3,0.1,0.1,0.1,0.1,0.584685,0.0
2,6,5,100,1.09,0.77,0.8,0.68,0.3,0.1,0.1,0.1,0.1,0.642232,0.0
2,3,5,100,1.09,0.77,0.8,0.68,0.3,0.1,0.1,0.1,0.1,0.640146,0.0
2,4,5,100,1.09,0.77,0.8,0.68,0.3,0.1,0.1,0.1,0.1,0.635992,0.0
2,8,4,100,1.02,0.77,0.8,0.61,0.41,0.1,0.1,0.1,0.1,0.832197,0.0
2,9,5,100,1.09,0.77,0.8,0.68,0.3,0.1,0.1,0.1,0.1,0.639735,0.0
2,7,5,100,1.09,0.77,0.8,0.68,0.3,0.1,0.1,0.1,0.1,0.602816,0.0
2,6,6,100,1.06,0.76,0.8,0.73,0.34,0.1,0.1,0.1,0.1,0.603155,0.0
2,2,6,100,1.06,0.76,0.8,0.73,0.34,0.1,0.1,0.1,0.1,0.64669,0.0
2,0,6,100,1.06,0.76,0.8,0.73,0.34,0.1,0.1,0.1,0.1,0.659602,0.0
2,8,6,100,1.06,0.76,0.8,0.73,0.34,0.1,0.1,0.1,0.1,0.6003430000000001,0.0
2,7,6,100,1.06,0.76,0.8,0.73,0.34,0.1,0.1,0.1,0.1,0.648407,0.0
2,1,6,100,1.06,0.76,0.8,0.73,0.34,0.1,0.1,0.1,0.1,0.6798569999999999,0.0
2,4,6,100,1.06,0.76,0.8,0.73,0.34,0.1,0.1,0.1,0.1,0.6791659999999999,0.0
2,5,6,100,1.06,0.76,0.8,0.73,0.34,0.1,0.1,0.1,0.1,0.650838,0.0
2,3,6,100,1.06,0.76,0.8,0.73,0.34,0.1,0.1,0.1,0.1,0.675491,0.0
2,0,7,100,1.08,0.8,0.8,0.7,0.76,0.1,0.1,0.1,0.1,0.007162999999999999,0.0
2,1,7,100,1.08,0.8,0.8,0.7,0.76,0.1,0.1,0.1,0.1,0.0039759999999999995,0.0
2,9,6,100,1.06,0.76,0.8,0.73,0.34,0.1,0.1,0.1,0.1,0.666031,0.0
2,6,7,100,1.08,0.8,0.8,0.7,0.76,0.1,0.1,0.1,0.1,0.005029,0.0
2,3,7,100,1.08,0.8,0.8,0.7,0.76,0.1,0.1,0.1,0.1,0.004557,0.0
2,1,8,100,1.03,0.82,0.8,0.7,0.82,0.1,0.1,0.1,0.1,0.003433,0.0
2,6,8,100,1.03,0.82,0.8,0.7,0.82,0.1,0.1,0.1,0.1,0.004887,0.0
2,5,7,100,1.08,0.8,0.8,0.7,0.76,0.1,0.1,0.1,0.1,0.0051979999999999995,0.0
2,2,7,100,1.08,0.8,0.8,0.7,0.76,0.1,0.1,0.1,0.1,0.005465,0.0
2,8,7,100,1.08,0.8,0.8,0.7,0.76,0.1,0.1,0.1,0.1,0.007297,0.0
2,4,7,100,1.08,0.8,0.8,0.7,0.76,0.1,0.1,0.1,0.1,0.0073290000000000004,0.0
2,3,8,100,1.03,0.82,0.8,0.7,0.82,0.1,0.1,0.1,0.1,0.00428,0.0
2,2,9,100,1.04,0.95,0.8,0.97,2.05,0.1,0.1,0.1,0.1,0.014032,0.0
2,7,7,100,1.08,0.8,0.8,0.7,0.76,0.1,0.1,0.1,0.1,0.004642,0.0
2,4,9,100,1.04,0.95,0.8,0.97,2.05,0.1,0.1,0.1,0.1,0.020544999999999997,0.0
2,7,8,100,1.03,0.82,0.8,0.7,0.82,0.1,0.1,0.1,0.1,0.004429,0.0
2,5,8,100,1.03,0.82,0.8,0.7,0.82,0.1,0.1,0.1,0.1,0.004497999999999999,0.0
2,9,7,100,1.08,0.8,0.8,0.7,0.76,0.1,0.1,0.1,0.1,0.010065000000000001,0.0
2,4,8,100,1.03,0.82,0.8,0.7,0.82,0.1,0.1,0.1,0.1,0.007955,0.0
2,8,8,100,1.03,0.82,0.8,0.7,0.82,0.1,0.1,0.1,0.1,0.006308,0.0
2,2,8,100,1.03,0.82,0.8,0.7,0.82,0.1,0.1,0.1,0.1,0.004288,0.0
2,0,8,100,1.03,0.82,0.8,0.7,0.82,0.1,0.1,0.1,0.1,0.006171,0.0
2,1,9,100,1.04,0.95,0.8,0.97,2.05,0.1,0.1,0.1,0.1,0.010223999999999999,0.0
2,0,9,100,1.04,0.95,0.8,0.97,2.05,0.1,0.1,0.1,0.1,0.021877,0.0
2,9,8,100,1.03,0.82,0.8,0.7,0.82,0.1,0.1,0.1,0.1,0.009555,0.0
2,3,9,100,1.04,0.95,0.8,0.97,2.05,0.1,0.1,0.1,0.1,0.010754000000000001,0.0
2,5,9,100,1.04,0.95,0.8,0.97,2.05,0.1,0.1,0.1,0.1,0.020789,0.0
2,9,9,100,1.04,0.95,0.8,0.97,2.05,0.1,0.1,0.1,0.1,0.018304,0.0
2,6,9,100,1.04,0.95,0.8,0.97,2.05,0.1,0.1,0.1,0.1,0.011759,0.0
2,7,9,100,1.04,0.95,0.8,0.97,2.05,0.1,0.1,0.1,0.1,0.01056,0.0
2,8,9,100,1.04,0.95,0.8,0.97,2.05,0.1,0.1,0.1,0.1,0.017527,0.0
