3,0,32,200,200,0.150000,0.200000,0.000000,0.700000,0.000000,0.000000,0.100000,0.100000,0.100000,1.283600,0.100000,0.291825,0.000000,0.000000,0.000000
3,0,42,200,200,0.150000,0.200000,0.000000,0.700000,0.000000,0.000000,0.100000,0.100000,0.100000,1.681600,0.100000,0.291904,0.000000,0.000000,0.000000
3,0,22,200,200,0.150000,0.200000,0.000000,0.700000,0.000000,0.000000,0.100000,0.100000,0.100000,0.885600,0.100000,0.384636,0.000000,0.000000,0.000000
3,0,10,200,200,0.150000,0.200000,0.000000,0.700000,0.000000,0.000000,0.100000,0.100000,0.100000,0.408000,0.100000,0.294276,0.000000,242.000000,0.114699
3,0,24,200,200,0.150000,0.200000,0.000000,0.700000,0.000000,0.000000,0.100000,0.100000,0.100000,0.965200,0.100000,0.298006,0.000000,0.000000,0.000000
3,0,13,200,200,0.150000,0.200000,0.000000,0.700000,0.000000,0.000000,0.100000,0.100000,0.100000,0.527400,0.100000,0.294686,0.000000,45.000000,0.014477
3,0,20,200,200,0.150000,0.200000,0.000000,0.700000,0.000000,0.000000,0.100000,0.100000,0.100000,0.806000,0.100000,0.303250,0.000000,0.000000,0.000000
3,0,11,200,200,0.150000,0.200000,0.000000,0.700000,0.000000,0.000000,0.100000,0.100000,0.100000,0.447800,0.100000,0.293148,0.000000,137.000000,0.055679
3,0,16,200,200,0.150000,0.200000,0.000000,0.700000,0.000000,0.000000,0.100000,0.100000,0.100000,0.646800,0.100000,0.291619,0.000000,12.000000,0.000000
3,0,47,200,200,0.150000,0.200000,0.000000,0.700000,0.000000,0.000000,0.100000,0.100000,0.100000,1.880600,0.100000,0.288290,0.000000,0.000000,0.000000
3,0,31,200,200,0.150000,0.200000,0.000000,0.700000,0.000000,0.000000,0.100000,0.100000,0.100000,1.243800,0.100000,0.292763,0.000000,0.000000,0.000000
3,0,43,200,200,0.150000,0.200000,0.000000,0.700000,0.000000,0.000000,0.100000,0.100000,0.100000,1.721400,0.100000,0.292978,0.000000,0.000000,0.000000
3,0,21,200,200,0.150000,0.200000,0.000000,0.700000,0.000000,0.000000,0.100000,0.100000,0.100000,0.845800,0.100000,0.332470,0.000000,0.000000,0.000000
3,0,8,200,200,0.150000,0.200000,0.000000,0.700000,0.000000,0.000000,0.100000,0.100000,0.100000,0.328400,0.100000,0.299649,0.000000,460.000000,0.383073
3,0,9,200,200,0.150000,0.200000,0.000000,0.700000,0.000000,0.000000,0.100000,0.100000,0.100000,0.368200,0.100000,0.292112,0.000000,325.000000,0.234967
3,0,37,200,200,0.150000,0.200000,0.000000,0.700000,0.000000,0.000000,0.100000,0.100000,0.100000,1.482600,0.100000,0.293362,0.000000,0.000000,0.000000
3,0,30,200,200,0.150000,0.200000,0.000000,0.700000,0.000000,0.000000,0.100000,0.100000,0.100000,1.204000,0.100000,0.292861,0.000000,0.000000,0.000000
3,0,17,200,200,0.150000,0.200000,0.000000,0.700000,0.000000,0.000000,0.100000,0.100000,0.100000,0.686600,0.100000,0.292205,0.000000,4.000000,0.000000
3,0,23,200,200,0.150000,0.200000,0.000000,0.700000,0.000000,0.000000,0.100000,0.100000,0.100000,0.925400,0.100000,0.301121,0.000000,0.000000,0.000000
3,0,6,200,200,0.150000,0.200000,0.000000,0.700000,0.000000,0.000000,0.100000,0.100000,0.100000,0.248800,0.100000,0.308065,0.000000,1062.000000,1.413140
3,0,12,200,200,0.150000,0.200000,0.000000,0.700000,0.000000,0.000000,0.100000,0.100000,0.100000,0.487600,0.100000,0.293213,0.000000,90.000000,0.033408
3,0,0,200,200,0.150000,0.200000,0.000000,0.700000,0.000000,0.000000,0.100000,0.100000,0.100000,0.010000,0.100000,0.324995,0.000000,68674.000000,2922.289532
3,0,1,200,200,0.150000,0.200000,0.000000,0.700000,0.000000,0.000000,0.100000,0.100000,0.100000,0.049800,0.100000,0.325455,0.000000,61723.000000,386.891982
3,0,46,200,200,0.150000,0.200000,0.000000,0.700000,0.000000,0.000000,0.100000,0.100000,0.100000,1.840800,0.100000,0.287759,0.000000,0.000000,0.000000
3,0,45,200,200,0.150000,0.200000,0.000000,0.700000,0.000000,0.000000,0.100000,0.100000,0.100000,1.801000,0.100000,0.293557,0.000000,0.000000,0.000000
3,0,33,200,200,0.150000,0.200000,0.000000,0.700000,0.000000,0.000000,0.100000,0.100000,0.100000,1.323400,0.100000,0.290860,0.000000,0.000000,0.000000
3,0,26,200,200,0.150000,0.200000,0.000000,0.700000,0.000000,0.000000,0.100000,0.100000,0.100000,1.044800,0.100000,0.357492,0.000000,0.000000,0.000000
3,0,35,200,200,0.150000,0.200000,0.000000,0.700000,0.000000,0.000000,0.100000,0.100000,0.100000,1.403000,0.100000,0.290890,0.000000,0.000000,0.000000
3,0,39,200,200,0.150000,0.200000,0.000000,0.700000,0.000000,0.000000,0.100000,0.100000,0.100000,1.562200,0.100000,0.291970,0.000000,0.000000,0.000000
3,0,41,200,200,0.150000,0.200000,0.000000,0.700000,0.000000,0.000000,0.100000,0.100000,0.100000,1.641800,0.100000,0.288581,0.000000,0.000000,0.000000
3,0,44,200,200,0.150000,0.200000,0.000000,0.700000,0.000000,0.000000,0.100000,0.100000,0.100000,1.761200,0.100000,0.290668,0.000000,0.000000,0.000000
3,0,2,200,200,0.150000,0.200000,0.000000,0.700000,0.000000,0.000000,0.100000,0.100000,0.100000,0.089600,0.100000,0.324409,0.000000,40306.000000,50.165924
3,0,29,200,200,0.150000,0.200000,0.000000,0.700000,0.000000,0.000000,0.100000,0.100000,0.100000,1.164200,0.100000,0.290500,0.000000,0.000000,0.000000
3,0,34,200,200,0.150000,0.200000,0.000000,0.700000,0.000000,0.000000,0.100000,0.100000,0.100000,1.363200,0.100000,0.293524,0.000000,0.000000,0.000000
3,0,15,200,200,0.150000,0.200000,0.000000,0.700000,0.000000,0.000000,0.100000,0.100000,0.100000,0.607000,0.100000,0.292067,0.000000,26.000000,0.004454
3,0,38,200,200,0.150000,0.200000,0.000000,0.700000,0.000000,0.000000,0.100000,0.100000,0.100000,1.522400,0.100000,0.292003,0.000000,0.000000,0.000000
3,0,19,200,200,0.150000,0.200000,0.000000,0.700000,0.000000,0.000000,0.100000,0.100000,0.100000,0.766200,0.100000,0.285215,0.000000,0.000000,0.000000
3,0,36,200,200,0.150000,0.200000,0.000000,0.700000,0.000000,0.000000,0.100000,0.100000,0.100000,1.442800,0.100000,0.290955,0.000000,0.000000,0.000000
3,0,28,200,200,0.150000,0.200000,0.000000,0.700000,0.000000,0.000000,0.100000,0.100000,0.100000,1.124400,0.100000,0.293678,0.000000,0.000000,0.000000
3,0,7,200,200,0.150000,0.200000,0.000000,0.700000,0.000000,0.000000,0.100000,0.100000,0.100000,0.288600,0.100000,0.301359,0.000000,640.000000,0.728285
3,0,4,200,200,0.150000,0.200000,0.000000,0.700000,0.000000,0.000000,0.100000,0.100000,0.100000,0.169200,0.100000,0.322213,0.000000,9605.000000,11.119154
3,0,18,200,200,0.150000,0.200000,0.000000,0.700000,0.000000,0.000000,0.100000,0.100000,0.100000,0.726400,0.100000,0.304096,0.000000,1.000000,0.000000
3,0,5,200,200,0.150000,0.200000,0.000000,0.700000,0.000000,0.000000,0.100000,0.100000,0.100000,0.209000,0.100000,0.324423,0.000000,3263.000000,3.807350
3,0,3,200,200,0.150000,0.200000,0.000000,0.700000,0.000000,0.000000,0.100000,0.100000,0.100000,0.129400,0.100000,0.316967,0.000000,28116.000000,21.374165
3,0,14,200,200,0.150000,0.200000,0.000000,0.700000,0.000000,0.000000,0.100000,0.100000,0.100000,0.567200,0.100000,0.293236,0.000000,34.000000,0.004454
3,0,40,200,200,0.150000,0.200000,0.000000,0.700000,0.000000,0.000000,0.100000,0.100000,0.100000,1.602000,0.100000,0.293810,0.000000,0.000000,0.000000
3,0,25,200,200,0.150000,0.200000,0.000000,0.700000,0.000000,0.000000,0.100000,0.100000,0.100000,1.005000,0.100000,0.321006,0.000000,0.000000,0.000000
3,0,27,200,200,0.150000,0.200000,0.000000,0.700000,0.000000,0.000000,0.100000,0.100000,0.100000,1.084600,0.100000,0.294042,0.000000,0.000000,0.000000
3,1,1,200,200,0.150000,0.200000,0.000000,0.700000,0.000000,0.000000,0.100000,0.100000,0.100000,0.049800,0.100000,0.330892,0.000000,62835.000000,371.425390
3,1,7,200,200,0.150000,0.200000,0.000000,0.700000,0.000000,0.000000,0.100000,0.100000,0.100000,0.288600,0.100000,0.296356,0.000000,644.000000,0.576837
3,1,5,200,200,0.150000,0.200000,0.000000,0.700000,0.000000,0.000000,0.100000,0.100000,0.100000,0.209000,0.100000,0.321501,0.000000,4809.000000,5.534521
3,1,10,200,200,0.150000,0.200000,0.000000,0.700000,0.000000,0.000000,0.100000,0.100000,0.100000,0.408000,0.100000,0.314793,0.000000,364.000000,0.182628
3,0,50,200,200,0.150000,0.200000,0.000000,0.700000,0.000000,0.000000,0.100000,0.100000,0.100000,2.000000,0.100000,0.288925,0.000000,0.000000,0.000000
3,0,48,200,200,0.150000,0.200000,0.000000,0.700000,0.000000,0.000000,0.100000,0.100000,0.100000,1.920400,0.100000,0.287779,0.000000,0.000000,0.000000
3,1,13,200,200,0.150000,0.200000,0.000000,0.700000,0.000000,0.000000,0.100000,0.100000,0.100000,0.527400,0.100000,0.288929,0.000000,97.000000,0.045657
3,1,9,200,200,0.150000,0.200000,0.000000,0.700000,0.000000,0.000000,0.100000,0.100000,0.100000,0.368200,0.100000,0.294656,0.000000,528.000000,0.265033
3,1,2,200,200,0.150000,0.200000,0.000000,0.700000,0.000000,0.000000,0.100000,0.100000,0.100000,0.089600,0.100000,0.330520,0.000000,38410.000000,46.738307
3,1,14,200,200,0.150000,0.200000,0.000000,0.700000,0.000000,0.000000,0.100000,0.100000,0.100000,0.567200,0.100000,0.294359,0.000000,68.000000,0.044543
3,1,11,200,200,0.150000,0.200000,0.000000,0.700000,0.000000,0.000000,0.100000,0.100000,0.100000,0.447800,0.100000,0.299954,0.000000,240.000000,0.102450
3,1,0,200,200,0.150000,0.200000,0.000000,0.700000,0.000000,0.000000,0.100000,0.100000,0.100000,0.010000,0.100000,0.326208,0.000000,65733.000000,2878.669265
3,1,3,200,200,0.150000,0.200000,0.000000,0.700000,0.000000,0.000000,0.100000,0.100000,0.100000,0.129400,0.100000,0.315183,0.000000,27850.000000,22.022272
3,1,6,200,200,0.150000,0.200000,0.000000,0.700000,0.000000,0.000000,0.100000,0.100000,0.100000,0.248800,0.100000,0.314227,0.000000,1223.000000,1.222717
3,1,18,200,200,0.150000,0.200000,0.000000,0.700000,0.000000,0.000000,0.100000,0.100000,0.100000,0.726400,0.100000,0.290428,0.000000,19.000000,0.005568
3,1,16,200,200,0.150000,0.200000,0.000000,0.700000,0.000000,0.000000,0.100000,0.100000,0.100000,0.646800,0.100000,0.288278,0.000000,41.000000,0.011136
3,1,26,200,200,0.150000,0.200000,0.000000,0.700000,0.000000,0.000000,0.100000,0.100000,0.100000,1.044800,0.100000,0.287005,0.000000,0.000000,0.000000
3,1,20,200,200,0.150000,0.200000,0.000000,0.700000,0.000000,0.000000,0.100000,0.100000,0.100000,0.806000,0.100000,0.291388,0.000000,7.000000,0.000000
3,1,4,200,200,0.150000,0.200000,0.000000,0.700000,0.000000,0.000000,0.100000,0.100000,0.100000,0.169200,0.100000,0.306599,0.000000,12216.000000,13.933185
3,1,28,200,200,0.150000,0.200000,0.000000,0.700000,0.000000,0.000000,0.100000,0.100000,0.100000,1.124400,0.100000,0.288685,0.000000,0.000000,0.000000
3,1,23,200,200,0.150000,0.200000,0.000000,0.700000,0.000000,0.000000,0.100000,0.100000,0.100000,0.925400,0.100000,0.289398,0.000000,3.000000,0.000000
3,1,12,200,200,0.150000,0.200000,0.000000,0.700000,0.000000,0.000000,0.100000,0.100000,0.100000,0.487600,0.100000,0.298139,0.000000,130.000000,0.055679
3,1,27,200,200,0.150000,0.200000,0.000000,0.700000,0.000000,0.000000,0.100000,0.100000,0.100000,1.084600,0.100000,0.289562,0.000000,0.000000,0.000000
3,1,8,200,200,0.150000,0.200000,0.000000,0.700000,0.000000,0.000000,0.100000,0.100000,0.100000,0.328400,0.100000,0.301848,0.000000,541.000000,0.432071
3,0,49,200,200,0.150000,0.200000,0.000000,0.700000,0.000000,0.000000,0.100000,0.100000,0.100000,1.960200,0.100000,0.292193,0.000000,0.000000,0.000000
3,1,19,200,200,0.150000,0.200000,0.000000,0.700000,0.000000,0.000000,0.100000,0.100000,0.100000,0.766200,0.100000,0.289000,0.000000,11.000000,0.001114
3,1,17,200,200,0.150000,0.200000,0.000000,0.700000,0.000000,0.000000,0.100000,0.100000,0.100000,0.686600,0.100000,0.289897,0.000000,23.000000,0.005568
3,1,21,200,200,0.150000,0.200000,0.000000,0.700000,0.000000,0.000000,0.100000,0.100000,0.100000,0.845800,0.100000,0.290740,0.000000,5.000000,0.000000
3,1,15,200,200,0.150000,0.200000,0.000000,0.700000,0.000000,0.000000,0.100000,0.100000,0.100000,0.607000,0.100000,0.290614,0.000000,52.000000,0.022272
3,1,31,200,200,0.150000,0.200000,0.000000,0.700000,0.000000,0.000000,0.100000,0.100000,0.100000,1.243800,0.100000,0.288170,0.000000,0.000000,0.000000
3,1,25,200,200,0.150000,0.200000,0.000000,0.700000,0.000000,0.000000,0.100000,0.100000,0.100000,1.005000,0.100000,0.290192,0.000000,0.000000,0.000000
3,1,29,200,200,0.150000,0.200000,0.000000,0.700000,0.000000,0.000000,0.100000,0.100000,0.100000,1.164200,0.100000,0.286001,0.000000,0.000000,0.000000
3,1,22,200,200,0.150000,0.200000,0.000000,0.700000,0.000000,0.000000,0.100000,0.100000,0.100000,0.885600,0.100000,0.288151,0.000000,3.000000,0.000000
3,1,34,200,200,0.150000,0.200000,0.000000,0.700000,0.000000,0.000000,0.100000,0.100000,0.100000,1.363200,0.100000,0.284578,0.000000,0.000000,0.000000
3,1,35,200,200,0.150000,0.200000,0.000000,0.700000,0.000000,0.000000,0.100000,0.100000,0.100000,1.403000,0.100000,0.285216,0.000000,0.000000,0.000000
3,1,30,200,200,0.150000,0.200000,0.000000,0.700000,0.000000,0.000000,0.100000,0.100000,0.100000,1.204000,0.100000,0.288732,0.000000,0.000000,0.000000
3,1,33,200,200,0.150000,0.200000,0.000000,0.700000,0.000000,0.000000,0.100000,0.100000,0.100000,1.323400,0.100000,0.285729,0.000000,0.000000,0.000000
3,1,36,200,200,0.150000,0.200000,0.000000,0.700000,0.000000,0.000000,0.100000,0.100000,0.100000,1.442800,0.100000,0.288663,0.000000,0.000000,0.000000
3,1,42,200,200,0.150000,0.200000,0.000000,0.700000,0.000000,0.000000,0.100000,0.100000,0.100000,1.681600,0.100000,0.290922,0.000000,0.000000,0.000000
3,1,24,200,200,0.150000,0.200000,0.000000,0.700000,0.000000,0.000000,0.100000,0.100000,0.100000,0.965200,0.100000,0.288194,0.000000,0.000000,0.000000
3,1,32,200,200,0.150000,0.200000,0.000000,0.700000,0.000000,0.000000,0.100000,0.100000,0.100000,1.283600,0.100000,0.286768,0.000000,0.000000,0.000000
3,1,39,200,200,0.150000,0.200000,0.000000,0.700000,0.000000,0.000000,0.100000,0.100000,0.100000,1.562200,0.100000,0.285973,0.000000,0.000000,0.000000
3,1,37,200,200,0.150000,0.200000,0.000000,0.700000,0.000000,0.000000,0.100000,0.100000,0.100000,1.482600,0.100000,0.291737,0.000000,0.000000,0.000000
3,1,40,200,200,0.150000,0.200000,0.000000,0.700000,0.000000,0.000000,0.100000,0.100000,0.100000,1.602000,0.100000,0.286719,0.000000,0.000000,0.000000
3,1,38,200,200,0.150000,0.200000,0.000000,0.700000,0.000000,0.000000,0.100000,0.100000,0.100000,1.522400,0.100000,0.285837,0.000000,0.000000,0.000000
3,1,43,200,200,0.150000,0.200000,0.000000,0.700000,0.000000,0.000000,0.100000,0.100000,0.100000,1.721400,0.100000,0.288752,0.000000,0.000000,0.000000
3,1,41,200,200,0.150000,0.200000,0.000000,0.700000,0.000000,0.000000,0.100000,0.100000,0.100000,1.641800,0.100000,0.286183,0.000000,0.000000,0.000000
3,1,44,200,200,0.150000,0.200000,0.000000,0.700000,0.000000,0.000000,0.100000,0.100000,0.100000,1.761200,0.100000,0.290363,0.000000,0.000000,0.000000
3,1,45,200,200,0.150000,0.200000,0.000000,0.700000,0.000000,0.000000,0.100000,0.100000,0.100000,1.801000,0.100000,0.290370,0.000000,0.000000,0.000000
3,1,46,200,200,0.150000,0.200000,0.000000,0.700000,0.000000,0.000000,0.100000,0.100000,0.100000,1.840800,0.100000,0.286655,0.000000,0.000000,0.000000
3,1,48,200,200,0.150000,0.200000,0.000000,0.700000,0.000000,0.000000,0.100000,0.100000,0.100000,1.920400,0.100000,0.285172,0.000000,0.000000,0.000000
3,1,49,200,200,0.150000,0.200000,0.000000,0.700000,0.000000,0.000000,0.100000,0.100000,0.100000,1.960200,0.100000,0.286648,0.000000,0.000000,0.000000
3,2,3,200,200,0.150000,0.200000,0.000000,0.700000,0.000000,0.000000,0.100000,0.100000,0.100000,0.129400,0.100000,0.313885,0.000000,25653.000000,21.291759
3,2,2,200,200,0.150000,0.200000,0.000000,0.700000,0.000000,0.000000,0.100000,0.100000,0.100000,0.089600,0.100000,0.322403,0.000000,38679.000000,48.241648
3,2,1,200,200,0.150000,0.200000,0.000000,0.700000,0.000000,0.000000,0.100000,0.100000,0.100000,0.049800,0.100000,0.339722,0.000000,63742.000000,384.582405
3,1,50,200,200,0.150000,0.200000,0.000000,0.700000,0.000000,0.000000,0.100000,0.100000,0.100000,2.000000,0.100000,0.287645,0.000000,0.000000,0.000000
3,2,4,200,200,0.150000,0.200000,0.000000,0.700000,0.000000,0.000000,0.100000,0.100000,0.100000,0.169200,0.100000,0.317648,0.000000,11316.000000,12.630290
3,2,9,200,200,0.150000,0.200000,0.000000,0.700000,0.000000,0.000000,0.100000,0.100000,0.100000,0.368200,0.100000,0.294594,0.000000,269.000000,0.129176
3,2,0,200,200,0.150000,0.200000,0.000000,0.700000,0.000000,0.000000,0.100000,0.100000,0.100000,0.010000,0.100000,0.332400,0.000000,67148.000000,2982.208241
3,2,12,200,200,0.150000,0.200000,0.000000,0.700000,0.000000,0.000000,0.100000,0.100000,0.100000,0.487600,0.100000,0.320465,0.000000,60.000000,0.024499
3,2,10,200,200,0.150000,0.200000,0.000000,0.700000,0.000000,0.000000,0.100000,0.100000,0.100000,0.408000,0.100000,0.290109,0.000000,192.000000,0.090200
3,1,47,200,200,0.150000,0.200000,0.000000,0.700000,0.000000,0.000000,0.100000,0.100000,0.100000,1.880600,0.100000,0.288316,0.000000,0.000000,0.000000
3,2,11,200,200,0.150000,0.200000,0.000000,0.700000,0.000000,0.000000,0.100000,0.100000,0.100000,0.447800,0.100000,0.291160,0.000000,112.000000,0.054566
3,2,13,200,200,0.150000,0.200000,0.000000,0.700000,0.000000,0.000000,0.100000,0.100000,0.100000,0.527400,0.100000,0.306158,0.000000,40.000000,0.012249
3,2,8,200,200,0.150000,0.200000,0.000000,0.700000,0.000000,0.000000,0.100000,0.100000,0.100000,0.328400,0.100000,0.290108,0.000000,341.000000,0.191537
3,2,14,200,200,0.150000,0.200000,0.000000,0.700000,0.000000,0.000000,0.100000,0.100000,0.100000,0.567200,0.100000,0.285929,0.000000,19.000000,0.004454
3,2,16,200,200,0.150000,0.200000,0.000000,0.700000,0.000000,0.000000,0.100000,0.100000,0.100000,0.646800,0.100000,0.292110,0.000000,11.000000,0.006682
3,2,6,200,200,0.150000,0.200000,0.000000,0.700000,0.000000,0.000000,0.100000,0.100000,0.100000,0.248800,0.100000,0.305048,0.000000,1248.000000,1.240535
3,2,5,200,200,0.150000,0.200000,0.000000,0.700000,0.000000,0.000000,0.100000,0.100000,0.100000,0.209000,0.100000,0.314420,0.000000,4822.000000,5.711581
3,2,7,200,200,0.150000,0.200000,0.000000,0.700000,0.000000,0.000000,0.100000,0.100000,0.100000,0.288600,0.100000,0.284743,0.000000,487.000000,0.631403
3,2,19,200,200,0.150000,0.200000,0.000000,0.700000,0.000000,0.000000,0.100000,0.100000,0.100000,0.766200,0.100000,0.287652,0.000000,8.000000,0.000000
3,2,15,200,200,0.150000,0.200000,0.000000,0.700000,0.000000,0.000000,0.100000,0.100000,0.100000,0.607000,0.100000,0.323209,0.000000,10.000000,0.004454
3,2,25,200,200,0.150000,0.200000,0.000000,0.700000,0.000000,0.000000,0.100000,0.100000,0.100000,1.005000,0.100000,0.287529,0.000000,0.000000,0.000000
3,2,33,200,200,0.150000,0.200000,0.000000,0.700000,0.000000,0.000000,0.100000,0.100000,0.100000,1.323400,0.100000,0.281951,0.000000,0.000000,0.000000
3,2,41,200,200,0.150000,0.200000,0.000000,0.700000,0.000000,0.000000,0.100000,0.100000,0.100000,1.641800,0.100000,0.284588,0.000000,0.000000,0.000000
3,2,21,200,200,0.150000,0.200000,0.000000,0.700000,0.000000,0.000000,0.100000,0.100000,0.100000,0.845800,0.100000,0.284077,0.000000,2.000000,0.000000
3,2,18,200,200,0.150000,0.200000,0.000000,0.700000,0.000000,0.000000,0.100000,0.100000,0.100000,0.726400,0.100000,0.288948,0.000000,11.000000,0.001114
3,2,22,200,200,0.150000,0.200000,0.000000,0.700000,0.000000,0.000000,0.100000,0.100000,0.100000,0.885600,0.100000,0.282936,0.000000,2.000000,0.000000
3,2,17,200,200,0.150000,0.200000,0.000000,0.700000,0.000000,0.000000,0.100000,0.100000,0.100000,0.686600,0.100000,0.288675,0.000000,11.000000,0.006682
3,2,27,200,200,0.150000,0.200000,0.000000,0.700000,0.000000,0.000000,0.100000,0.100000,0.100000,1.084600,0.100000,0.283614,0.000000,0.000000,0.000000
3,2,28,200,200,0.150000,0.200000,0.000000,0.700000,0.000000,0.000000,0.100000,0.100000,0.100000,1.124400,0.100000,0.286240,0.000000,0.000000,0.000000
3,2,24,200,200,0.150000,0.200000,0.000000,0.700000,0.000000,0.000000,0.100000,0.100000,0.100000,0.965200,0.100000,0.285316,0.000000,0.000000,0.000000
3,2,29,200,200,0.150000,0.200000,0.000000,0.700000,0.000000,0.000000,0.100000,0.100000,0.100000,1.164200,0.100000,0.284344,0.000000,0.000000,0.000000
3,2,20,200,200,0.150000,0.200000,0.000000,0.700000,0.000000,0.000000,0.100000,0.100000,0.100000,0.806000,0.100000,0.287481,0.000000,6.000000,0.000000
3,2,23,200,200,0.150000,0.200000,0.000000,0.700000,0.000000,0.000000,0.100000,0.100000,0.100000,0.925400,0.100000,0.284596,0.000000,0.000000,0.000000
3,2,31,200,200,0.150000,0.200000,0.000000,0.700000,0.000000,0.000000,0.100000,0.100000,0.100000,1.243800,0.100000,0.282328,0.000000,0.000000,0.000000
3,2,30,200,200,0.150000,0.200000,0.000000,0.700000,0.000000,0.000000,0.100000,0.100000,0.100000,1.204000,0.100000,0.280799,0.000000,0.000000,0.000000
3,2,26,200,200,0.150000,0.200000,0.000000,0.700000,0.000000,0.000000,0.100000,0.100000,0.100000,1.044800,0.100000,0.286491,0.000000,0.000000,0.000000
3,2,32,200,200,0.150000,0.200000,0.000000,0.700000,0.000000,0.000000,0.100000,0.100000,0.100000,1.283600,0.100000,0.286233,0.000000,0.000000,0.000000
3,2,40,200,200,0.150000,0.200000,0.000000,0.700000,0.000000,0.000000,0.100000,0.100000,0.100000,1.602000,0.100000,0.285142,0.000000,0.000000,0.000000
3,2,34,200,200,0.150000,0.200000,0.000000,0.700000,0.000000,0.000000,0.100000,0.100000,0.100000,1.363200,0.100000,0.284295,0.000000,0.000000,0.000000
3,2,37,200,200,0.150000,0.200000,0.000000,0.700000,0.000000,0.000000,0.100000,0.100000,0.100000,1.482600,0.100000,0.284738,0.000000,0.000000,0.000000
3,2,35,200,200,0.150000,0.200000,0.000000,0.700000,0.000000,0.000000,0.100000,0.100000,0.100000,1.403000,0.100000,0.277893,0.000000,0.000000,0.000000
3,2,36,200,200,0.150000,0.200000,0.000000,0.700000,0.000000,0.000000,0.100000,0.100000,0.100000,1.442800,0.100000,0.282501,0.000000,0.000000,0.000000
3,2,38,200,200,0.150000,0.200000,0.000000,0.700000,0.000000,0.000000,0.100000,0.100000,0.100000,1.522400,0.100000,0.286332,0.000000,0.000000,0.000000
3,2,39,200,200,0.150000,0.200000,0.000000,0.700000,0.000000,0.000000,0.100000,0.100000,0.100000,1.562200,0.100000,0.287436,0.000000,0.000000,0.000000
3,2,44,200,200,0.150000,0.200000,0.000000,0.700000,0.000000,0.000000,0.100000,0.100000,0.100000,1.761200,0.100000,0.289982,0.000000,0.000000,0.000000
3,2,46,200,200,0.150000,0.200000,0.000000,0.700000,0.000000,0.000000,0.100000,0.100000,0.100000,1.840800,0.100000,0.288689,0.000000,0.000000,0.000000
3,2,42,200,200,0.150000,0.200000,0.000000,0.700000,0.000000,0.000000,0.100000,0.100000,0.100000,1.681600,0.100000,0.283006,0.000000,0.000000,0.000000
3,2,43,200,200,0.150000,0.200000,0.000000,0.700000,0.000000,0.000000,0.100000,0.100000,0.100000,1.721400,0.100000,0.291115,0.000000,0.000000,0.000000
3,2,49,200,200,0.150000,0.200000,0.000000,0.700000,0.000000,0.000000,0.100000,0.100000,0.100000,1.960200,0.100000,0.285987,0.000000,0.000000,0.000000
3,2,50,200,200,0.150000,0.200000,0.000000,0.700000,0.000000,0.000000,0.100000,0.100000,0.100000,2.000000,0.100000,0.288120,0.000000,0.000000,0.000000
3,2,47,200,200,0.150000,0.200000,0.000000,0.700000,0.000000,0.000000,0.100000,0.100000,0.100000,1.880600,0.100000,0.292781,0.000000,0.000000,0.000000
3,3,3,200,200,0.150000,0.200000,0.000000,0.700000,0.000000,0.000000,0.100000,0.100000,0.100000,0.129400,0.100000,0.323785,0.000000,24509.000000,24.787305
3,2,45,200,200,0.150000,0.200000,0.000000,0.700000,0.000000,0.000000,0.100000,0.100000,0.100000,1.801000,0.100000,0.282381,0.000000,0.000000,0.000000
3,3,7,200,200,0.150000,0.200000,0.000000,0.700000,0.000000,0.000000,0.100000,0.100000,0.100000,0.288600,0.100000,0.323762,0.000000,1010.000000,1.296214
3,3,10,200,200,0.150000,0.200000,0.000000,0.700000,0.000000,0.000000,0.100000,0.100000,0.100000,0.408000,0.100000,0.291150,0.000000,329.000000,0.163697
3,3,8,200,200,0.150000,0.200000,0.000000,0.700000,0.000000,0.000000,0.100000,0.100000,0.100000,0.328400,0.100000,0.309538,0.000000,689.000000,0.438753
3,3,5,200,200,0.150000,0.200000,0.000000,0.700000,0.000000,0.000000,0.100000,0.100000,0.100000,0.209000,0.100000,0.333349,0.000000,5205.000000,7.453229
3,2,48,200,200,0.150000,0.200000,0.000000,0.700000,0.000000,0.000000,0.100000,0.100000,0.100000,1.920400,0.100000,0.281676,0.000000,0.000000,0.000000
3,3,11,200,200,0.150000,0.200000,0.000000,0.700000,0.000000,0.000000,0.100000,0.100000,0.100000,0.447800,0.100000,0.294709,0.000000,207.000000,0.097996
3,3,14,200,200,0.150000,0.200000,0.000000,0.700000,0.000000,0.000000,0.100000,0.100000,0.100000,0.567200,0.100000,0.292299,0.000000,49.000000,0.007795
3,3,0,200,200,0.150000,0.200000,0.000000,0.700000,0.000000,0.000000,0.100000,0.100000,0.100000,0.010000,0.100000,0.330115,0.000000,65423.000000,3037.365256
3,3,1,200,200,0.150000,0.200000,0.000000,0.700000,0.000000,0.000000,0.100000,0.100000,0.100000,0.049800,0.100000,0.344652,0.000000,63873.000000,382.884187
3,3,2,200,200,0.150000,0.200000,0.000000,0.700000,0.000000,0.000000,0.100000,0.100000,0.100000,0.089600,0.100000,0.320883,0.000000,39051.000000,54.110245
3,3,15,200,200,0.150000,0.200000,0.000000,0.700000,0.000000,0.000000,0.100000,0.100000,0.100000,0.607000,0.100000,0.299405,0.000000,27.000000,0.003341
3,3,4,200,200,0.150000,0.200000,0.000000,0.700000,0.000000,0.000000,0.100000,0.100000,0.100000,0.169200,0.100000,0.333135,0.000000,13209.000000,16.309577
3,3,17,200,200,0.150000,0.200000,0.000000,0.700000,0.000000,0.000000,0.100000,0.100000,0.100000,0.686600,0.100000,0.293744,0.000000,6.000000,0.000000
3,3,6,200,200,0.150000,0.200000,0.000000,0.700000,0.000000,0.000000,0.100000,0.100000,0.100000,0.248800,0.100000,0.325421,0.000000,1623.000000,1.864143
3,3,9,200,200,0.150000,0.200000,0.000000,0.700000,0.000000,0.000000,0.100000,0.100000,0.100000,0.368200,0.100000,0.301376,0.000000,528.000000,0.299555
3,3,19,200,200,0.150000,0.200000,0.000000,0.700000,0.000000,0.000000,0.100000,0.100000,0.100000,0.766200,0.100000,0.291353,0.000000,2.000000,0.000000
3,3,13,200,200,0.150000,0.200000,0.000000,0.700000,0.000000,0.000000,0.100000,0.100000,0.100000,0.527400,0.100000,0.294003,0.000000,101.000000,0.035635
3,3,12,200,200,0.150000,0.200000,0.000000,0.700000,0.000000,0.000000,0.100000,0.100000,0.100000,0.487600,0.100000,0.291454,0.000000,158.000000,0.064588
3,3,29,200,200,0.150000,0.200000,0.000000,0.700000,0.000000,0.000000,0.100000,0.100000,0.100000,1.164200,0.100000,0.288697,0.000000,0.000000,0.000000
3,3,28,200,200,0.150000,0.200000,0.000000,0.700000,0.000000,0.000000,0.100000,0.100000,0.100000,1.124400,0.100000,0.291040,0.000000,0.000000,0.000000
3,3,30,200,200,0.150000,0.200000,0.000000,0.700000,0.000000,0.000000,0.100000,0.100000,0.100000,1.204000,0.100000,0.289004,0.000000,0.000000,0.000000
3,3,16,200,200,0.150000,0.200000,0.000000,0.700000,0.000000,0.000000,0.100000,0.100000,0.100000,0.646800,0.100000,0.295668,0.000000,12.000000,0.000000
3,3,23,200,200,0.150000,0.200000,0.000000,0.700000,0.000000,0.000000,0.100000,0.100000,0.100000,0.925400,0.100000,0.298079,0.000000,0.000000,0.000000
3,3,20,200,200,0.150000,0.200000,0.000000,0.700000,0.000000,0.000000,0.100000,0.100000,0.100000,0.806000,0.100000,0.288924,0.000000,2.000000,0.000000
3,3,24,200,200,0.150000,0.200000,0.000000,0.700000,0.000000,0.000000,0.100000,0.100000,0.100000,0.965200,0.100000,0.294686,0.000000,0.000000,0.000000
3,3,27,200,200,0.150000,0.200000,0.000000,0.700000,0.000000,0.000000,0.100000,0.100000,0.100000,1.084600,0.100000,0.288986,0.000000,0.000000,0.000000
3,3,25,200,200,0.150000,0.200000,0.000000,0.700000,0.000000,0.000000,0.100000,0.100000,0.100000,1.005000,0.100000,0.293729,0.000000,0.000000,0.000000
3,3,18,200,200,0.150000,0.200000,0.000000,0.700000,0.000000,0.000000,0.100000,0.100000,0.100000,0.726400,0.100000,0.291184,0.000000,3.000000,0.000000
3,3,22,200,200,0.150000,0.200000,0.000000,0.700000,0.000000,0.000000,0.100000,0.100000,0.100000,0.885600,0.100000,0.290988,0.000000,0.000000,0.000000
3,3,26,200,200,0.150000,0.200000,0.000000,0.700000,0.000000,0.000000,0.100000,0.100000,0.100000,1.044800,0.100000,0.291293,0.000000,0.000000,0.000000
3,3,21,200,200,0.150000,0.200000,0.000000,0.700000,0.000000,0.000000,0.100000,0.100000,0.100000,0.845800,0.100000,0.288363,0.000000,0.000000,0.000000
3,3,31,200,200,0.150000,0.200000,0.000000,0.700000,0.000000,0.000000,0.100000,0.100000,0.100000,1.243800,0.100000,0.290662,0.000000,0.000000,0.000000
3,3,33,200,200,0.150000,0.200000,0.000000,0.700000,0.000000,0.000000,0.100000,0.100000,0.100000,1.323400,0.100000,0.286780,0.000000,0.000000,0.000000
3,3,32,200,200,0.150000,0.200000,0.000000,0.700000,0.000000,0.000000,0.100000,0.100000,0.100000,1.283600,0.100000,0.285794,0.000000,0.000000,0.000000
3,3,35,200,200,0.150000,0.200000,0.000000,0.700000,0.000000,0.000000,0.100000,0.100000,0.100000,1.403000,0.100000,0.291371,0.000000,0.000000,0.000000
3,3,34,200,200,0.150000,0.200000,0.000000,0.700000,0.000000,0.000000,0.100000,0.100000,0.100000,1.363200,0.100000,0.289988,0.000000,0.000000,0.000000
3,3,38,200,200,0.150000,0.200000,0.000000,0.700000,0.000000,0.000000,0.100000,0.100000,0.100000,1.522400,0.100000,0.291969,0.000000,0.000000,0.000000
3,3,36,200,200,0.150000,0.200000,0.000000,0.700000,0.000000,0.000000,0.100000,0.100000,0.100000,1.442800,0.100000,0.292151,0.000000,0.000000,0.000000
3,3,37,200,200,0.150000,0.200000,0.000000,0.700000,0.000000,0.000000,0.100000,0.100000,0.100000,1.482600,0.100000,0.299161,0.000000,0.000000,0.000000
3,3,40,200,200,0.150000,0.200000,0.000000,0.700000,0.000000,0.000000,0.100000,0.100000,0.100000,1.602000,0.100000,0.288771,0.000000,0.000000,0.000000
3,3,43,200,200,0.150000,0.200000,0.000000,0.700000,0.000000,0.000000,0.100000,0.100000,0.100000,1.721400,0.100000,0.293626,0.000000,0.000000,0.000000
3,3,45,200,200,0.150000,0.200000,0.000000,0.700000,0.000000,0.000000,0.100000,0.100000,0.100000,1.801000,0.100000,0.287048,0.000000,0.000000,0.000000
3,3,39,200,200,0.150000,0.200000,0.000000,0.700000,0.000000,0.000000,0.100000,0.100000,0.100000,1.562200,0.100000,0.289354,0.000000,0.000000,0.000000
3,3,49,200,200,0.150000,0.200000,0.000000,0.700000,0.000000,0.000000,0.100000,0.100000,0.100000,1.960200,0.100000,0.290442,0.000000,0.000000,0.000000
3,3,46,200,200,0.150000,0.200000,0.000000,0.700000,0.000000,0.000000,0.100000,0.100000,0.100000,1.840800,0.100000,0.289278,0.000000,0.000000,0.000000
3,3,48,200,200,0.150000,0.200000,0.000000,0.700000,0.000000,0.000000,0.100000,0.100000,0.100000,1.920400,0.100000,0.289545,0.000000,0.000000,0.000000
3,3,50,200,200,0.150000,0.200000,0.000000,0.700000,0.000000,0.000000,0.100000,0.100000,0.100000,2.000000,0.100000,0.287296,0.000000,0.000000,0.000000
3,4,1,200,200,0.150000,0.200000,0.000000,0.700000,0.000000,0.000000,0.100000,0.100000,0.100000,0.049800,0.100000,0.344935,0.000000,65669.000000,404.853007
3,3,47,200,200,0.150000,0.200000,0.000000,0.700000,0.000000,0.000000,0.100000,0.100000,0.100000,1.880600,0.100000,0.285474,0.000000,0.000000,0.000000
3,3,42,200,200,0.150000,0.200000,0.000000,0.700000,0.000000,0.000000,0.100000,0.100000,0.100000,1.681600,0.100000,0.291140,0.000000,0.000000,0.000000
3,3,44,200,200,0.150000,0.200000,0.000000,0.700000,0.000000,0.000000,0.100000,0.100000,0.100000,1.761200,0.100000,0.286461,0.000000,0.000000,0.000000
3,4,2,200,200,0.150000,0.200000,0.000000,0.700000,0.000000,0.000000,0.100000,0.100000,0.100000,0.089600,0.100000,0.311890,0.000000,40840.000000,50.848552
3,4,6,200,200,0.150000,0.200000,0.000000,0.700000,0.000000,0.000000,0.100000,0.100000,0.100000,0.248800,0.100000,0.322622,0.000000,1842.000000,2.410913
3,3,41,200,200,0.150000,0.200000,0.000000,0.700000,0.000000,0.000000,0.100000,0.100000,0.100000,1.641800,0.100000,0.297241,0.000000,0.000000,0.000000
3,4,0,200,200,0.150000,0.200000,0.000000,0.700000,0.000000,0.000000,0.100000,0.100000,0.100000,0.010000,0.100000,0.341384,0.000000,65518.000000,2982.966592
3,4,3,200,200,0.150000,0.200000,0.000000,0.700000,0.000000,0.000000,0.100000,0.100000,0.100000,0.129400,0.100000,0.308536,0.000000,26566.000000,22.786192
3,4,7,200,200,0.150000,0.200000,0.000000,0.700000,0.000000,0.000000,0.100000,0.100000,0.100000,0.288600,0.100000,0.315385,0.000000,875.000000,1.015590
3,4,11,200,200,0.150000,0.200000,0.000000,0.700000,0.000000,0.000000,0.100000,0.100000,0.100000,0.447800,0.100000,0.291162,0.000000,224.000000,0.091314
3,4,15,200,200,0.150000,0.200000,0.000000,0.700000,0.000000,0.000000,0.100000,0.100000,0.100000,0.607000,0.100000,0.289900,0.000000,11.000000,0.001114
3,4,4,200,200,0.150000,0.200000,0.000000,0.700000,0.000000,0.000000,0.100000,0.100000,0.100000,0.169200,0.100000,0.316046,0.000000,12080.000000,16.283964
3,4,8,200,200,0.150000,0.200000,0.000000,0.700000,0.000000,0.000000,0.100000,0.100000,0.100000,0.328400,0.100000,0.307377,0.000000,592.000000,0.498886
3,4,5,200,200,0.150000,0.200000,0.000000,0.700000,0.000000,0.000000,0.100000,0.100000,0.100000,0.209000,0.100000,0.312921,0.000000,5520.000000,6.650334
3,4,16,200,200,0.150000,0.200000,0.000000,0.700000,0.000000,0.000000,0.100000,0.100000,0.100000,0.646800,0.100000,0.287836,0.000000,4.000000,0.001114
3,4,10,200,200,0.150000,0.200000,0.000000,0.700000,0.000000,0.000000,0.100000,0.100000,0.100000,0.408000,0.100000,0.298322,0.000000,292.000000,0.149220
3,4,12,200,200,0.150000,0.200000,0.000000,0.700000,0.000000,0.000000,0.100000,0.100000,0.100000,0.487600,0.100000,0.287907,0.000000,69.000000,0.014477
3,4,9,200,200,0.150000,0.200000,0.000000,0.700000,0.000000,0.000000,0.100000,0.100000,0.100000,0.368200,0.100000,0.303552,0.000000,408.000000,0.315145
3,4,13,200,200,0.150000,0.200000,0.000000,0.700000,0.000000,0.000000,0.100000,0.100000,0.100000,0.527400,0.100000,0.289621,0.000000,32.000000,0.008909
3,4,20,200,200,0.150000,0.200000,0.000000,0.700000,0.000000,0.000000,0.100000,0.100000,0.100000,0.806000,0.100000,0.283772,0.000000,1.000000,0.000000
3,4,18,200,200,0.150000,0.200000,0.000000,0.700000,0.000000,0.000000,0.100000,0.100000,0.100000,0.726400,0.100000,0.287809,0.000000,2.000000,0.000000
3,4,17,200,200,0.150000,0.200000,0.000000,0.700000,0.000000,0.000000,0.100000,0.100000,0.100000,0.686600,0.100000,0.291893,0.000000,3.000000,0.000000
3,4,14,200,200,0.150000,0.200000,0.000000,0.700000,0.000000,0.000000,0.100000,0.100000,0.100000,0.567200,0.100000,0.287777,0.000000,23.000000,0.005568
3,4,24,200,200,0.150000,0.200000,0.000000,0.700000,0.000000,0.000000,0.100000,0.100000,0.100000,0.965200,0.100000,0.287116,0.000000,0.000000,0.000000
3,4,23,200,200,0.150000,0.200000,0.000000,0.700000,0.000000,0.000000,0.100000,0.100000,0.100000,0.925400,0.100000,0.287850,0.000000,0.000000,0.000000
3,4,25,200,200,0.150000,0.200000,0.000000,0.700000,0.000000,0.000000,0.100000,0.100000,0.100000,1.005000,0.100000,0.284722,0.000000,0.000000,0.000000
3,4,19,200,200,0.150000,0.200000,0.000000,0.700000,0.000000,0.000000,0.100000,0.100000,0.100000,0.766200,0.100000,0.284948,0.000000,1.000000,0.000000
3,4,26,200,200,0.150000,0.200000,0.000000,0.700000,0.000000,0.000000,0.100000,0.100000,0.100000,1.044800,0.100000,0.288080,0.000000,0.000000,0.000000
3,4,22,200,200,0.150000,0.200000,0.000000,0.700000,0.000000,0.000000,0.100000,0.100000,0.100000,0.885600,0.100000,0.288169,0.000000,0.000000,0.000000
3,4,27,200,200,0.150000,0.200000,0.000000,0.700000,0.000000,0.000000,0.100000,0.100000,0.100000,1.084600,0.100000,0.286043,0.000000,0.000000,0.000000
3,4,28,200,200,0.150000,0.200000,0.000000,0.700000,0.000000,0.000000,0.100000,0.100000,0.100000,1.124400,0.100000,0.288735,0.000000,0.000000,0.000000
3,4,30,200,200,0.150000,0.200000,0.000000,0.700000,0.000000,0.000000,0.100000,0.100000,0.100000,1.204000,0.100000,0.285212,0.000000,0.000000,0.000000
3,4,21,200,200,0.150000,0.200000,0.000000,0.700000,0.000000,0.000000,0.100000,0.100000,0.100000,0.845800,0.100000,0.286626,0.000000,0.000000,0.000000
3,4,29,200,200,0.150000,0.200000,0.000000,0.700000,0.000000,0.000000,0.100000,0.100000,0.100000,1.164200,0.100000,0.288954,0.000000,0.000000,0.000000
3,4,34,200,200,0.150000,0.200000,0.000000,0.700000,0.000000,0.000000,0.100000,0.100000,0.100000,1.363200,0.100000,0.290723,0.000000,0.000000,0.000000
3,4,32,200,200,0.150000,0.200000,0.000000,0.700000,0.000000,0.000000,0.100000,0.100000,0.100000,1.283600,0.100000,0.292985,0.000000,0.000000,0.000000
3,4,33,200,200,0.150000,0.200000,0.000000,0.700000,0.000000,0.000000,0.100000,0.100000,0.100000,1.323400,0.100000,0.290349,0.000000,0.000000,0.000000
3,4,31,200,200,0.150000,0.200000,0.000000,0.700000,0.000000,0.000000,0.100000,0.100000,0.100000,1.243800,0.100000,0.288873,0.000000,0.000000,0.000000
3,4,35,200,200,0.150000,0.200000,0.000000,0.700000,0.000000,0.000000,0.100000,0.100000,0.100000,1.403000,0.100000,0.290463,0.000000,0.000000,0.000000
3,4,37,200,200,0.150000,0.200000,0.000000,0.700000,0.000000,0.000000,0.100000,0.100000,0.100000,1.482600,0.100000,0.291328,0.000000,0.000000,0.000000
3,4,45,200,200,0.150000,0.200000,0.000000,0.700000,0.000000,0.000000,0.100000,0.100000,0.100000,1.801000,0.100000,0.515691,0.000000,0.000000,0.000000
3,4,44,200,200,0.150000,0.200000,0.000000,0.700000,0.000000,0.000000,0.100000,0.100000,0.100000,1.761200,0.100000,0.298565,0.000000,0.000000,0.000000
3,4,36,200,200,0.150000,0.200000,0.000000,0.700000,0.000000,0.000000,0.100000,0.100000,0.100000,1.442800,0.100000,0.289982,0.000000,0.000000,0.000000
3,4,38,200,200,0.150000,0.200000,0.000000,0.700000,0.000000,0.000000,0.100000,0.100000,0.100000,1.522400,0.100000,0.288650,0.000000,0.000000,0.000000
3,4,39,200,200,0.150000,0.200000,0.000000,0.700000,0.000000,0.000000,0.100000,0.100000,0.100000,1.562200,0.100000,0.287232,0.000000,0.000000,0.000000
3,4,42,200,200,0.150000,0.200000,0.000000,0.700000,0.000000,0.000000,0.100000,0.100000,0.100000,1.681600,0.100000,0.292689,0.000000,0.000000,0.000000
3,4,41,200,200,0.150000,0.200000,0.000000,0.700000,0.000000,0.000000,0.100000,0.100000,0.100000,1.641800,0.100000,0.291260,0.000000,0.000000,0.000000
3,4,43,200,200,0.150000,0.200000,0.000000,0.700000,0.000000,0.000000,0.100000,0.100000,0.100000,1.721400,0.100000,0.291802,0.000000,0.000000,0.000000
3,5,4,200,200,0.150000,0.200000,0.000000,0.700000,0.000000,0.000000,0.100000,0.100000,0.100000,0.169200,0.100000,0.338832,0.000000,11938.000000,12.477728
3,4,40,200,200,0.150000,0.200000,0.000000,0.700000,0.000000,0.000000,0.100000,0.100000,0.100000,1.602000,0.100000,0.288461,0.000000,0.000000,0.000000
3,4,46,200,200,0.150000,0.200000,0.000000,0.700000,0.000000,0.000000,0.100000,0.100000,0.100000,1.840800,0.100000,0.669345,0.000000,0.000000,0.000000
3,4,47,200,200,0.150000,0.200000,0.000000,0.700000,0.000000,0.000000,0.100000,0.100000,0.100000,1.880600,0.100000,0.643113,0.000000,0.000000,0.000000
3,4,48,200,200,0.150000,0.200000,0.000000,0.700000,0.000000,0.000000,0.100000,0.100000,0.100000,1.920400,0.100000,0.518537,0.000000,0.000000,0.000000
3,4,49,200,200,0.150000,0.200000,0.000000,0.700000,0.000000,0.000000,0.100000,0.100000,0.100000,1.960200,0.100000,0.662154,0.000000,0.000000,0.000000
3,4,50,200,200,0.150000,0.200000,0.000000,0.700000,0.000000,0.000000,0.100000,0.100000,0.100000,2.000000,0.100000,0.546860,0.000000,0.000000,0.000000
3,5,7,200,200,0.150000,0.200000,0.000000,0.700000,0.000000,0.000000,0.100000,0.100000,0.100000,0.288600,0.100000,0.384458,0.000000,704.000000,1.167038
3,5,5,200,200,0.150000,0.200000,0.000000,0.700000,0.000000,0.000000,0.100000,0.100000,0.100000,0.209000,0.100000,0.334686,0.000000,4537.000000,4.727171
3,5,13,200,200,0.150000,0.200000,0.000000,0.700000,0.000000,0.000000,0.100000,0.100000,0.100000,0.527400,0.100000,0.291145,0.000000,49.000000,0.008909
3,5,3,200,200,0.150000,0.200000,0.000000,0.700000,0.000000,0.000000,0.100000,0.100000,0.100000,0.129400,0.100000,0.330259,0.000000,25173.000000,19.724944
3,5,1,200,200,0.150000,0.200000,0.000000,0.700000,0.000000,0.000000,0.100000,0.100000,0.100000,0.049800,0.100000,0.341597,0.000000,62625.000000,396.377506
3,5,19,200,200,0.150000,0.200000,0.000000,0.700000,0.000000,0.000000,0.100000,0.100000,0.100000,0.766200,0.100000,0.291183,0.000000,1.000000,0.000000
3,5,2,200,200,0.150000,0.200000,0.000000,0.700000,0.000000,0.000000,0.100000,0.100000,0.100000,0.089600,0.100000,0.324826,0.000000,37800.000000,48.307350
3,5,16,200,200,0.150000,0.200000,0.000000,0.700000,0.000000,0.000000,0.100000,0.100000,0.100000,0.646800,0.100000,0.287554,0.000000,8.000000,0.000000
3,5,0,200,200,0.150000,0.200000,0.000000,0.700000,0.000000,0.000000,0.100000,0.100000,0.100000,0.010000,0.100000,0.329065,0.000000,67477.000000,3050.604677
3,5,15,200,200,0.150000,0.200000,0.000000,0.700000,0.000000,0.000000,0.100000,0.100000,0.100000,0.607000,0.100000,0.288744,0.000000,13.000000,0.000000
3,5,6,200,200,0.150000,0.200000,0.000000,0.700000,0.000000,0.000000,0.100000,0.100000,0.100000,0.248800,0.100000,0.320776,0.000000,1441.000000,1.361915
3,5,9,200,200,0.150000,0.200000,0.000000,0.700000,0.000000,0.000000,0.100000,0.100000,0.100000,0.368200,0.100000,0.293357,0.000000,307.000000,0.149220
3,5,8,200,200,0.150000,0.200000,0.000000,0.700000,0.000000,0.000000,0.100000,0.100000,0.100000,0.328400,0.100000,0.297060,0.000000,413.000000,0.255011
3,5,11,200,200,0.150000,0.200000,0.000000,0.700000,0.000000,0.000000,0.100000,0.100000,0.100000,0.447800,0.100000,0.298410,0.000000,147.000000,0.055679
3,5,10,200,200,0.150000,0.200000,0.000000,0.700000,0.000000,0.000000,0.100000,0.100000,0.100000,0.408000,0.100000,0.293529,0.000000,219.000000,0.083519
3,5,12,200,200,0.150000,0.200000,0.000000,0.700000,0.000000,0.000000,0.100000,0.100000,0.100000,0.487600,0.100000,0.290555,0.000000,121.000000,0.036748
3,5,14,200,200,0.150000,0.200000,0.000000,0.700000,0.000000,0.000000,0.100000,0.100000,0.100000,0.567200,0.100000,0.294452,0.000000,28.000000,0.000000
3,5,24,200,200,0.150000,0.200000,0.000000,0.700000,0.000000,0.000000,0.100000,0.100000,0.100000,0.965200,0.100000,0.288465,0.000000,0.000000,0.000000
3,5,23,200,200,0.150000,0.200000,0.000000,0.700000,0.000000,0.000000,0.100000,0.100000,0.100000,0.925400,0.100000,0.286520,0.000000,0.000000,0.000000
3,5,25,200,200,0.150000,0.200000,0.000000,0.700000,0.000000,0.000000,0.100000,0.100000,0.100000,1.005000,0.100000,0.289683,0.000000,0.000000,0.000000
3,5,26,200,200,0.150000,0.200000,0.000000,0.700000,0.000000,0.000000,0.100000,0.100000,0.100000,1.044800,0.100000,0.284746,0.000000,0.000000,0.000000
3,5,17,200,200,0.150000,0.200000,0.000000,0.700000,0.000000,0.000000,0.100000,0.100000,0.100000,0.686600,0.100000,0.288372,0.000000,1.000000,0.000000
3,5,21,200,200,0.150000,0.200000,0.000000,0.700000,0.000000,0.000000,0.100000,0.100000,0.100000,0.845800,0.100000,0.289903,0.000000,0.000000,0.000000
3,5,28,200,200,0.150000,0.200000,0.000000,0.700000,0.000000,0.000000,0.100000,0.100000,0.100000,1.124400,0.100000,0.288209,0.000000,0.000000,0.000000
3,5,18,200,200,0.150000,0.200000,0.000000,0.700000,0.000000,0.000000,0.100000,0.100000,0.100000,0.726400,0.100000,0.288125,0.000000,1.000000,0.000000
3,5,20,200,200,0.150000,0.200000,0.000000,0.700000,0.000000,0.000000,0.100000,0.100000,0.100000,0.806000,0.100000,0.291011,0.000000,1.000000,0.000000
3,5,30,200,200,0.150000,0.200000,0.000000,0.700000,0.000000,0.000000,0.100000,0.100000,0.100000,1.204000,0.100000,0.287248,0.000000,0.000000,0.000000
3,5,27,200,200,0.150000,0.200000,0.000000,0.700000,0.000000,0.000000,0.100000,0.100000,0.100000,1.084600,0.100000,0.286023,0.000000,0.000000,0.000000
3,5,29,200,200,0.150000,0.200000,0.000000,0.700000,0.000000,0.000000,0.100000,0.100000,0.100000,1.164200,0.100000,0.288107,0.000000,0.000000,0.000000
3,5,22,200,200,0.150000,0.200000,0.000000,0.700000,0.000000,0.000000,0.100000,0.100000,0.100000,0.885600,0.100000,0.290500,0.000000,0.000000,0.000000
3,5,32,200,200,0.150000,0.200000,0.000000,0.700000,0.000000,0.000000,0.100000,0.100000,0.100000,1.283600,0.100000,0.286959,0.000000,0.000000,0.000000
3,5,31,200,200,0.150000,0.200000,0.000000,0.700000,0.000000,0.000000,0.100000,0.100000,0.100000,1.243800,0.100000,0.286790,0.000000,0.000000,0.000000
3,5,33,200,200,0.150000,0.200000,0.000000,0.700000,0.000000,0.000000,0.100000,0.100000,0.100000,1.323400,0.100000,0.291438,0.000000,0.000000,0.000000
3,5,37,200,200,0.150000,0.200000,0.000000,0.700000,0.000000,0.000000,0.100000,0.100000,0.100000,1.482600,0.100000,0.287298,0.000000,0.000000,0.000000
3,5,38,200,200,0.150000,0.200000,0.000000,0.700000,0.000000,0.000000,0.100000,0.100000,0.100000,1.522400,0.100000,0.291557,0.000000,0.000000,0.000000
3,5,35,200,200,0.150000,0.200000,0.000000,0.700000,0.000000,0.000000,0.100000,0.100000,0.100000,1.403000,0.100000,0.285184,0.000000,0.000000,0.000000
3,5,34,200,200,0.150000,0.200000,0.000000,0.700000,0.000000,0.000000,0.100000,0.100000,0.100000,1.363200,0.100000,0.292686,0.000000,0.000000,0.000000
3,5,42,200,200,0.150000,0.200000,0.000000,0.700000,0.000000,0.000000,0.100000,0.100000,0.100000,1.681600,0.100000,0.290876,0.000000,0.000000,0.000000
3,5,41,200,200,0.150000,0.200000,0.000000,0.700000,0.000000,0.000000,0.100000,0.100000,0.100000,1.641800,0.100000,0.289913,0.000000,0.000000,0.000000
3,5,44,200,200,0.150000,0.200000,0.000000,0.700000,0.000000,0.000000,0.100000,0.100000,0.100000,1.761200,0.100000,0.283466,0.000000,0.000000,0.000000
3,5,39,200,200,0.150000,0.200000,0.000000,0.700000,0.000000,0.000000,0.100000,0.100000,0.100000,1.562200,0.100000,0.287374,0.000000,0.000000,0.000000
3,5,48,200,200,0.150000,0.200000,0.000000,0.700000,0.000000,0.000000,0.100000,0.100000,0.100000,1.920400,0.100000,0.284730,0.000000,0.000000,0.000000
3,5,46,200,200,0.150000,0.200000,0.000000,0.700000,0.000000,0.000000,0.100000,0.100000,0.100000,1.840800,0.100000,0.287976,0.000000,0.000000,0.000000
3,5,36,200,200,0.150000,0.200000,0.000000,0.700000,0.000000,0.000000,0.100000,0.100000,0.100000,1.442800,0.100000,0.293062,0.000000,0.000000,0.000000
3,5,40,200,200,0.150000,0.200000,0.000000,0.700000,0.000000,0.000000,0.100000,0.100000,0.100000,1.602000,0.100000,0.288537,0.000000,0.000000,0.000000
3,5,43,200,200,0.150000,0.200000,0.000000,0.700000,0.000000,0.000000,0.100000,0.100000,0.100000,1.721400,0.100000,0.289141,0.000000,0.000000,0.000000
3,5,45,200,200,0.150000,0.200000,0.000000,0.700000,0.000000,0.000000,0.100000,0.100000,0.100000,1.801000,0.100000,0.287609,0.000000,0.000000,0.000000
3,6,3,200,200,0.150000,0.200000,0.000000,0.700000,0.000000,0.000000,0.100000,0.100000,0.100000,0.129400,0.100000,0.315062,0.000000,23121.000000,20.190423
3,5,50,200,200,0.150000,0.200000,0.000000,0.700000,0.000000,0.000000,0.100000,0.100000,0.100000,2.000000,0.100000,0.289620,0.000000,0.000000,0.000000
3,5,47,200,200,0.150000,0.200000,0.000000,0.700000,0.000000,0.000000,0.100000,0.100000,0.100000,1.880600,0.100000,0.287837,0.000000,0.000000,0.000000
3,6,10,200,200,0.150000,0.200000,0.000000,0.700000,0.000000,0.000000,0.100000,0.100000,0.100000,0.408000,0.100000,0.297611,0.000000,177.000000,0.118040
3,6,7,200,200,0.150000,0.200000,0.000000,0.700000,0.000000,0.000000,0.100000,0.100000,0.100000,0.288600,0.100000,0.305447,0.000000,683.000000,0.846325
3,6,8,200,200,0.150000,0.200000,0.000000,0.700000,0.000000,0.000000,0.100000,0.100000,0.100000,0.328400,0.100000,0.294870,0.000000,441.000000,0.270601
3,6,6,200,200,0.150000,0.200000,0.000000,0.700000,0.000000,0.000000,0.100000,0.100000,0.100000,0.248800,0.100000,0.307343,0.000000,1407.000000,1.562361
3,6,18,200,200,0.150000,0.200000,0.000000,0.700000,0.000000,0.000000,0.100000,0.100000,0.100000,0.726400,0.100000,0.289862,0.000000,2.000000,0.000000
3,5,49,200,200,0.150000,0.200000,0.000000,0.700000,0.000000,0.000000,0.100000,0.100000,0.100000,1.960200,0.100000,0.286770,0.000000,0.000000,0.000000
3,6,0,200,200,0.150000,0.200000,0.000000,0.700000,0.000000,0.000000,0.100000,0.100000,0.100000,0.010000,0.100000,0.325692,0.000000,69622.000000,3097.928731
3,6,1,200,200,0.150000,0.200000,0.000000,0.700000,0.000000,0.000000,0.100000,0.100000,0.100000,0.049800,0.100000,0.321114,0.000000,59428.000000,381.012249
3,6,2,200,200,0.150000,0.200000,0.000000,0.700000,0.000000,0.000000,0.100000,0.100000,0.100000,0.089600,0.100000,0.319759,0.000000,34374.000000,46.684855
3,6,4,200,200,0.150000,0.200000,0.000000,0.700000,0.000000,0.000000,0.100000,0.100000,0.100000,0.169200,0.100000,0.316934,0.000000,9977.000000,12.513363
3,6,5,200,200,0.150000,0.200000,0.000000,0.700000,0.000000,0.000000,0.100000,0.100000,0.100000,0.209000,0.100000,0.314190,0.000000,4587.000000,5.402004
3,6,9,200,200,0.150000,0.200000,0.000000,0.700000,0.000000,0.000000,0.100000,0.100000,0.100000,0.368200,0.100000,0.301688,0.000000,259.000000,0.159243
3,6,20,200,200,0.150000,0.200000,0.000000,0.700000,0.000000,0.000000,0.100000,0.100000,0.100000,0.806000,0.100000,0.288654,0.000000,0.000000,0.000000
3,6,21,200,200,0.150000,0.200000,0.000000,0.700000,0.000000,0.000000,0.100000,0.100000,0.100000,0.845800,0.100000,0.288642,0.000000,0.000000,0.000000
3,6,16,200,200,0.150000,0.200000,0.000000,0.700000,0.000000,0.000000,0.100000,0.100000,0.100000,0.646800,0.100000,0.288577,0.000000,5.000000,0.000000
3,6,12,200,200,0.150000,0.200000,0.000000,0.700000,0.000000,0.000000,0.100000,0.100000,0.100000,0.487600,0.100000,0.291034,0.000000,110.000000,0.030067
3,6,11,200,200,0.150000,0.200000,0.000000,0.700000,0.000000,0.000000,0.100000,0.100000,0.100000,0.447800,0.100000,0.291245,0.000000,146.000000,0.054566
3,6,24,200,200,0.150000,0.200000,0.000000,0.700000,0.000000,0.000000,0.100000,0.100000,0.100000,0.965200,0.100000,0.286767,0.000000,0.000000,0.000000
3,6,13,200,200,0.150000,0.200000,0.000000,0.700000,0.000000,0.000000,0.100000,0.100000,0.100000,0.527400,0.100000,0.290238,0.000000,67.000000,0.016704
3,6,14,200,200,0.150000,0.200000,0.000000,0.700000,0.000000,0.000000,0.100000,0.100000,0.100000,0.567200,0.100000,0.295147,0.000000,42.000000,0.010022
3,6,22,200,200,0.150000,0.200000,0.000000,0.700000,0.000000,0.000000,0.100000,0.100000,0.100000,0.885600,0.100000,0.289387,0.000000,0.000000,0.000000
3,6,17,200,200,0.150000,0.200000,0.000000,0.700000,0.000000,0.000000,0.100000,0.100000,0.100000,0.686600,0.100000,0.288898,0.000000,3.000000,0.000000
3,6,15,200,200,0.150000,0.200000,0.000000,0.700000,0.000000,0.000000,0.100000,0.100000,0.100000,0.607000,0.100000,0.290353,0.000000,18.000000,0.000000
3,6,19,200,200,0.150000,0.200000,0.000000,0.700000,0.000000,0.000000,0.100000,0.100000,0.100000,0.766200,0.100000,0.289317,0.000000,1.000000,0.000000
3,6,23,200,200,0.150000,0.200000,0.000000,0.700000,0.000000,0.000000,0.100000,0.100000,0.100000,0.925400,0.100000,0.288180,0.000000,0.000000,0.000000
3,6,25,200,200,0.150000,0.200000,0.000000,0.700000,0.000000,0.000000,0.100000,0.100000,0.100000,1.005000,0.100000,0.286906,0.000000,0.000000,0.000000
3,6,27,200,200,0.150000,0.200000,0.000000,0.700000,0.000000,0.000000,0.100000,0.100000,0.100000,1.084600,0.100000,0.287262,0.000000,0.000000,0.000000
3,6,26,200,200,0.150000,0.200000,0.000000,0.700000,0.000000,0.000000,0.100000,0.100000,0.100000,1.044800,0.100000,0.287491,0.000000,0.000000,0.000000
3,6,28,200,200,0.150000,0.200000,0.000000,0.700000,0.000000,0.000000,0.100000,0.100000,0.100000,1.124400,0.100000,0.289040,0.000000,0.000000,0.000000
3,6,29,200,200,0.150000,0.200000,0.000000,0.700000,0.000000,0.000000,0.100000,0.100000,0.100000,1.164200,0.100000,0.285931,0.000000,0.000000,0.000000
3,6,32,200,200,0.150000,0.200000,0.000000,0.700000,0.000000,0.000000,0.100000,0.100000,0.100000,1.283600,0.100000,0.285283,0.000000,0.000000,0.000000
3,6,36,200,200,0.150000,0.200000,0.000000,0.700000,0.000000,0.000000,0.100000,0.100000,0.100000,1.442800,0.100000,0.286318,0.000000,0.000000,0.000000
3,6,38,200,200,0.150000,0.200000,0.000000,0.700000,0.000000,0.000000,0.100000,0.100000,0.100000,1.522400,0.100000,0.286724,0.000000,0.000000,0.000000
3,6,30,200,200,0.150000,0.200000,0.000000,0.700000,0.000000,0.000000,0.100000,0.100000,0.100000,1.204000,0.100000,0.287744,0.000000,0.000000,0.000000
3,6,40,200,200,0.150000,0.200000,0.000000,0.700000,0.000000,0.000000,0.100000,0.100000,0.100000,1.602000,0.100000,0.287567,0.000000,0.000000,0.000000
3,6,34,200,200,0.150000,0.200000,0.000000,0.700000,0.000000,0.000000,0.100000,0.100000,0.100000,1.363200,0.100000,0.285150,0.000000,0.000000,0.000000
3,6,31,200,200,0.150000,0.200000,0.000000,0.700000,0.000000,0.000000,0.100000,0.100000,0.100000,1.243800,0.100000,0.288543,0.000000,0.000000,0.000000
3,6,33,200,200,0.150000,0.200000,0.000000,0.700000,0.000000,0.000000,0.100000,0.100000,0.100000,1.323400,0.100000,0.287531,0.000000,0.000000,0.000000
3,6,42,200,200,0.150000,0.200000,0.000000,0.700000,0.000000,0.000000,0.100000,0.100000,0.100000,1.681600,0.100000,0.285961,0.000000,0.000000,0.000000
3,6,35,200,200,0.150000,0.200000,0.000000,0.700000,0.000000,0.000000,0.100000,0.100000,0.100000,1.403000,0.100000,0.287580,0.000000,0.000000,0.000000
3,6,37,200,200,0.150000,0.200000,0.000000,0.700000,0.000000,0.000000,0.100000,0.100000,0.100000,1.482600,0.100000,0.287287,0.000000,0.000000,0.000000
3,6,39,200,200,0.150000,0.200000,0.000000,0.700000,0.000000,0.000000,0.100000,0.100000,0.100000,1.562200,0.100000,0.288476,0.000000,0.000000,0.000000
3,6,48,200,200,0.150000,0.200000,0.000000,0.700000,0.000000,0.000000,0.100000,0.100000,0.100000,1.920400,0.100000,0.284815,0.000000,0.000000,0.000000
3,6,41,200,200,0.150000,0.200000,0.000000,0.700000,0.000000,0.000000,0.100000,0.100000,0.100000,1.641800,0.100000,0.286587,0.000000,0.000000,0.000000
3,6,43,200,200,0.150000,0.200000,0.000000,0.700000,0.000000,0.000000,0.100000,0.100000,0.100000,1.721400,0.100000,0.284056,0.000000,0.000000,0.000000
3,7,3,200,200,0.150000,0.200000,0.000000,0.700000,0.000000,0.000000,0.100000,0.100000,0.100000,0.129400,0.100000,0.318900,0.000000,19630.000000,16.966592
3,7,2,200,200,0.150000,0.200000,0.000000,0.700000,0.000000,0.000000,0.100000,0.100000,0.100000,0.089600,0.100000,0.321347,0.000000,32661.000000,34.503341
3,7,0,200,200,0.150000,0.200000,0.000000,0.700000,0.000000,0.000000,0.100000,0.100000,0.100000,0.010000,0.100000,0.322103,0.000000,70609.000000,3115.922049
3,6,46,200,200,0.150000,0.200000,0.000000,0.700000,0.000000,0.000000,0.100000,0.100000,0.100000,1.840800,0.100000,0.288412,0.000000,0.000000,0.000000
3,6,44,200,200,0.150000,0.200000,0.000000,0.700000,0.000000,0.000000,0.100000,0.100000,0.100000,1.761200,0.100000,0.284005,0.000000,0.000000,0.000000
3,6,47,200,200,0.150000,0.200000,0.000000,0.700000,0.000000,0.000000,0.100000,0.100000,0.100000,1.880600,0.100000,0.288453,0.000000,0.000000,0.000000
3,7,6,200,200,0.150000,0.200000,0.000000,0.700000,0.000000,0.000000,0.100000,0.100000,0.100000,0.248800,0.100000,0.317392,0.000000,1371.000000,1.417595
3,7,8,200,200,0.150000,0.200000,0.000000,0.700000,0.000000,0.000000,0.100000,0.100000,0.100000,0.328400,0.100000,0.296257,0.000000,527.000000,0.307350
3,6,45,200,200,0.150000,0.200000,0.000000,0.700000,0.000000,0.000000,0.100000,0.100000,0.100000,1.801000,0.100000,0.289714,0.000000,0.000000,0.000000
3,7,1,200,200,0.150000,0.200000,0.000000,0.700000,0.000000,0.000000,0.100000,0.100000,0.100000,0.049800,0.100000,0.340104,0.000000,59465.000000,329.404232
3,6,49,200,200,0.150000,0.200000,0.000000,0.700000,0.000000,0.000000,0.100000,0.100000,0.100000,1.960200,0.100000,0.289127,0.000000,0.000000,0.000000
3,6,50,200,200,0.150000,0.200000,0.000000,0.700000,0.000000,0.000000,0.100000,0.100000,0.100000,2.000000,0.100000,0.287680,0.000000,0.000000,0.000000
3,7,11,200,200,0.150000,0.200000,0.000000,0.700000,0.000000,0.000000,0.100000,0.100000,0.100000,0.447800,0.100000,0.293436,0.000000,138.000000,0.042316
3,7,10,200,200,0.150000,0.200000,0.000000,0.700000,0.000000,0.000000,0.100000,0.100000,0.100000,0.408000,0.100000,0.294277,0.000000,262.000000,0.129176
3,7,5,200,200,0.150000,0.200000,0.000000,0.700000,0.000000,0.000000,0.100000,0.100000,0.100000,0.209000,0.100000,0.318291,0.000000,4236.000000,5.238307
3,7,12,200,200,0.150000,0.200000,0.000000,0.700000,0.000000,0.000000,0.100000,0.100000,0.100000,0.487600,0.100000,0.293127,0.000000,72.000000,0.015590
3,7,14,200,200,0.150000,0.200000,0.000000,0.700000,0.000000,0.000000,0.100000,0.100000,0.100000,0.567200,0.100000,0.290145,0.000000,25.000000,0.010022
3,7,7,200,200,0.150000,0.200000,0.000000,0.700000,0.000000,0.000000,0.100000,0.100000,0.100000,0.288600,0.100000,0.304278,0.000000,690.000000,0.563474
3,7,4,200,200,0.150000,0.200000,0.000000,0.700000,0.000000,0.000000,0.100000,0.100000,0.100000,0.169200,0.100000,0.319838,0.000000,10083.000000,11.649220
3,7,9,200,200,0.150000,0.200000,0.000000,0.700000,0.000000,0.000000,0.100000,0.100000,0.100000,0.368200,0.100000,0.291900,0.000000,329.000000,0.169265
3,7,15,200,200,0.150000,0.200000,0.000000,0.700000,0.000000,0.000000,0.100000,0.100000,0.100000,0.607000,0.100000,0.296007,0.000000,10.000000,0.007795
3,7,20,200,200,0.150000,0.200000,0.000000,0.700000,0.000000,0.000000,0.100000,0.100000,0.100000,0.806000,0.100000,0.293623,0.000000,5.000000,0.000000
3,7,22,200,200,0.150000,0.200000,0.000000,0.700000,0.000000,0.000000,0.100000,0.100000,0.100000,0.885600,0.100000,0.290751,0.000000,1.000000,0.000000
3,7,13,200,200,0.150000,0.200000,0.000000,0.700000,0.000000,0.000000,0.100000,0.100000,0.100000,0.527400,0.100000,0.293463,0.000000,52.000000,0.006682
3,7,16,200,200,0.150000,0.200000,0.000000,0.700000,0.000000,0.000000,0.100000,0.100000,0.100000,0.646800,0.100000,0.292890,0.000000,12.000000,0.002227
3,7,24,200,200,0.150000,0.200000,0.000000,0.700000,0.000000,0.000000,0.100000,0.100000,0.100000,0.965200,0.100000,0.291394,0.000000,0.000000,0.000000
3,7,18,200,200,0.150000,0.200000,0.000000,0.700000,0.000000,0.000000,0.100000,0.100000,0.100000,0.726400,0.100000,0.292641,0.000000,5.000000,0.001114
3,7,17,200,200,0.150000,0.200000,0.000000,0.700000,0.000000,0.000000,0.100000,0.100000,0.100000,0.686600,0.100000,0.294165,0.000000,8.000000,0.001114
3,7,21,200,200,0.150000,0.200000,0.000000,0.700000,0.000000,0.000000,0.100000,0.100000,0.100000,0.845800,0.100000,0.294857,0.000000,4.000000,0.000000
3,7,19,200,200,0.150000,0.200000,0.000000,0.700000,0.000000,0.000000,0.100000,0.100000,0.100000,0.766200,0.100000,0.292437,0.000000,6.000000,0.000000
3,7,23,200,200,0.150000,0.200000,0.000000,0.700000,0.000000,0.000000,0.100000,0.100000,0.100000,0.925400,0.100000,0.292273,0.000000,0.000000,0.000000
3,7,25,200,200,0.150000,0.200000,0.000000,0.700000,0.000000,0.000000,0.100000,0.100000,0.100000,1.005000,0.100000,0.292227,0.000000,0.000000,0.000000
3,7,26,200,200,0.150000,0.200000,0.000000,0.700000,0.000000,0.000000,0.100000,0.100000,0.100000,1.044800,0.100000,0.292420,0.000000,0.000000,0.000000
3,7,29,200,200,0.150000,0.200000,0.000000,0.700000,0.000000,0.000000,0.100000,0.100000,0.100000,1.164200,0.100000,0.288301,0.000000,0.000000,0.000000
3,7,27,200,200,0.150000,0.200000,0.000000,0.700000,0.000000,0.000000,0.100000,0.100000,0.100000,1.084600,0.100000,0.290601,0.000000,0.000000,0.000000
3,7,35,200,200,0.150000,0.200000,0.000000,0.700000,0.000000,0.000000,0.100000,0.100000,0.100000,1.403000,0.100000,0.286759,0.000000,0.000000,0.000000
3,7,33,200,200,0.150000,0.200000,0.000000,0.700000,0.000000,0.000000,0.100000,0.100000,0.100000,1.323400,0.100000,0.288561,0.000000,0.000000,0.000000
3,7,28,200,200,0.150000,0.200000,0.000000,0.700000,0.000000,0.000000,0.100000,0.100000,0.100000,1.124400,0.100000,0.289305,0.000000,0.000000,0.000000
3,7,31,200,200,0.150000,0.200000,0.000000,0.700000,0.000000,0.000000,0.100000,0.100000,0.100000,1.243800,0.100000,0.285373,0.000000,0.000000,0.000000
3,7,30,200,200,0.150000,0.200000,0.000000,0.700000,0.000000,0.000000,0.100000,0.100000,0.100000,1.204000,0.100000,0.289985,0.000000,0.000000,0.000000
3,7,32,200,200,0.150000,0.200000,0.000000,0.700000,0.000000,0.000000,0.100000,0.100000,0.100000,1.283600,0.100000,0.283389,0.000000,0.000000,0.000000
3,7,37,200,200,0.150000,0.200000,0.000000,0.700000,0.000000,0.000000,0.100000,0.100000,0.100000,1.482600,0.100000,0.284993,0.000000,0.000000,0.000000
3,7,34,200,200,0.150000,0.200000,0.000000,0.700000,0.000000,0.000000,0.100000,0.100000,0.100000,1.363200,0.100000,0.287886,0.000000,0.000000,0.000000
3,7,36,200,200,0.150000,0.200000,0.000000,0.700000,0.000000,0.000000,0.100000,0.100000,0.100000,1.442800,0.100000,0.289697,0.000000,0.000000,0.000000
3,7,44,200,200,0.150000,0.200000,0.000000,0.700000,0.000000,0.000000,0.100000,0.100000,0.100000,1.761200,0.100000,0.288334,0.000000,0.000000,0.000000
3,7,42,200,200,0.150000,0.200000,0.000000,0.700000,0.000000,0.000000,0.100000,0.100000,0.100000,1.681600,0.100000,0.286598,0.000000,0.000000,0.000000
3,7,38,200,200,0.150000,0.200000,0.000000,0.700000,0.000000,0.000000,0.100000,0.100000,0.100000,1.522400,0.100000,0.286741,0.000000,0.000000,0.000000
3,7,39,200,200,0.150000,0.200000,0.000000,0.700000,0.000000,0.000000,0.100000,0.100000,0.100000,1.562200,0.100000,0.288222,0.000000,0.000000,0.000000
3,7,40,200,200,0.150000,0.200000,0.000000,0.700000,0.000000,0.000000,0.100000,0.100000,0.100000,1.602000,0.100000,0.288077,0.000000,0.000000,0.000000
3,7,49,200,200,0.150000,0.200000,0.000000,0.700000,0.000000,0.000000,0.100000,0.100000,0.100000,1.960200,0.100000,0.290490,0.000000,0.000000,0.000000
3,7,48,200,200,0.150000,0.200000,0.000000,0.700000,0.000000,0.000000,0.100000,0.100000,0.100000,1.920400,0.100000,0.286465,0.000000,0.000000,0.000000
3,7,47,200,200,0.150000,0.200000,0.000000,0.700000,0.000000,0.000000,0.100000,0.100000,0.100000,1.880600,0.100000,0.285550,0.000000,0.000000,0.000000
3,8,4,200,200,0.150000,0.200000,0.000000,0.700000,0.000000,0.000000,0.100000,0.100000,0.100000,0.169200,0.100000,0.320979,0.000000,11490.000000,13.087973
3,7,41,200,200,0.150000,0.200000,0.000000,0.700000,0.000000,0.000000,0.100000,0.100000,0.100000,1.641800,0.100000,0.285871,0.000000,0.000000,0.000000
3,8,1,200,200,0.150000,0.200000,0.000000,0.700000,0.000000,0.000000,0.100000,0.100000,0.100000,0.049800,0.100000,0.343777,0.000000,63874.000000,399.738307
3,7,43,200,200,0.150000,0.200000,0.000000,0.700000,0.000000,0.000000,0.100000,0.100000,0.100000,1.721400,0.100000,0.285118,0.000000,0.000000,0.000000
3,7,50,200,200,0.150000,0.200000,0.000000,0.700000,0.000000,0.000000,0.100000,0.100000,0.100000,2.000000,0.100000,0.288999,0.000000,0.000000,0.000000
3,7,46,200,200,0.150000,0.200000,0.000000,0.700000,0.000000,0.000000,0.100000,0.100000,0.100000,1.840800,0.100000,0.289062,0.000000,0.000000,0.000000
3,7,45,200,200,0.150000,0.200000,0.000000,0.700000,0.000000,0.000000,0.100000,0.100000,0.100000,1.801000,0.100000,0.286975,0.000000,0.000000,0.000000
3,8,5,200,200,0.150000,0.200000,0.000000,0.700000,0.000000,0.000000,0.100000,0.100000,0.100000,0.209000,0.100000,0.315898,0.000000,3856.000000,3.964365
3,8,0,200,200,0.150000,0.200000,0.000000,0.700000,0.000000,0.000000,0.100000,0.100000,0.100000,0.010000,0.100000,0.341000,0.000000,68946.000000,2952.557906
3,8,10,200,200,0.150000,0.200000,0.000000,0.700000,0.000000,0.000000,0.100000,0.100000,0.100000,0.408000,0.100000,0.299196,0.000000,122.000000,0.048998
3,8,2,200,200,0.150000,0.200000,0.000000,0.700000,0.000000,0.000000,0.100000,0.100000,0.100000,0.089600,0.100000,0.332395,0.000000,41490.000000,50.244989
3,8,3,200,200,0.150000,0.200000,0.000000,0.700000,0.000000,0.000000,0.100000,0.100000,0.100000,0.129400,0.100000,0.313534,0.000000,25320.000000,20.024499
3,8,11,200,200,0.150000,0.200000,0.000000,0.700000,0.000000,0.000000,0.100000,0.100000,0.100000,0.447800,0.100000,0.296954,0.000000,126.000000,0.042316
3,8,6,200,200,0.150000,0.200000,0.000000,0.700000,0.000000,0.000000,0.100000,0.100000,0.100000,0.248800,0.100000,0.315202,0.000000,1171.000000,1.063474
3,8,8,200,200,0.150000,0.200000,0.000000,0.700000,0.000000,0.000000,0.100000,0.100000,0.100000,0.328400,0.100000,0.293213,0.000000,278.000000,0.168151
3,8,7,200,200,0.150000,0.200000,0.000000,0.700000,0.000000,0.000000,0.100000,0.100000,0.100000,0.288600,0.100000,0.291959,0.000000,415.000000,0.337416
3,8,18,200,200,0.150000,0.200000,0.000000,0.700000,0.000000,0.000000,0.100000,0.100000,0.100000,0.726400,0.100000,0.288064,0.000000,0.000000,0.000000
3,8,19,200,200,0.150000,0.200000,0.000000,0.700000,0.000000,0.000000,0.100000,0.100000,0.100000,0.766200,0.100000,0.280921,0.000000,2.000000,0.000000
3,8,9,200,200,0.150000,0.200000,0.000000,0.700000,0.000000,0.000000,0.100000,0.100000,0.100000,0.368200,0.100000,0.299961,0.000000,194.000000,0.081292
3,8,16,200,200,0.150000,0.200000,0.000000,0.700000,0.000000,0.000000,0.100000,0.100000,0.100000,0.646800,0.100000,0.293750,0.000000,6.000000,0.001114
3,8,13,200,200,0.150000,0.200000,0.000000,0.700000,0.000000,0.000000,0.100000,0.100000,0.100000,0.527400,0.100000,0.290985,0.000000,41.000000,0.005568
3,8,12,200,200,0.150000,0.200000,0.000000,0.700000,0.000000,0.000000,0.100000,0.100000,0.100000,0.487600,0.100000,0.297065,0.000000,59.000000,0.015590
3,8,14,200,200,0.150000,0.200000,0.000000,0.700000,0.000000,0.000000,0.100000,0.100000,0.100000,0.567200,0.100000,0.291222,0.000000,11.000000,0.000000
3,8,15,200,200,0.150000,0.200000,0.000000,0.700000,0.000000,0.000000,0.100000,0.100000,0.100000,0.607000,0.100000,0.289115,0.000000,10.000000,0.002227
3,8,21,200,200,0.150000,0.200000,0.000000,0.700000,0.000000,0.000000,0.100000,0.100000,0.100000,0.845800,0.100000,0.282311,0.000000,0.000000,0.000000
3,8,20,200,200,0.150000,0.200000,0.000000,0.700000,0.000000,0.000000,0.100000,0.100000,0.100000,0.806000,0.100000,0.287674,0.000000,1.000000,0.000000
3,8,22,200,200,0.150000,0.200000,0.000000,0.700000,0.000000,0.000000,0.100000,0.100000,0.100000,0.885600,0.100000,0.289181,0.000000,0.000000,0.000000
3,8,17,200,200,0.150000,0.200000,0.000000,0.700000,0.000000,0.000000,0.100000,0.100000,0.100000,0.686600,0.100000,0.290170,0.000000,3.000000,0.000000
3,8,23,200,200,0.150000,0.200000,0.000000,0.700000,0.000000,0.000000,0.100000,0.100000,0.100000,0.925400,0.100000,0.291296,0.000000,0.000000,0.000000
3,8,24,200,200,0.150000,0.200000,0.000000,0.700000,0.000000,0.000000,0.100000,0.100000,0.100000,0.965200,0.100000,0.287125,0.000000,0.000000,0.000000
3,8,27,200,200,0.150000,0.200000,0.000000,0.700000,0.000000,0.000000,0.100000,0.100000,0.100000,1.084600,0.100000,0.286051,0.000000,0.000000,0.000000
3,8,25,200,200,0.150000,0.200000,0.000000,0.700000,0.000000,0.000000,0.100000,0.100000,0.100000,1.005000,0.100000,0.289175,0.000000,0.000000,0.000000
3,8,29,200,200,0.150000,0.200000,0.000000,0.700000,0.000000,0.000000,0.100000,0.100000,0.100000,1.164200,0.100000,0.284072,0.000000,0.000000,0.000000
3,8,26,200,200,0.150000,0.200000,0.000000,0.700000,0.000000,0.000000,0.100000,0.100000,0.100000,1.044800,0.100000,0.285086,0.000000,0.000000,0.000000
3,8,33,200,200,0.150000,0.200000,0.000000,0.700000,0.000000,0.000000,0.100000,0.100000,0.100000,1.323400,0.100000,0.289262,0.000000,0.000000,0.000000
3,8,28,200,200,0.150000,0.200000,0.000000,0.700000,0.000000,0.000000,0.100000,0.100000,0.100000,1.124400,0.100000,0.287735,0.000000,0.000000,0.000000
3,8,36,200,200,0.150000,0.200000,0.000000,0.700000,0.000000,0.000000,0.100000,0.100000,0.100000,1.442800,0.100000,0.286870,0.000000,0.000000,0.000000
3,8,30,200,200,0.150000,0.200000,0.000000,0.700000,0.000000,0.000000,0.100000,0.100000,0.100000,1.204000,0.100000,0.286193,0.000000,0.000000,0.000000
3,8,35,200,200,0.150000,0.200000,0.000000,0.700000,0.000000,0.000000,0.100000,0.100000,0.100000,1.403000,0.100000,0.293486,0.000000,0.000000,0.000000
3,8,31,200,200,0.150000,0.200000,0.000000,0.700000,0.000000,0.000000,0.100000,0.100000,0.100000,1.243800,0.100000,0.288556,0.000000,0.000000,0.000000
3,8,32,200,200,0.150000,0.200000,0.000000,0.700000,0.000000,0.000000,0.100000,0.100000,0.100000,1.283600,0.100000,0.290010,0.000000,0.000000,0.000000
3,8,43,200,200,0.150000,0.200000,0.000000,0.700000,0.000000,0.000000,0.100000,0.100000,0.100000,1.721400,0.100000,0.288441,0.000000,0.000000,0.000000
3,8,37,200,200,0.150000,0.200000,0.000000,0.700000,0.000000,0.000000,0.100000,0.100000,0.100000,1.482600,0.100000,0.290823,0.000000,0.000000,0.000000
3,8,34,200,200,0.150000,0.200000,0.000000,0.700000,0.000000,0.000000,0.100000,0.100000,0.100000,1.363200,0.100000,0.289024,0.000000,0.000000,0.000000
3,8,42,200,200,0.150000,0.200000,0.000000,0.700000,0.000000,0.000000,0.100000,0.100000,0.100000,1.681600,0.100000,0.289862,0.000000,0.000000,0.000000
3,8,38,200,200,0.150000,0.200000,0.000000,0.700000,0.000000,0.000000,0.100000,0.100000,0.100000,1.522400,0.100000,0.292541,0.000000,0.000000,0.000000
3,8,46,200,200,0.150000,0.200000,0.000000,0.700000,0.000000,0.000000,0.100000,0.100000,0.100000,1.840800,0.100000,0.291635,0.000000,0.000000,0.000000
3,8,40,200,200,0.150000,0.200000,0.000000,0.700000,0.000000,0.000000,0.100000,0.100000,0.100000,1.602000,0.100000,0.294501,0.000000,0.000000,0.000000
3,8,39,200,200,0.150000,0.200000,0.000000,0.700000,0.000000,0.000000,0.100000,0.100000,0.100000,1.562200,0.100000,0.287411,0.000000,0.000000,0.000000
3,8,41,200,200,0.150000,0.200000,0.000000,0.700000,0.000000,0.000000,0.100000,0.100000,0.100000,1.641800,0.100000,0.291410,0.000000,0.000000,0.000000
3,9,2,200,200,0.150000,0.200000,0.000000,0.700000,0.000000,0.000000,0.100000,0.100000,0.100000,0.089600,0.100000,0.321240,0.000000,29213.000000,45.752784
3,8,44,200,200,0.150000,0.200000,0.000000,0.700000,0.000000,0.000000,0.100000,0.100000,0.100000,1.761200,0.100000,0.293924,0.000000,0.000000,0.000000
3,9,1,200,200,0.150000,0.200000,0.000000,0.700000,0.000000,0.000000,0.100000,0.100000,0.100000,0.049800,0.100000,0.343302,0.000000,56477.000000,401.514477
3,8,45,200,200,0.150000,0.200000,0.000000,0.700000,0.000000,0.000000,0.100000,0.100000,0.100000,1.801000,0.100000,0.292612,0.000000,0.000000,0.000000
3,8,48,200,200,0.150000,0.200000,0.000000,0.700000,0.000000,0.000000,0.100000,0.100000,0.100000,1.920400,0.100000,0.295665,0.000000,0.000000,0.000000
3,9,6,200,200,0.150000,0.200000,0.000000,0.700000,0.000000,0.000000,0.100000,0.100000,0.100000,0.248800,0.100000,0.328713,0.000000,1266.000000,1.789532
3,9,7,200,200,0.150000,0.200000,0.000000,0.700000,0.000000,0.000000,0.100000,0.100000,0.100000,0.288600,0.100000,0.308774,0.000000,618.000000,0.720490
3,8,49,200,200,0.150000,0.200000,0.000000,0.700000,0.000000,0.000000,0.100000,0.100000,0.100000,1.960200,0.100000,0.291013,0.000000,0.000000,0.000000
3,8,47,200,200,0.150000,0.200000,0.000000,0.700000,0.000000,0.000000,0.100000,0.100000,0.100000,1.880600,0.100000,0.293028,0.000000,0.000000,0.000000
3,9,9,200,200,0.150000,0.200000,0.000000,0.700000,0.000000,0.000000,0.100000,0.100000,0.100000,0.368200,0.100000,0.294790,0.000000,363.000000,0.194878
3,9,5,200,200,0.150000,0.200000,0.000000,0.700000,0.000000,0.000000,0.100000,0.100000,0.100000,0.209000,0.100000,0.325000,0.000000,4132.000000,5.206013
3,8,50,200,200,0.150000,0.200000,0.000000,0.700000,0.000000,0.000000,0.100000,0.100000,0.100000,2.000000,0.100000,0.290474,0.000000,0.000000,0.000000
3,9,0,200,200,0.150000,0.200000,0.000000,0.700000,0.000000,0.000000,0.100000,0.100000,0.100000,0.010000,0.100000,0.335049,0.000000,70725.000000,3067.828508
3,9,3,200,200,0.150000,0.200000,0.000000,0.700000,0.000000,0.000000,0.100000,0.100000,0.100000,0.129400,0.100000,0.313298,0.000000,19386.000000,17.750557
3,9,11,200,200,0.150000,0.200000,0.000000,0.700000,0.000000,0.000000,0.100000,0.100000,0.100000,0.447800,0.100000,0.296313,0.000000,158.000000,0.076837
3,9,13,200,200,0.150000,0.200000,0.000000,0.700000,0.000000,0.000000,0.100000,0.100000,0.100000,0.527400,0.100000,0.295820,0.000000,83.000000,0.034521
3,9,4,200,200,0.150000,0.200000,0.000000,0.700000,0.000000,0.000000,0.100000,0.100000,0.100000,0.169200,0.100000,0.408185,0.000000,10144.000000,12.836303
3,9,10,200,200,0.150000,0.200000,0.000000,0.700000,0.000000,0.000000,0.100000,0.100000,0.100000,0.408000,0.100000,0.288994,0.000000,285.000000,0.122494
3,9,18,200,200,0.150000,0.200000,0.000000,0.700000,0.000000,0.000000,0.100000,0.100000,0.100000,0.726400,0.100000,0.289092,0.000000,12.000000,0.001114
3,9,19,200,200,0.150000,0.200000,0.000000,0.700000,0.000000,0.000000,0.100000,0.100000,0.100000,0.766200,0.100000,0.289444,0.000000,8.000000,0.000000
3,9,8,200,200,0.150000,0.200000,0.000000,0.700000,0.000000,0.000000,0.100000,0.100000,0.100000,0.328400,0.100000,0.442057,0.000000,584.000000,1.502227
3,9,15,200,200,0.150000,0.200000,0.000000,0.700000,0.000000,0.000000,0.100000,0.100000,0.100000,0.607000,0.100000,0.291809,0.000000,45.000000,0.011136
3,9,14,200,200,0.150000,0.200000,0.000000,0.700000,0.000000,0.000000,0.100000,0.100000,0.100000,0.567200,0.100000,0.299092,0.000000,58.000000,0.025612
3,9,12,200,200,0.150000,0.200000,0.000000,0.700000,0.000000,0.000000,0.100000,0.100000,0.100000,0.487600,0.100000,0.293844,0.000000,116.000000,0.045657
3,9,16,200,200,0.150000,0.200000,0.000000,0.700000,0.000000,0.000000,0.100000,0.100000,0.100000,0.646800,0.100000,0.292086,0.000000,27.000000,0.002227
3,9,17,200,200,0.150000,0.200000,0.000000,0.700000,0.000000,0.000000,0.100000,0.100000,0.100000,0.686600,0.100000,0.290366,0.000000,14.000000,0.002227
3,9,20,200,200,0.150000,0.200000,0.000000,0.700000,0.000000,0.000000,0.100000,0.100000,0.100000,0.806000,0.100000,0.296479,0.000000,3.000000,0.000000
3,9,21,200,200,0.150000,0.200000,0.000000,0.700000,0.000000,0.000000,0.100000,0.100000,0.100000,0.845800,0.100000,0.298346,0.000000,2.000000,0.000000
3,9,23,200,200,0.150000,0.200000,0.000000,0.700000,0.000000,0.000000,0.100000,0.100000,0.100000,0.925400,0.100000,0.292059,0.000000,0.000000,0.000000
3,9,22,200,200,0.150000,0.200000,0.000000,0.700000,0.000000,0.000000,0.100000,0.100000,0.100000,0.885600,0.100000,0.289180,0.000000,1.000000,0.000000
3,9,24,200,200,0.150000,0.200000,0.000000,0.700000,0.000000,0.000000,0.100000,0.100000,0.100000,0.965200,0.100000,0.289632,0.000000,0.000000,0.000000
3,9,26,200,200,0.150000,0.200000,0.000000,0.700000,0.000000,0.000000,0.100000,0.100000,0.100000,1.044800,0.100000,0.456758,0.000000,0.000000,0.000000
3,9,25,200,200,0.150000,0.200000,0.000000,0.700000,0.000000,0.000000,0.100000,0.100000,0.100000,1.005000,0.100000,0.287567,0.000000,0.000000,0.000000
3,9,30,200,200,0.150000,0.200000,0.000000,0.700000,0.000000,0.000000,0.100000,0.100000,0.100000,1.204000,0.100000,0.284963,0.000000,0.000000,0.000000
3,9,27,200,200,0.150000,0.200000,0.000000,0.700000,0.000000,0.000000,0.100000,0.100000,0.100000,1.084600,0.100000,0.291536,0.000000,0.000000,0.000000
3,9,28,200,200,0.150000,0.200000,0.000000,0.700000,0.000000,0.000000,0.100000,0.100000,0.100000,1.124400,0.100000,0.336656,0.000000,0.000000,0.000000
3,9,31,200,200,0.150000,0.200000,0.000000,0.700000,0.000000,0.000000,0.100000,0.100000,0.100000,1.243800,0.100000,0.317317,0.000000,0.000000,0.000000
3,9,29,200,200,0.150000,0.200000,0.000000,0.700000,0.000000,0.000000,0.100000,0.100000,0.100000,1.164200,0.100000,0.313982,0.000000,0.000000,0.000000
3,9,33,200,200,0.150000,0.200000,0.000000,0.700000,0.000000,0.000000,0.100000,0.100000,0.100000,1.323400,0.100000,0.297002,0.000000,0.000000,0.000000
3,9,34,200,200,0.150000,0.200000,0.000000,0.700000,0.000000,0.000000,0.100000,0.100000,0.100000,1.363200,0.100000,0.302675,0.000000,0.000000,0.000000
3,9,32,200,200,0.150000,0.200000,0.000000,0.700000,0.000000,0.000000,0.100000,0.100000,0.100000,1.283600,0.100000,0.287756,0.000000,0.000000,0.000000
3,9,35,200,200,0.150000,0.200000,0.000000,0.700000,0.000000,0.000000,0.100000,0.100000,0.100000,1.403000,0.100000,0.291473,0.000000,0.000000,0.000000
3,9,38,200,200,0.150000,0.200000,0.000000,0.700000,0.000000,0.000000,0.100000,0.100000,0.100000,1.522400,0.100000,0.287193,0.000000,0.000000,0.000000
3,9,36,200,200,0.150000,0.200000,0.000000,0.700000,0.000000,0.000000,0.100000,0.100000,0.100000,1.442800,0.100000,0.286909,0.000000,0.000000,0.000000
3,9,39,200,200,0.150000,0.200000,0.000000,0.700000,0.000000,0.000000,0.100000,0.100000,0.100000,1.562200,0.100000,0.294152,0.000000,0.000000,0.000000
3,9,37,200,200,0.150000,0.200000,0.000000,0.700000,0.000000,0.000000,0.100000,0.100000,0.100000,1.482600,0.100000,0.289379,0.000000,0.000000,0.000000
3,9,41,200,200,0.150000,0.200000,0.000000,0.700000,0.000000,0.000000,0.100000,0.100000,0.100000,1.641800,0.100000,0.287643,0.000000,0.000000,0.000000
3,9,40,200,200,0.150000,0.200000,0.000000,0.700000,0.000000,0.000000,0.100000,0.100000,0.100000,1.602000,0.100000,0.290889,0.000000,0.000000,0.000000
3,9,44,200,200,0.150000,0.200000,0.000000,0.700000,0.000000,0.000000,0.100000,0.100000,0.100000,1.761200,0.100000,0.284480,0.000000,0.000000,0.000000
3,9,48,200,200,0.150000,0.200000,0.000000,0.700000,0.000000,0.000000,0.100000,0.100000,0.100000,1.920400,0.100000,0.286571,0.000000,0.000000,0.000000
3,9,49,200,200,0.150000,0.200000,0.000000,0.700000,0.000000,0.000000,0.100000,0.100000,0.100000,1.960200,0.100000,0.286022,0.000000,0.000000,0.000000
3,9,43,200,200,0.150000,0.200000,0.000000,0.700000,0.000000,0.000000,0.100000,0.100000,0.100000,1.721400,0.100000,0.289767,0.000000,0.000000,0.000000
3,9,42,200,200,0.150000,0.200000,0.000000,0.700000,0.000000,0.000000,0.100000,0.100000,0.100000,1.681600,0.100000,0.286999,0.000000,0.000000,0.000000
3,9,45,200,200,0.150000,0.200000,0.000000,0.700000,0.000000,0.000000,0.100000,0.100000,0.100000,1.801000,0.100000,0.288421,0.000000,0.000000,0.000000
3,9,46,200,200,0.150000,0.200000,0.000000,0.700000,0.000000,0.000000,0.100000,0.100000,0.100000,1.840800,0.100000,0.286330,0.000000,0.000000,0.000000
3,9,47,200,200,0.150000,0.200000,0.000000,0.700000,0.000000,0.000000,0.100000,0.100000,0.100000,1.880600,0.100000,0.284671,0.000000,0.000000,0.000000
3,9,50,200,200,0.150000,0.200000,0.000000,0.700000,0.000000,0.000000,0.100000,0.100000,0.100000,2.000000,0.100000,0.285015,0.000000,0.000000,0.000000
