3,0,0,200,200,0.150000,0.200000,0.000000,0.700000,0.000000,0.000000,0.100000,0.000000,0.100000,1.000000,0.100000,0.382925,0.000000,200.000000,200.000000
3,0,4,200,200,0.150000,0.200000,0.000000,0.700000,0.000000,0.000000,0.100000,0.080000,0.100000,1.000000,0.100000,0.294600,0.000000,0.000000,0.000000
3,0,3,200,200,0.150000,0.200000,0.000000,0.700000,0.000000,0.000000,0.100000,0.060000,0.100000,1.000000,0.100000,0.290866,0.000000,0.000000,0.000000
3,0,12,200,200,0.150000,0.200000,0.000000,0.700000,0.000000,0.000000,0.100000,0.240000,0.100000,1.000000,0.100000,0.284158,0.000000,0.000000,0.000000
3,0,47,200,200,0.150000,0.200000,0.000000,0.700000,0.000000,0.000000,0.100000,0.940000,0.100000,1.000000,0.100000,0.287523,0.000000,0.000000,0.000000
3,0,7,200,200,0.150000,0.200000,0.000000,0.700000,0.000000,0.000000,0.100000,0.140000,0.100000,1.000000,0.100000,0.287801,0.000000,0.000000,0.000000
3,0,33,200,200,0.150000,0.200000,0.000000,0.700000,0.000000,0.000000,0.100000,0.660000,0.100000,1.000000,0.100000,0.291726,0.000000,0.000000,0.000000
3,0,44,200,200,0.150000,0.200000,0.000000,0.700000,0.000000,0.000000,0.100000,0.880000,0.100000,1.000000,0.100000,0.285870,0.000000,0.000000,0.000000
3,0,16,200,200,0.150000,0.200000,0.000000,0.700000,0.000000,0.000000,0.100000,0.320000,0.100000,1.000000,0.100000,0.286296,0.000000,0.000000,0.000000
3,0,8,200,200,0.150000,0.200000,0.000000,0.700000,0.000000,0.000000,0.100000,0.160000,0.100000,1.000000,0.100000,0.301703,0.000000,0.000000,0.000000
3,0,42,200,200,0.150000,0.200000,0.000000,0.700000,0.000000,0.000000,0.100000,0.840000,0.100000,1.000000,0.100000,0.290735,0.000000,0.000000,0.000000
3,0,34,200,200,0.150000,0.200000,0.000000,0.700000,0.000000,0.000000,0.100000,0.680000,0.100000,1.000000,0.100000,0.291062,0.000000,0.000000,0.000000
3,0,28,200,200,0.150000,0.200000,0.000000,0.700000,0.000000,0.000000,0.100000,0.560000,0.100000,1.000000,0.100000,0.288457,0.000000,0.000000,0.000000
3,0,39,200,200,0.150000,0.200000,0.000000,0.700000,0.000000,0.000000,0.100000,0.780000,0.100000,1.000000,0.100000,0.288756,0.000000,0.000000,0.000000
3,0,5,200,200,0.150000,0.200000,0.000000,0.700000,0.000000,0.000000,0.100000,0.100000,0.100000,1.000000,0.100000,0.289014,0.000000,0.000000,0.000000
3,0,6,200,200,0.150000,0.200000,0.000000,0.700000,0.000000,0.000000,0.100000,0.120000,0.100000,1.000000,0.100000,0.288794,0.000000,0.000000,0.000000
3,0,23,200,200,0.150000,0.200000,0.000000,0.700000,0.000000,0.000000,0.100000,0.460000,0.100000,1.000000,0.100000,0.289134,0.000000,0.000000,0.000000
3,0,29,200,200,0.150000,0.200000,0.000000,0.700000,0.000000,0.000000,0.100000,0.580000,0.100000,1.000000,0.100000,0.286857,0.000000,0.000000,0.000000
3,0,10,200,200,0.150000,0.200000,0.000000,0.700000,0.000000,0.000000,0.100000,0.200000,0.100000,1.000000,0.100000,0.292779,0.000000,0.000000,0.000000
3,0,17,200,200,0.150000,0.200000,0.000000,0.700000,0.000000,0.000000,0.100000,0.340000,0.100000,1.000000,0.100000,0.298310,0.000000,0.000000,0.000000
3,0,43,200,200,0.150000,0.200000,0.000000,0.700000,0.000000,0.000000,0.100000,0.860000,0.100000,1.000000,0.100000,0.290416,0.000000,0.000000,0.000000
3,0,35,200,200,0.150000,0.200000,0.000000,0.700000,0.000000,0.000000,0.100000,0.700000,0.100000,1.000000,0.100000,0.292552,0.000000,0.000000,0.000000
3,0,2,200,200,0.150000,0.200000,0.000000,0.700000,0.000000,0.000000,0.100000,0.040000,0.100000,1.000000,0.100000,0.287810,0.000000,0.000000,0.000000
3,0,46,200,200,0.150000,0.200000,0.000000,0.700000,0.000000,0.000000,0.100000,0.920000,0.100000,1.000000,0.100000,0.289364,0.000000,0.000000,0.000000
3,0,1,200,200,0.150000,0.200000,0.000000,0.700000,0.000000,0.000000,0.100000,0.020000,0.100000,1.000000,0.100000,0.288116,0.000000,0.000000,0.000000
3,0,21,200,200,0.150000,0.200000,0.000000,0.700000,0.000000,0.000000,0.100000,0.420000,0.100000,1.000000,0.100000,0.287205,0.000000,0.000000,0.000000
3,0,20,200,200,0.150000,0.200000,0.000000,0.700000,0.000000,0.000000,0.100000,0.400000,0.100000,1.000000,0.100000,0.289221,0.000000,0.000000,0.000000
3,0,40,200,200,0.150000,0.200000,0.000000,0.700000,0.000000,0.000000,0.100000,0.800000,0.100000,1.000000,0.100000,0.287725,0.000000,0.000000,0.000000
3,0,15,200,200,0.150000,0.200000,0.000000,0.700000,0.000000,0.000000,0.100000,0.300000,0.100000,1.000000,0.100000,0.293422,0.000000,0.000000,0.000000
3,0,11,200,200,0.150000,0.200000,0.000000,0.700000,0.000000,0.000000,0.100000,0.220000,0.100000,1.000000,0.100000,0.286994,0.000000,0.000000,0.000000
3,0,37,200,200,0.150000,0.200000,0.000000,0.700000,0.000000,0.000000,0.100000,0.740000,0.100000,1.000000,0.100000,0.291345,0.000000,0.000000,0.000000
3,0,25,200,200,0.150000,0.200000,0.000000,0.700000,0.000000,0.000000,0.100000,0.500000,0.100000,1.000000,0.100000,0.286152,0.000000,0.000000,0.000000
3,0,14,200,200,0.150000,0.200000,0.000000,0.700000,0.000000,0.000000,0.100000,0.280000,0.100000,1.000000,0.100000,0.288483,0.000000,0.000000,0.000000
3,0,22,200,200,0.150000,0.200000,0.000000,0.700000,0.000000,0.000000,0.100000,0.440000,0.100000,1.000000,0.100000,0.289795,0.000000,0.000000,0.000000
3,0,36,200,200,0.150000,0.200000,0.000000,0.700000,0.000000,0.000000,0.100000,0.720000,0.100000,1.000000,0.100000,0.295784,0.000000,0.000000,0.000000
3,0,30,200,200,0.150000,0.200000,0.000000,0.700000,0.000000,0.000000,0.100000,0.600000,0.100000,1.000000,0.100000,0.287789,0.000000,0.000000,0.000000
3,0,18,200,200,0.150000,0.200000,0.000000,0.700000,0.000000,0.000000,0.100000,0.360000,0.100000,1.000000,0.100000,0.285839,0.000000,0.000000,0.000000
3,0,41,200,200,0.150000,0.200000,0.000000,0.700000,0.000000,0.000000,0.100000,0.820000,0.100000,1.000000,0.100000,0.302253,0.000000,1.000000,0.000000
3,0,27,200,200,0.150000,0.200000,0.000000,0.700000,0.000000,0.000000,0.100000,0.540000,0.100000,1.000000,0.100000,0.289058,0.000000,0.000000,0.000000
3,0,24,200,200,0.150000,0.200000,0.000000,0.700000,0.000000,0.000000,0.100000,0.480000,0.100000,1.000000,0.100000,0.288412,0.000000,0.000000,0.000000
3,0,19,200,200,0.150000,0.200000,0.000000,0.700000,0.000000,0.000000,0.100000,0.380000,0.100000,1.000000,0.100000,0.292605,0.000000,0.000000,0.000000
3,0,45,200,200,0.150000,0.200000,0.000000,0.700000,0.000000,0.000000,0.100000,0.900000,0.100000,1.000000,0.100000,0.383693,0.000000,0.000000,0.000000
3,0,13,200,200,0.150000,0.200000,0.000000,0.700000,0.000000,0.000000,0.100000,0.260000,0.100000,1.000000,0.100000,0.286482,0.000000,0.000000,0.000000
3,0,9,200,200,0.150000,0.200000,0.000000,0.700000,0.000000,0.000000,0.100000,0.180000,0.100000,1.000000,0.100000,0.291565,0.000000,0.000000,0.000000
3,0,26,200,200,0.150000,0.200000,0.000000,0.700000,0.000000,0.000000,0.100000,0.520000,0.100000,1.000000,0.100000,0.288243,0.000000,0.000000,0.000000
3,0,32,200,200,0.150000,0.200000,0.000000,0.700000,0.000000,0.000000,0.100000,0.640000,0.100000,1.000000,0.100000,0.289515,0.000000,0.000000,0.000000
3,0,31,200,200,0.150000,0.200000,0.000000,0.700000,0.000000,0.000000,0.100000,0.620000,0.100000,1.000000,0.100000,0.287469,0.000000,0.000000,0.000000
3,0,38,200,200,0.150000,0.200000,0.000000,0.700000,0.000000,0.000000,0.100000,0.760000,0.100000,1.000000,0.100000,0.294977,0.000000,0.000000,0.000000
3,1,0,200,200,0.150000,0.200000,0.000000,0.700000,0.000000,0.000000,0.100000,0.000000,0.100000,1.000000,0.100000,0.382925,0.000000,200.000000,200.000000
3,1,1,200,200,0.150000,0.200000,0.000000,0.700000,0.000000,0.000000,0.100000,0.020000,0.100000,1.000000,0.100000,0.285172,0.000000,0.000000,0.000000
3,1,2,200,200,0.150000,0.200000,0.000000,0.700000,0.000000,0.000000,0.100000,0.040000,0.100000,1.000000,0.100000,0.290608,0.000000,1.000000,0.000000
3,1,6,200,200,0.150000,0.200000,0.000000,0.700000,0.000000,0.000000,0.100000,0.120000,0.100000,1.000000,0.100000,0.290534,0.000000,0.000000,0.000000
3,1,10,200,200,0.150000,0.200000,0.000000,0.700000,0.000000,0.000000,0.100000,0.200000,0.100000,1.000000,0.100000,0.286734,0.000000,1.000000,0.000000
3,1,7,200,200,0.150000,0.200000,0.000000,0.700000,0.000000,0.000000,0.100000,0.140000,0.100000,1.000000,0.100000,0.287614,0.000000,0.000000,0.000000
3,1,5,200,200,0.150000,0.200000,0.000000,0.700000,0.000000,0.000000,0.100000,0.100000,0.100000,1.000000,0.100000,0.292516,0.000000,0.000000,0.000000
3,1,14,200,200,0.150000,0.200000,0.000000,0.700000,0.000000,0.000000,0.100000,0.280000,0.100000,1.000000,0.100000,0.283827,0.000000,0.000000,0.000000
3,1,13,200,200,0.150000,0.200000,0.000000,0.700000,0.000000,0.000000,0.100000,0.260000,0.100000,1.000000,0.100000,0.289259,0.000000,3.000000,0.000000
3,1,15,200,200,0.150000,0.200000,0.000000,0.700000,0.000000,0.000000,0.100000,0.300000,0.100000,1.000000,0.100000,0.286578,0.000000,0.000000,0.000000
3,1,8,200,200,0.150000,0.200000,0.000000,0.700000,0.000000,0.000000,0.100000,0.160000,0.100000,1.000000,0.100000,0.278744,0.000000,0.000000,0.000000
3,1,3,200,200,0.150000,0.200000,0.000000,0.700000,0.000000,0.000000,0.100000,0.060000,0.100000,1.000000,0.100000,0.288558,0.000000,0.000000,0.000000
3,1,12,200,200,0.150000,0.200000,0.000000,0.700000,0.000000,0.000000,0.100000,0.240000,0.100000,1.000000,0.100000,0.289113,0.000000,5.000000,0.000000
3,1,4,200,200,0.150000,0.200000,0.000000,0.700000,0.000000,0.000000,0.100000,0.080000,0.100000,1.000000,0.100000,0.293654,0.000000,2.000000,0.000000
3,0,48,200,200,0.150000,0.200000,0.000000,0.700000,0.000000,0.000000,0.100000,0.960000,0.100000,1.000000,0.100000,0.289724,0.000000,0.000000,0.000000
3,0,49,200,200,0.150000,0.200000,0.000000,0.700000,0.000000,0.000000,0.100000,0.980000,0.100000,1.000000,0.100000,0.290579,0.000000,0.000000,0.000000
3,1,17,200,200,0.150000,0.200000,0.000000,0.700000,0.000000,0.000000,0.100000,0.340000,0.100000,1.000000,0.100000,0.288967,0.000000,2.000000,0.000000
3,1,18,200,200,0.150000,0.200000,0.000000,0.700000,0.000000,0.000000,0.100000,0.360000,0.100000,1.000000,0.100000,0.288795,0.000000,0.000000,0.000000
3,1,11,200,200,0.150000,0.200000,0.000000,0.700000,0.000000,0.000000,0.100000,0.220000,0.100000,1.000000,0.100000,0.294213,0.000000,0.000000,0.000000
3,0,50,200,200,0.150000,0.200000,0.000000,0.700000,0.000000,0.000000,0.100000,1.000000,0.100000,1.000000,0.100000,0.294375,0.000000,0.000000,0.000000
3,1,41,200,200,0.150000,0.200000,0.000000,0.700000,0.000000,0.000000,0.100000,0.820000,0.100000,1.000000,0.100000,0.283948,0.000000,0.000000,0.000000
3,1,35,200,200,0.150000,0.200000,0.000000,0.700000,0.000000,0.000000,0.100000,0.700000,0.100000,1.000000,0.100000,0.288749,0.000000,3.000000,0.000000
3,1,9,200,200,0.150000,0.200000,0.000000,0.700000,0.000000,0.000000,0.100000,0.180000,0.100000,1.000000,0.100000,0.286746,0.000000,0.000000,0.000000
3,1,16,200,200,0.150000,0.200000,0.000000,0.700000,0.000000,0.000000,0.100000,0.320000,0.100000,1.000000,0.100000,0.293371,0.000000,2.000000,0.000000
3,1,26,200,200,0.150000,0.200000,0.000000,0.700000,0.000000,0.000000,0.100000,0.520000,0.100000,1.000000,0.100000,0.290363,0.000000,0.000000,0.000000
3,1,22,200,200,0.150000,0.200000,0.000000,0.700000,0.000000,0.000000,0.100000,0.440000,0.100000,1.000000,0.100000,0.285531,0.000000,0.000000,0.000000
3,1,27,200,200,0.150000,0.200000,0.000000,0.700000,0.000000,0.000000,0.100000,0.540000,0.100000,1.000000,0.100000,0.300225,0.000000,0.000000,0.000000
3,1,23,200,200,0.150000,0.200000,0.000000,0.700000,0.000000,0.000000,0.100000,0.460000,0.100000,1.000000,0.100000,0.279071,0.000000,0.000000,0.000000
3,1,19,200,200,0.150000,0.200000,0.000000,0.700000,0.000000,0.000000,0.100000,0.380000,0.100000,1.000000,0.100000,0.292122,0.000000,0.000000,0.000000
3,1,20,200,200,0.150000,0.200000,0.000000,0.700000,0.000000,0.000000,0.100000,0.400000,0.100000,1.000000,0.100000,0.286237,0.000000,0.000000,0.000000
3,1,33,200,200,0.150000,0.200000,0.000000,0.700000,0.000000,0.000000,0.100000,0.660000,0.100000,1.000000,0.100000,0.288626,0.000000,0.000000,0.000000
3,1,34,200,200,0.150000,0.200000,0.000000,0.700000,0.000000,0.000000,0.100000,0.680000,0.100000,1.000000,0.100000,0.290180,0.000000,1.000000,0.000000
3,1,30,200,200,0.150000,0.200000,0.000000,0.700000,0.000000,0.000000,0.100000,0.600000,0.100000,1.000000,0.100000,0.291886,0.000000,0.000000,0.000000
3,1,37,200,200,0.150000,0.200000,0.000000,0.700000,0.000000,0.000000,0.100000,0.740000,0.100000,1.000000,0.100000,0.289808,0.000000,0.000000,0.000000
3,1,25,200,200,0.150000,0.200000,0.000000,0.700000,0.000000,0.000000,0.100000,0.500000,0.100000,1.000000,0.100000,0.296487,0.000000,0.000000,0.000000
3,1,36,200,200,0.150000,0.200000,0.000000,0.700000,0.000000,0.000000,0.100000,0.720000,0.100000,1.000000,0.100000,0.294536,0.000000,3.000000,0.000000
3,1,31,200,200,0.150000,0.200000,0.000000,0.700000,0.000000,0.000000,0.100000,0.620000,0.100000,1.000000,0.100000,0.287347,0.000000,0.000000,0.000000
3,1,21,200,200,0.150000,0.200000,0.000000,0.700000,0.000000,0.000000,0.100000,0.420000,0.100000,1.000000,0.100000,0.282682,0.000000,0.000000,0.000000
3,1,29,200,200,0.150000,0.200000,0.000000,0.700000,0.000000,0.000000,0.100000,0.580000,0.100000,1.000000,0.100000,0.295374,0.000000,0.000000,0.000000
3,1,32,200,200,0.150000,0.200000,0.000000,0.700000,0.000000,0.000000,0.100000,0.640000,0.100000,1.000000,0.100000,0.288039,0.000000,0.000000,0.000000
3,1,28,200,200,0.150000,0.200000,0.000000,0.700000,0.000000,0.000000,0.100000,0.560000,0.100000,1.000000,0.100000,0.286725,0.000000,0.000000,0.000000
3,1,39,200,200,0.150000,0.200000,0.000000,0.700000,0.000000,0.000000,0.100000,0.780000,0.100000,1.000000,0.100000,0.284065,0.000000,0.000000,0.000000
3,1,38,200,200,0.150000,0.200000,0.000000,0.700000,0.000000,0.000000,0.100000,0.760000,0.100000,1.000000,0.100000,0.295247,0.000000,0.000000,0.000000
3,1,24,200,200,0.150000,0.200000,0.000000,0.700000,0.000000,0.000000,0.100000,0.480000,0.100000,1.000000,0.100000,0.289829,0.000000,0.000000,0.000000
3,1,44,200,200,0.150000,0.200000,0.000000,0.700000,0.000000,0.000000,0.100000,0.880000,0.100000,1.000000,0.100000,0.288197,0.000000,4.000000,0.000000
3,1,40,200,200,0.150000,0.200000,0.000000,0.700000,0.000000,0.000000,0.100000,0.800000,0.100000,1.000000,0.100000,0.289754,0.000000,2.000000,0.000000
3,1,43,200,200,0.150000,0.200000,0.000000,0.700000,0.000000,0.000000,0.100000,0.860000,0.100000,1.000000,0.100000,0.287994,0.000000,3.000000,0.000000
3,1,42,200,200,0.150000,0.200000,0.000000,0.700000,0.000000,0.000000,0.100000,0.840000,0.100000,1.000000,0.100000,0.288332,0.000000,3.000000,0.000000
3,2,0,200,200,0.150000,0.200000,0.000000,0.700000,0.000000,0.000000,0.100000,0.000000,0.100000,1.000000,0.100000,0.382925,0.000000,200.000000,200.000000
3,1,46,200,200,0.150000,0.200000,0.000000,0.700000,0.000000,0.000000,0.100000,0.920000,0.100000,1.000000,0.100000,0.281988,0.000000,0.000000,0.000000
3,1,50,200,200,0.150000,0.200000,0.000000,0.700000,0.000000,0.000000,0.100000,1.000000,0.100000,1.000000,0.100000,0.361335,0.000000,0.000000,0.000000
3,1,48,200,200,0.150000,0.200000,0.000000,0.700000,0.000000,0.000000,0.100000,0.960000,0.100000,1.000000,0.100000,0.289369,0.000000,0.000000,0.000000
3,1,49,200,200,0.150000,0.200000,0.000000,0.700000,0.000000,0.000000,0.100000,0.980000,0.100000,1.000000,0.100000,0.339047,0.000000,0.000000,0.000000
3,2,2,200,200,0.150000,0.200000,0.000000,0.700000,0.000000,0.000000,0.100000,0.040000,0.100000,1.000000,0.100000,0.288420,0.000000,0.000000,0.000000
3,2,9,200,200,0.150000,0.200000,0.000000,0.700000,0.000000,0.000000,0.100000,0.180000,0.100000,1.000000,0.100000,0.288354,0.000000,0.000000,0.000000
3,2,7,200,200,0.150000,0.200000,0.000000,0.700000,0.000000,0.000000,0.100000,0.140000,0.100000,1.000000,0.100000,0.289405,0.000000,0.000000,0.000000
3,1,45,200,200,0.150000,0.200000,0.000000,0.700000,0.000000,0.000000,0.100000,0.900000,0.100000,1.000000,0.100000,0.286586,0.000000,0.000000,0.000000
3,2,5,200,200,0.150000,0.200000,0.000000,0.700000,0.000000,0.000000,0.100000,0.100000,0.100000,1.000000,0.100000,0.287422,0.000000,0.000000,0.000000
3,2,1,200,200,0.150000,0.200000,0.000000,0.700000,0.000000,0.000000,0.100000,0.020000,0.100000,1.000000,0.100000,0.293832,0.000000,0.000000,0.000000
3,1,47,200,200,0.150000,0.200000,0.000000,0.700000,0.000000,0.000000,0.100000,0.940000,0.100000,1.000000,0.100000,0.287239,0.000000,0.000000,0.000000
3,2,16,200,200,0.150000,0.200000,0.000000,0.700000,0.000000,0.000000,0.100000,0.320000,0.100000,1.000000,0.100000,0.288472,0.000000,0.000000,0.000000
3,2,4,200,200,0.150000,0.200000,0.000000,0.700000,0.000000,0.000000,0.100000,0.080000,0.100000,1.000000,0.100000,0.289260,0.000000,0.000000,0.000000
3,2,12,200,200,0.150000,0.200000,0.000000,0.700000,0.000000,0.000000,0.100000,0.240000,0.100000,1.000000,0.100000,0.286163,0.000000,0.000000,0.000000
3,2,3,200,200,0.150000,0.200000,0.000000,0.700000,0.000000,0.000000,0.100000,0.060000,0.100000,1.000000,0.100000,0.285868,0.000000,0.000000,0.000000
3,2,22,200,200,0.150000,0.200000,0.000000,0.700000,0.000000,0.000000,0.100000,0.440000,0.100000,1.000000,0.100000,0.288085,0.000000,0.000000,0.000000
3,2,6,200,200,0.150000,0.200000,0.000000,0.700000,0.000000,0.000000,0.100000,0.120000,0.100000,1.000000,0.100000,0.299468,0.000000,0.000000,0.000000
3,2,20,200,200,0.150000,0.200000,0.000000,0.700000,0.000000,0.000000,0.100000,0.400000,0.100000,1.000000,0.100000,0.288408,0.000000,0.000000,0.000000
3,2,11,200,200,0.150000,0.200000,0.000000,0.700000,0.000000,0.000000,0.100000,0.220000,0.100000,1.000000,0.100000,0.291370,0.000000,0.000000,0.000000
3,2,10,200,200,0.150000,0.200000,0.000000,0.700000,0.000000,0.000000,0.100000,0.200000,0.100000,1.000000,0.100000,0.289382,0.000000,0.000000,0.000000
3,2,26,200,200,0.150000,0.200000,0.000000,0.700000,0.000000,0.000000,0.100000,0.520000,0.100000,1.000000,0.100000,0.293297,0.000000,0.000000,0.000000
3,2,29,200,200,0.150000,0.200000,0.000000,0.700000,0.000000,0.000000,0.100000,0.580000,0.100000,1.000000,0.100000,0.291973,0.000000,0.000000,0.000000
3,2,8,200,200,0.150000,0.200000,0.000000,0.700000,0.000000,0.000000,0.100000,0.160000,0.100000,1.000000,0.100000,0.285666,0.000000,0.000000,0.000000
3,2,15,200,200,0.150000,0.200000,0.000000,0.700000,0.000000,0.000000,0.100000,0.300000,0.100000,1.000000,0.100000,0.289108,0.000000,0.000000,0.000000
3,2,13,200,200,0.150000,0.200000,0.000000,0.700000,0.000000,0.000000,0.100000,0.260000,0.100000,1.000000,0.100000,0.318503,0.000000,0.000000,0.000000
3,2,35,200,200,0.150000,0.200000,0.000000,0.700000,0.000000,0.000000,0.100000,0.700000,0.100000,1.000000,0.100000,0.295201,0.000000,0.000000,0.000000
3,2,39,200,200,0.150000,0.200000,0.000000,0.700000,0.000000,0.000000,0.100000,0.780000,0.100000,1.000000,0.100000,0.289668,0.000000,0.000000,0.000000
3,2,14,200,200,0.150000,0.200000,0.000000,0.700000,0.000000,0.000000,0.100000,0.280000,0.100000,1.000000,0.100000,0.287244,0.000000,0.000000,0.000000
3,2,18,200,200,0.150000,0.200000,0.000000,0.700000,0.000000,0.000000,0.100000,0.360000,0.100000,1.000000,0.100000,0.289669,0.000000,0.000000,0.000000
3,2,17,200,200,0.150000,0.200000,0.000000,0.700000,0.000000,0.000000,0.100000,0.340000,0.100000,1.000000,0.100000,0.333677,0.000000,0.000000,0.000000
3,2,19,200,200,0.150000,0.200000,0.000000,0.700000,0.000000,0.000000,0.100000,0.380000,0.100000,1.000000,0.100000,0.288834,0.000000,0.000000,0.000000
3,2,23,200,200,0.150000,0.200000,0.000000,0.700000,0.000000,0.000000,0.100000,0.460000,0.100000,1.000000,0.100000,0.286789,0.000000,0.000000,0.000000
3,2,24,200,200,0.150000,0.200000,0.000000,0.700000,0.000000,0.000000,0.100000,0.480000,0.100000,1.000000,0.100000,0.296425,0.000000,0.000000,0.000000
3,2,32,200,200,0.150000,0.200000,0.000000,0.700000,0.000000,0.000000,0.100000,0.640000,0.100000,1.000000,0.100000,0.286969,0.000000,0.000000,0.000000
3,2,40,200,200,0.150000,0.200000,0.000000,0.700000,0.000000,0.000000,0.100000,0.800000,0.100000,1.000000,0.100000,0.291291,0.000000,0.000000,0.000000
3,2,21,200,200,0.150000,0.200000,0.000000,0.700000,0.000000,0.000000,0.100000,0.420000,0.100000,1.000000,0.100000,0.284923,0.000000,0.000000,0.000000
3,2,25,200,200,0.150000,0.200000,0.000000,0.700000,0.000000,0.000000,0.100000,0.500000,0.100000,1.000000,0.100000,0.288053,0.000000,0.000000,0.000000
3,2,27,200,200,0.150000,0.200000,0.000000,0.700000,0.000000,0.000000,0.100000,0.540000,0.100000,1.000000,0.100000,0.297025,0.000000,0.000000,0.000000
3,2,34,200,200,0.150000,0.200000,0.000000,0.700000,0.000000,0.000000,0.100000,0.680000,0.100000,1.000000,0.100000,0.293372,0.000000,0.000000,0.000000
3,2,31,200,200,0.150000,0.200000,0.000000,0.700000,0.000000,0.000000,0.100000,0.620000,0.100000,1.000000,0.100000,0.288735,0.000000,0.000000,0.000000
3,2,28,200,200,0.150000,0.200000,0.000000,0.700000,0.000000,0.000000,0.100000,0.560000,0.100000,1.000000,0.100000,0.300094,0.000000,0.000000,0.000000
3,2,30,200,200,0.150000,0.200000,0.000000,0.700000,0.000000,0.000000,0.100000,0.600000,0.100000,1.000000,0.100000,0.282787,0.000000,0.000000,0.000000
3,2,38,200,200,0.150000,0.200000,0.000000,0.700000,0.000000,0.000000,0.100000,0.760000,0.100000,1.000000,0.100000,0.286061,0.000000,0.000000,0.000000
3,2,36,200,200,0.150000,0.200000,0.000000,0.700000,0.000000,0.000000,0.100000,0.720000,0.100000,1.000000,0.100000,0.290648,0.000000,0.000000,0.000000
3,2,41,200,200,0.150000,0.200000,0.000000,0.700000,0.000000,0.000000,0.100000,0.820000,0.100000,1.000000,0.100000,0.292317,0.000000,0.000000,0.000000
3,2,37,200,200,0.150000,0.200000,0.000000,0.700000,0.000000,0.000000,0.100000,0.740000,0.100000,1.000000,0.100000,0.294489,0.000000,1.000000,0.000000
3,2,33,200,200,0.150000,0.200000,0.000000,0.700000,0.000000,0.000000,0.100000,0.660000,0.100000,1.000000,0.100000,0.290906,0.000000,0.000000,0.000000
3,2,43,200,200,0.150000,0.200000,0.000000,0.700000,0.000000,0.000000,0.100000,0.860000,0.100000,1.000000,0.100000,0.336264,0.000000,0.000000,0.000000
3,2,45,200,200,0.150000,0.200000,0.000000,0.700000,0.000000,0.000000,0.100000,0.900000,0.100000,1.000000,0.100000,0.290304,0.000000,0.000000,0.000000
3,3,0,200,200,0.150000,0.200000,0.000000,0.700000,0.000000,0.000000,0.100000,0.000000,0.100000,1.000000,0.100000,0.382925,0.000000,200.000000,200.000000
3,2,44,200,200,0.150000,0.200000,0.000000,0.700000,0.000000,0.000000,0.100000,0.880000,0.100000,1.000000,0.100000,0.289181,0.000000,0.000000,0.000000
3,2,47,200,200,0.150000,0.200000,0.000000,0.700000,0.000000,0.000000,0.100000,0.940000,0.100000,1.000000,0.100000,0.284976,0.000000,0.000000,0.000000
3,2,42,200,200,0.150000,0.200000,0.000000,0.700000,0.000000,0.000000,0.100000,0.840000,0.100000,1.000000,0.100000,0.287998,0.000000,0.000000,0.000000
3,2,46,200,200,0.150000,0.200000,0.000000,0.700000,0.000000,0.000000,0.100000,0.920000,0.100000,1.000000,0.100000,0.289077,0.000000,0.000000,0.000000
3,3,6,200,200,0.150000,0.200000,0.000000,0.700000,0.000000,0.000000,0.100000,0.120000,0.100000,1.000000,0.100000,0.286883,0.000000,0.000000,0.000000
3,3,9,200,200,0.150000,0.200000,0.000000,0.700000,0.000000,0.000000,0.100000,0.180000,0.100000,1.000000,0.100000,0.287028,0.000000,0.000000,0.000000
3,3,10,200,200,0.150000,0.200000,0.000000,0.700000,0.000000,0.000000,0.100000,0.200000,0.100000,1.000000,0.100000,0.288871,0.000000,0.000000,0.000000
3,3,17,200,200,0.150000,0.200000,0.000000,0.700000,0.000000,0.000000,0.100000,0.340000,0.100000,1.000000,0.100000,0.284881,0.000000,0.000000,0.000000
3,2,48,200,200,0.150000,0.200000,0.000000,0.700000,0.000000,0.000000,0.100000,0.960000,0.100000,1.000000,0.100000,0.285823,0.000000,0.000000,0.000000
3,2,50,200,200,0.150000,0.200000,0.000000,0.700000,0.000000,0.000000,0.100000,1.000000,0.100000,1.000000,0.100000,0.287544,0.000000,0.000000,0.000000
3,3,2,200,200,0.150000,0.200000,0.000000,0.700000,0.000000,0.000000,0.100000,0.040000,0.100000,1.000000,0.100000,0.282044,0.000000,0.000000,0.000000
3,3,3,200,200,0.150000,0.200000,0.000000,0.700000,0.000000,0.000000,0.100000,0.060000,0.100000,1.000000,0.100000,0.291004,0.000000,0.000000,0.000000
3,2,49,200,200,0.150000,0.200000,0.000000,0.700000,0.000000,0.000000,0.100000,0.980000,0.100000,1.000000,0.100000,0.291809,0.000000,0.000000,0.000000
3,3,12,200,200,0.150000,0.200000,0.000000,0.700000,0.000000,0.000000,0.100000,0.240000,0.100000,1.000000,0.100000,0.286520,0.000000,0.000000,0.000000
3,3,1,200,200,0.150000,0.200000,0.000000,0.700000,0.000000,0.000000,0.100000,0.020000,0.100000,1.000000,0.100000,0.290213,0.000000,0.000000,0.000000
3,3,15,200,200,0.150000,0.200000,0.000000,0.700000,0.000000,0.000000,0.100000,0.300000,0.100000,1.000000,0.100000,0.292081,0.000000,0.000000,0.000000
3,3,8,200,200,0.150000,0.200000,0.000000,0.700000,0.000000,0.000000,0.100000,0.160000,0.100000,1.000000,0.100000,0.291635,0.000000,0.000000,0.000000
3,3,18,200,200,0.150000,0.200000,0.000000,0.700000,0.000000,0.000000,0.100000,0.360000,0.100000,1.000000,0.100000,0.290752,0.000000,0.000000,0.000000
3,3,16,200,200,0.150000,0.200000,0.000000,0.700000,0.000000,0.000000,0.100000,0.320000,0.100000,1.000000,0.100000,0.284865,0.000000,0.000000,0.000000
3,3,7,200,200,0.150000,0.200000,0.000000,0.700000,0.000000,0.000000,0.100000,0.140000,0.100000,1.000000,0.100000,0.286149,0.000000,0.000000,0.000000
3,3,5,200,200,0.150000,0.200000,0.000000,0.700000,0.000000,0.000000,0.100000,0.100000,0.100000,1.000000,0.100000,0.296618,0.000000,0.000000,0.000000
3,3,21,200,200,0.150000,0.200000,0.000000,0.700000,0.000000,0.000000,0.100000,0.420000,0.100000,1.000000,0.100000,0.288349,0.000000,0.000000,0.000000
3,3,24,200,200,0.150000,0.200000,0.000000,0.700000,0.000000,0.000000,0.100000,0.480000,0.100000,1.000000,0.100000,0.288007,0.000000,0.000000,0.000000
3,3,4,200,200,0.150000,0.200000,0.000000,0.700000,0.000000,0.000000,0.100000,0.080000,0.100000,1.000000,0.100000,0.292481,0.000000,0.000000,0.000000
3,3,30,200,200,0.150000,0.200000,0.000000,0.700000,0.000000,0.000000,0.100000,0.600000,0.100000,1.000000,0.100000,0.289766,0.000000,0.000000,0.000000
3,3,14,200,200,0.150000,0.200000,0.000000,0.700000,0.000000,0.000000,0.100000,0.280000,0.100000,1.000000,0.100000,0.288307,0.000000,0.000000,0.000000
3,3,11,200,200,0.150000,0.200000,0.000000,0.700000,0.000000,0.000000,0.100000,0.220000,0.100000,1.000000,0.100000,0.292299,0.000000,0.000000,0.000000
3,3,19,200,200,0.150000,0.200000,0.000000,0.700000,0.000000,0.000000,0.100000,0.380000,0.100000,1.000000,0.100000,0.287966,0.000000,0.000000,0.000000
3,3,35,200,200,0.150000,0.200000,0.000000,0.700000,0.000000,0.000000,0.100000,0.700000,0.100000,1.000000,0.100000,0.289631,0.000000,0.000000,0.000000
3,3,13,200,200,0.150000,0.200000,0.000000,0.700000,0.000000,0.000000,0.100000,0.260000,0.100000,1.000000,0.100000,0.285329,0.000000,0.000000,0.000000
3,3,20,200,200,0.150000,0.200000,0.000000,0.700000,0.000000,0.000000,0.100000,0.400000,0.100000,1.000000,0.100000,0.284793,0.000000,0.000000,0.000000
3,3,28,200,200,0.150000,0.200000,0.000000,0.700000,0.000000,0.000000,0.100000,0.560000,0.100000,1.000000,0.100000,0.288682,0.000000,0.000000,0.000000
3,3,29,200,200,0.150000,0.200000,0.000000,0.700000,0.000000,0.000000,0.100000,0.580000,0.100000,1.000000,0.100000,0.287952,0.000000,0.000000,0.000000
3,3,23,200,200,0.150000,0.200000,0.000000,0.700000,0.000000,0.000000,0.100000,0.460000,0.100000,1.000000,0.100000,0.289667,0.000000,0.000000,0.000000
3,3,22,200,200,0.150000,0.200000,0.000000,0.700000,0.000000,0.000000,0.100000,0.440000,0.100000,1.000000,0.100000,0.289633,0.000000,0.000000,0.000000
3,3,38,200,200,0.150000,0.200000,0.000000,0.700000,0.000000,0.000000,0.100000,0.760000,0.100000,1.000000,0.100000,0.287386,0.000000,0.000000,0.000000
3,3,27,200,200,0.150000,0.200000,0.000000,0.700000,0.000000,0.000000,0.100000,0.540000,0.100000,1.000000,0.100000,0.289836,0.000000,0.000000,0.000000
3,3,26,200,200,0.150000,0.200000,0.000000,0.700000,0.000000,0.000000,0.100000,0.520000,0.100000,1.000000,0.100000,0.288781,0.000000,0.000000,0.000000
3,3,31,200,200,0.150000,0.200000,0.000000,0.700000,0.000000,0.000000,0.100000,0.620000,0.100000,1.000000,0.100000,0.289751,0.000000,0.000000,0.000000
3,3,25,200,200,0.150000,0.200000,0.000000,0.700000,0.000000,0.000000,0.100000,0.500000,0.100000,1.000000,0.100000,0.288018,0.000000,0.000000,0.000000
3,3,36,200,200,0.150000,0.200000,0.000000,0.700000,0.000000,0.000000,0.100000,0.720000,0.100000,1.000000,0.100000,0.291752,0.000000,0.000000,0.000000
3,3,32,200,200,0.150000,0.200000,0.000000,0.700000,0.000000,0.000000,0.100000,0.640000,0.100000,1.000000,0.100000,0.287426,0.000000,0.000000,0.000000
3,3,34,200,200,0.150000,0.200000,0.000000,0.700000,0.000000,0.000000,0.100000,0.680000,0.100000,1.000000,0.100000,0.292269,0.000000,0.000000,0.000000
3,3,37,200,200,0.150000,0.200000,0.000000,0.700000,0.000000,0.000000,0.100000,0.740000,0.100000,1.000000,0.100000,0.291050,0.000000,0.000000,0.000000
3,3,33,200,200,0.150000,0.200000,0.000000,0.700000,0.000000,0.000000,0.100000,0.660000,0.100000,1.000000,0.100000,0.291769,0.000000,0.000000,0.000000
3,3,41,200,200,0.150000,0.200000,0.000000,0.700000,0.000000,0.000000,0.100000,0.820000,0.100000,1.000000,0.100000,0.290191,0.000000,0.000000,0.000000
3,3,40,200,200,0.150000,0.200000,0.000000,0.700000,0.000000,0.000000,0.100000,0.800000,0.100000,1.000000,0.100000,0.291341,0.000000,0.000000,0.000000
3,3,42,200,200,0.150000,0.200000,0.000000,0.700000,0.000000,0.000000,0.100000,0.840000,0.100000,1.000000,0.100000,0.289153,0.000000,0.000000,0.000000
3,3,39,200,200,0.150000,0.200000,0.000000,0.700000,0.000000,0.000000,0.100000,0.780000,0.100000,1.000000,0.100000,0.287860,0.000000,0.000000,0.000000
3,3,43,200,200,0.150000,0.200000,0.000000,0.700000,0.000000,0.000000,0.100000,0.860000,0.100000,1.000000,0.100000,0.289828,0.000000,0.000000,0.000000
3,3,44,200,200,0.150000,0.200000,0.000000,0.700000,0.000000,0.000000,0.100000,0.880000,0.100000,1.000000,0.100000,0.292230,0.000000,0.000000,0.000000
3,3,49,200,200,0.150000,0.200000,0.000000,0.700000,0.000000,0.000000,0.100000,0.980000,0.100000,1.000000,0.100000,0.283144,0.000000,0.000000,0.000000
3,3,47,200,200,0.150000,0.200000,0.000000,0.700000,0.000000,0.000000,0.100000,0.940000,0.100000,1.000000,0.100000,0.285312,0.000000,0.000000,0.000000
3,3,48,200,200,0.150000,0.200000,0.000000,0.700000,0.000000,0.000000,0.100000,0.960000,0.100000,1.000000,0.100000,0.291183,0.000000,0.000000,0.000000
3,3,45,200,200,0.150000,0.200000,0.000000,0.700000,0.000000,0.000000,0.100000,0.900000,0.100000,1.000000,0.100000,0.289749,0.000000,0.000000,0.000000
3,4,0,200,200,0.150000,0.200000,0.000000,0.700000,0.000000,0.000000,0.100000,0.000000,0.100000,1.000000,0.100000,0.382925,0.000000,200.000000,200.000000
3,4,7,200,200,0.150000,0.200000,0.000000,0.700000,0.000000,0.000000,0.100000,0.140000,0.100000,1.000000,0.100000,0.286242,0.000000,0.000000,0.000000
3,3,46,200,200,0.150000,0.200000,0.000000,0.700000,0.000000,0.000000,0.100000,0.920000,0.100000,1.000000,0.100000,0.294002,0.000000,0.000000,0.000000
3,4,13,200,200,0.150000,0.200000,0.000000,0.700000,0.000000,0.000000,0.100000,0.260000,0.100000,1.000000,0.100000,0.286721,0.000000,0.000000,0.000000
3,4,6,200,200,0.150000,0.200000,0.000000,0.700000,0.000000,0.000000,0.100000,0.120000,0.100000,1.000000,0.100000,0.286604,0.000000,0.000000,0.000000
3,4,15,200,200,0.150000,0.200000,0.000000,0.700000,0.000000,0.000000,0.100000,0.300000,0.100000,1.000000,0.100000,0.292151,0.000000,0.000000,0.000000
3,4,3,200,200,0.150000,0.200000,0.000000,0.700000,0.000000,0.000000,0.100000,0.060000,0.100000,1.000000,0.100000,0.289354,0.000000,0.000000,0.000000
3,4,8,200,200,0.150000,0.200000,0.000000,0.700000,0.000000,0.000000,0.100000,0.160000,0.100000,1.000000,0.100000,0.283584,0.000000,0.000000,0.000000
3,3,50,200,200,0.150000,0.200000,0.000000,0.700000,0.000000,0.000000,0.100000,1.000000,0.100000,1.000000,0.100000,0.291675,0.000000,0.000000,0.000000
3,4,14,200,200,0.150000,0.200000,0.000000,0.700000,0.000000,0.000000,0.100000,0.280000,0.100000,1.000000,0.100000,0.293352,0.000000,0.000000,0.000000
3,4,4,200,200,0.150000,0.200000,0.000000,0.700000,0.000000,0.000000,0.100000,0.080000,0.100000,1.000000,0.100000,0.286733,0.000000,0.000000,0.000000
3,4,1,200,200,0.150000,0.200000,0.000000,0.700000,0.000000,0.000000,0.100000,0.020000,0.100000,1.000000,0.100000,0.301119,0.000000,0.000000,0.000000
3,4,2,200,200,0.150000,0.200000,0.000000,0.700000,0.000000,0.000000,0.100000,0.040000,0.100000,1.000000,0.100000,0.285295,0.000000,0.000000,0.000000
3,4,5,200,200,0.150000,0.200000,0.000000,0.700000,0.000000,0.000000,0.100000,0.100000,0.100000,1.000000,0.100000,0.285641,0.000000,0.000000,0.000000
3,4,9,200,200,0.150000,0.200000,0.000000,0.700000,0.000000,0.000000,0.100000,0.180000,0.100000,1.000000,0.100000,0.283910,0.000000,0.000000,0.000000
3,4,23,200,200,0.150000,0.200000,0.000000,0.700000,0.000000,0.000000,0.100000,0.460000,0.100000,1.000000,0.100000,0.289603,0.000000,0.000000,0.000000
3,4,11,200,200,0.150000,0.200000,0.000000,0.700000,0.000000,0.000000,0.100000,0.220000,0.100000,1.000000,0.100000,0.295121,0.000000,0.000000,0.000000
3,4,10,200,200,0.150000,0.200000,0.000000,0.700000,0.000000,0.000000,0.100000,0.200000,0.100000,1.000000,0.100000,0.288951,0.000000,0.000000,0.000000
3,4,19,200,200,0.150000,0.200000,0.000000,0.700000,0.000000,0.000000,0.100000,0.380000,0.100000,1.000000,0.100000,0.285383,0.000000,0.000000,0.000000
3,4,17,200,200,0.150000,0.200000,0.000000,0.700000,0.000000,0.000000,0.100000,0.340000,0.100000,1.000000,0.100000,0.291357,0.000000,0.000000,0.000000
3,4,12,200,200,0.150000,0.200000,0.000000,0.700000,0.000000,0.000000,0.100000,0.240000,0.100000,1.000000,0.100000,0.284405,0.000000,0.000000,0.000000
3,4,24,200,200,0.150000,0.200000,0.000000,0.700000,0.000000,0.000000,0.100000,0.480000,0.100000,1.000000,0.100000,0.310047,0.000000,0.000000,0.000000
3,4,22,200,200,0.150000,0.200000,0.000000,0.700000,0.000000,0.000000,0.100000,0.440000,0.100000,1.000000,0.100000,0.291730,0.000000,0.000000,0.000000
3,4,21,200,200,0.150000,0.200000,0.000000,0.700000,0.000000,0.000000,0.100000,0.420000,0.100000,1.000000,0.100000,0.291233,0.000000,0.000000,0.000000
3,4,29,200,200,0.150000,0.200000,0.000000,0.700000,0.000000,0.000000,0.100000,0.580000,0.100000,1.000000,0.100000,0.286386,0.000000,0.000000,0.000000
3,4,20,200,200,0.150000,0.200000,0.000000,0.700000,0.000000,0.000000,0.100000,0.400000,0.100000,1.000000,0.100000,0.290987,0.000000,0.000000,0.000000
3,4,18,200,200,0.150000,0.200000,0.000000,0.700000,0.000000,0.000000,0.100000,0.360000,0.100000,1.000000,0.100000,0.285753,0.000000,0.000000,0.000000
3,4,16,200,200,0.150000,0.200000,0.000000,0.700000,0.000000,0.000000,0.100000,0.320000,0.100000,1.000000,0.100000,0.289234,0.000000,0.000000,0.000000
3,4,35,200,200,0.150000,0.200000,0.000000,0.700000,0.000000,0.000000,0.100000,0.700000,0.100000,1.000000,0.100000,0.287409,0.000000,0.000000,0.000000
3,4,25,200,200,0.150000,0.200000,0.000000,0.700000,0.000000,0.000000,0.100000,0.500000,0.100000,1.000000,0.100000,0.288290,0.000000,0.000000,0.000000
3,4,28,200,200,0.150000,0.200000,0.000000,0.700000,0.000000,0.000000,0.100000,0.560000,0.100000,1.000000,0.100000,0.291199,0.000000,0.000000,0.000000
3,4,34,200,200,0.150000,0.200000,0.000000,0.700000,0.000000,0.000000,0.100000,0.680000,0.100000,1.000000,0.100000,0.284611,0.000000,0.000000,0.000000
3,4,26,200,200,0.150000,0.200000,0.000000,0.700000,0.000000,0.000000,0.100000,0.520000,0.100000,1.000000,0.100000,0.286541,0.000000,0.000000,0.000000
3,4,27,200,200,0.150000,0.200000,0.000000,0.700000,0.000000,0.000000,0.100000,0.540000,0.100000,1.000000,0.100000,0.509220,0.000000,0.000000,0.000000
3,4,33,200,200,0.150000,0.200000,0.000000,0.700000,0.000000,0.000000,0.100000,0.660000,0.100000,1.000000,0.100000,0.290928,0.000000,0.000000,0.000000
3,4,31,200,200,0.150000,0.200000,0.000000,0.700000,0.000000,0.000000,0.100000,0.620000,0.100000,1.000000,0.100000,0.283733,0.000000,0.000000,0.000000
3,4,32,200,200,0.150000,0.200000,0.000000,0.700000,0.000000,0.000000,0.100000,0.640000,0.100000,1.000000,0.100000,0.289679,0.000000,0.000000,0.000000
3,4,30,200,200,0.150000,0.200000,0.000000,0.700000,0.000000,0.000000,0.100000,0.600000,0.100000,1.000000,0.100000,0.291325,0.000000,0.000000,0.000000
3,4,36,200,200,0.150000,0.200000,0.000000,0.700000,0.000000,0.000000,0.100000,0.720000,0.100000,1.000000,0.100000,0.279087,0.000000,0.000000,0.000000
3,4,37,200,200,0.150000,0.200000,0.000000,0.700000,0.000000,0.000000,0.100000,0.740000,0.100000,1.000000,0.100000,0.277557,0.000000,0.000000,0.000000
3,4,38,200,200,0.150000,0.200000,0.000000,0.700000,0.000000,0.000000,0.100000,0.760000,0.100000,1.000000,0.100000,0.283194,0.000000,0.000000,0.000000
3,4,39,200,200,0.150000,0.200000,0.000000,0.700000,0.000000,0.000000,0.100000,0.780000,0.100000,1.000000,0.100000,0.286883,0.000000,0.000000,0.000000
3,4,43,200,200,0.150000,0.200000,0.000000,0.700000,0.000000,0.000000,0.100000,0.860000,0.100000,1.000000,0.100000,0.292429,0.000000,0.000000,0.000000
3,5,0,200,200,0.150000,0.200000,0.000000,0.700000,0.000000,0.000000,0.100000,0.000000,0.100000,1.000000,0.100000,0.382925,0.000000,200.000000,200.000000
3,4,44,200,200,0.150000,0.200000,0.000000,0.700000,0.000000,0.000000,0.100000,0.880000,0.100000,1.000000,0.100000,0.287125,0.000000,0.000000,0.000000
3,4,40,200,200,0.150000,0.200000,0.000000,0.700000,0.000000,0.000000,0.100000,0.800000,0.100000,1.000000,0.100000,0.292747,0.000000,0.000000,0.000000
3,4,50,200,200,0.150000,0.200000,0.000000,0.700000,0.000000,0.000000,0.100000,1.000000,0.100000,1.000000,0.100000,0.290809,0.000000,0.000000,0.000000
3,4,42,200,200,0.150000,0.200000,0.000000,0.700000,0.000000,0.000000,0.100000,0.840000,0.100000,1.000000,0.100000,0.286341,0.000000,0.000000,0.000000
3,4,41,200,200,0.150000,0.200000,0.000000,0.700000,0.000000,0.000000,0.100000,0.820000,0.100000,1.000000,0.100000,0.286973,0.000000,0.000000,0.000000
3,4,48,200,200,0.150000,0.200000,0.000000,0.700000,0.000000,0.000000,0.100000,0.960000,0.100000,1.000000,0.100000,0.286391,0.000000,0.000000,0.000000
3,5,2,200,200,0.150000,0.200000,0.000000,0.700000,0.000000,0.000000,0.100000,0.040000,0.100000,1.000000,0.100000,0.304616,0.000000,0.000000,0.000000
3,5,4,200,200,0.150000,0.200000,0.000000,0.700000,0.000000,0.000000,0.100000,0.080000,0.100000,1.000000,0.100000,0.286283,0.000000,0.000000,0.000000
3,4,46,200,200,0.150000,0.200000,0.000000,0.700000,0.000000,0.000000,0.100000,0.920000,0.100000,1.000000,0.100000,0.283786,0.000000,0.000000,0.000000
3,4,45,200,200,0.150000,0.200000,0.000000,0.700000,0.000000,0.000000,0.100000,0.900000,0.100000,1.000000,0.100000,0.287395,0.000000,0.000000,0.000000
3,5,3,200,200,0.150000,0.200000,0.000000,0.700000,0.000000,0.000000,0.100000,0.060000,0.100000,1.000000,0.100000,0.294343,0.000000,0.000000,0.000000
3,5,10,200,200,0.150000,0.200000,0.000000,0.700000,0.000000,0.000000,0.100000,0.200000,0.100000,1.000000,0.100000,0.286601,0.000000,0.000000,0.000000
3,4,47,200,200,0.150000,0.200000,0.000000,0.700000,0.000000,0.000000,0.100000,0.940000,0.100000,1.000000,0.100000,0.283797,0.000000,0.000000,0.000000
3,4,49,200,200,0.150000,0.200000,0.000000,0.700000,0.000000,0.000000,0.100000,0.980000,0.100000,1.000000,0.100000,0.288761,0.000000,0.000000,0.000000
3,5,1,200,200,0.150000,0.200000,0.000000,0.700000,0.000000,0.000000,0.100000,0.020000,0.100000,1.000000,0.100000,0.289348,0.000000,0.000000,0.000000
3,5,9,200,200,0.150000,0.200000,0.000000,0.700000,0.000000,0.000000,0.100000,0.180000,0.100000,1.000000,0.100000,0.289745,0.000000,0.000000,0.000000
3,5,12,200,200,0.150000,0.200000,0.000000,0.700000,0.000000,0.000000,0.100000,0.240000,0.100000,1.000000,0.100000,0.287819,0.000000,0.000000,0.000000
3,5,13,200,200,0.150000,0.200000,0.000000,0.700000,0.000000,0.000000,0.100000,0.260000,0.100000,1.000000,0.100000,0.289741,0.000000,0.000000,0.000000
3,5,5,200,200,0.150000,0.200000,0.000000,0.700000,0.000000,0.000000,0.100000,0.100000,0.100000,1.000000,0.100000,0.290607,0.000000,0.000000,0.000000
3,5,7,200,200,0.150000,0.200000,0.000000,0.700000,0.000000,0.000000,0.100000,0.140000,0.100000,1.000000,0.100000,0.294222,0.000000,0.000000,0.000000
3,5,8,200,200,0.150000,0.200000,0.000000,0.700000,0.000000,0.000000,0.100000,0.160000,0.100000,1.000000,0.100000,0.288674,0.000000,0.000000,0.000000
3,5,11,200,200,0.150000,0.200000,0.000000,0.700000,0.000000,0.000000,0.100000,0.220000,0.100000,1.000000,0.100000,0.351470,0.000000,0.000000,0.000000
3,5,16,200,200,0.150000,0.200000,0.000000,0.700000,0.000000,0.000000,0.100000,0.320000,0.100000,1.000000,0.100000,0.282053,0.000000,0.000000,0.000000
3,5,6,200,200,0.150000,0.200000,0.000000,0.700000,0.000000,0.000000,0.100000,0.120000,0.100000,1.000000,0.100000,0.291209,0.000000,0.000000,0.000000
3,5,26,200,200,0.150000,0.200000,0.000000,0.700000,0.000000,0.000000,0.100000,0.520000,0.100000,1.000000,0.100000,0.293718,0.000000,0.000000,0.000000
3,5,14,200,200,0.150000,0.200000,0.000000,0.700000,0.000000,0.000000,0.100000,0.280000,0.100000,1.000000,0.100000,0.299028,0.000000,0.000000,0.000000
3,5,15,200,200,0.150000,0.200000,0.000000,0.700000,0.000000,0.000000,0.100000,0.300000,0.100000,1.000000,0.100000,0.286988,0.000000,0.000000,0.000000
3,5,25,200,200,0.150000,0.200000,0.000000,0.700000,0.000000,0.000000,0.100000,0.500000,0.100000,1.000000,0.100000,0.291783,0.000000,0.000000,0.000000
3,5,18,200,200,0.150000,0.200000,0.000000,0.700000,0.000000,0.000000,0.100000,0.360000,0.100000,1.000000,0.100000,0.291089,0.000000,0.000000,0.000000
3,5,17,200,200,0.150000,0.200000,0.000000,0.700000,0.000000,0.000000,0.100000,0.340000,0.100000,1.000000,0.100000,0.287271,0.000000,0.000000,0.000000
3,5,29,200,200,0.150000,0.200000,0.000000,0.700000,0.000000,0.000000,0.100000,0.580000,0.100000,1.000000,0.100000,0.286819,0.000000,0.000000,0.000000
3,5,19,200,200,0.150000,0.200000,0.000000,0.700000,0.000000,0.000000,0.100000,0.380000,0.100000,1.000000,0.100000,0.290753,0.000000,0.000000,0.000000
3,5,23,200,200,0.150000,0.200000,0.000000,0.700000,0.000000,0.000000,0.100000,0.460000,0.100000,1.000000,0.100000,0.288715,0.000000,0.000000,0.000000
3,5,21,200,200,0.150000,0.200000,0.000000,0.700000,0.000000,0.000000,0.100000,0.420000,0.100000,1.000000,0.100000,0.297994,0.000000,0.000000,0.000000
3,5,22,200,200,0.150000,0.200000,0.000000,0.700000,0.000000,0.000000,0.100000,0.440000,0.100000,1.000000,0.100000,0.287470,0.000000,0.000000,0.000000
3,5,20,200,200,0.150000,0.200000,0.000000,0.700000,0.000000,0.000000,0.100000,0.400000,0.100000,1.000000,0.100000,0.288696,0.000000,0.000000,0.000000
3,5,31,200,200,0.150000,0.200000,0.000000,0.700000,0.000000,0.000000,0.100000,0.620000,0.100000,1.000000,0.100000,0.288234,0.000000,0.000000,0.000000
3,5,24,200,200,0.150000,0.200000,0.000000,0.700000,0.000000,0.000000,0.100000,0.480000,0.100000,1.000000,0.100000,0.289948,0.000000,0.000000,0.000000
3,5,27,200,200,0.150000,0.200000,0.000000,0.700000,0.000000,0.000000,0.100000,0.540000,0.100000,1.000000,0.100000,0.289079,0.000000,0.000000,0.000000
3,5,28,200,200,0.150000,0.200000,0.000000,0.700000,0.000000,0.000000,0.100000,0.560000,0.100000,1.000000,0.100000,0.287185,0.000000,0.000000,0.000000
3,5,32,200,200,0.150000,0.200000,0.000000,0.700000,0.000000,0.000000,0.100000,0.640000,0.100000,1.000000,0.100000,0.284984,0.000000,0.000000,0.000000
3,5,30,200,200,0.150000,0.200000,0.000000,0.700000,0.000000,0.000000,0.100000,0.600000,0.100000,1.000000,0.100000,0.289715,0.000000,0.000000,0.000000
3,5,33,200,200,0.150000,0.200000,0.000000,0.700000,0.000000,0.000000,0.100000,0.660000,0.100000,1.000000,0.100000,0.289057,0.000000,0.000000,0.000000
3,5,36,200,200,0.150000,0.200000,0.000000,0.700000,0.000000,0.000000,0.100000,0.720000,0.100000,1.000000,0.100000,0.294180,0.000000,0.000000,0.000000
3,5,34,200,200,0.150000,0.200000,0.000000,0.700000,0.000000,0.000000,0.100000,0.680000,0.100000,1.000000,0.100000,0.288306,0.000000,0.000000,0.000000
3,5,37,200,200,0.150000,0.200000,0.000000,0.700000,0.000000,0.000000,0.100000,0.740000,0.100000,1.000000,0.100000,0.285922,0.000000,0.000000,0.000000
3,5,35,200,200,0.150000,0.200000,0.000000,0.700000,0.000000,0.000000,0.100000,0.700000,0.100000,1.000000,0.100000,0.283534,0.000000,0.000000,0.000000
3,5,38,200,200,0.150000,0.200000,0.000000,0.700000,0.000000,0.000000,0.100000,0.760000,0.100000,1.000000,0.100000,0.294423,0.000000,0.000000,0.000000
3,5,39,200,200,0.150000,0.200000,0.000000,0.700000,0.000000,0.000000,0.100000,0.780000,0.100000,1.000000,0.100000,0.281497,0.000000,0.000000,0.000000
3,5,44,200,200,0.150000,0.200000,0.000000,0.700000,0.000000,0.000000,0.100000,0.880000,0.100000,1.000000,0.100000,0.288523,0.000000,0.000000,0.000000
3,5,43,200,200,0.150000,0.200000,0.000000,0.700000,0.000000,0.000000,0.100000,0.860000,0.100000,1.000000,0.100000,0.287175,0.000000,0.000000,0.000000
3,5,40,200,200,0.150000,0.200000,0.000000,0.700000,0.000000,0.000000,0.100000,0.800000,0.100000,1.000000,0.100000,0.285593,0.000000,0.000000,0.000000
3,6,0,200,200,0.150000,0.200000,0.000000,0.700000,0.000000,0.000000,0.100000,0.000000,0.100000,1.000000,0.100000,0.382925,0.000000,200.000000,200.000000
3,5,48,200,200,0.150000,0.200000,0.000000,0.700000,0.000000,0.000000,0.100000,0.960000,0.100000,1.000000,0.100000,0.289220,0.000000,0.000000,0.000000
3,5,41,200,200,0.150000,0.200000,0.000000,0.700000,0.000000,0.000000,0.100000,0.820000,0.100000,1.000000,0.100000,0.283523,0.000000,0.000000,0.000000
3,5,42,200,200,0.150000,0.200000,0.000000,0.700000,0.000000,0.000000,0.100000,0.840000,0.100000,1.000000,0.100000,0.287958,0.000000,0.000000,0.000000
3,5,46,200,200,0.150000,0.200000,0.000000,0.700000,0.000000,0.000000,0.100000,0.920000,0.100000,1.000000,0.100000,0.286086,0.000000,0.000000,0.000000
3,5,45,200,200,0.150000,0.200000,0.000000,0.700000,0.000000,0.000000,0.100000,0.900000,0.100000,1.000000,0.100000,0.290223,0.000000,0.000000,0.000000
3,5,50,200,200,0.150000,0.200000,0.000000,0.700000,0.000000,0.000000,0.100000,1.000000,0.100000,1.000000,0.100000,0.289858,0.000000,0.000000,0.000000
3,6,3,200,200,0.150000,0.200000,0.000000,0.700000,0.000000,0.000000,0.100000,0.060000,0.100000,1.000000,0.100000,0.288362,0.000000,0.000000,0.000000
3,5,47,200,200,0.150000,0.200000,0.000000,0.700000,0.000000,0.000000,0.100000,0.940000,0.100000,1.000000,0.100000,0.286910,0.000000,0.000000,0.000000
3,5,49,200,200,0.150000,0.200000,0.000000,0.700000,0.000000,0.000000,0.100000,0.980000,0.100000,1.000000,0.100000,0.286933,0.000000,0.000000,0.000000
3,6,10,200,200,0.150000,0.200000,0.000000,0.700000,0.000000,0.000000,0.100000,0.200000,0.100000,1.000000,0.100000,0.293695,0.000000,0.000000,0.000000
3,6,6,200,200,0.150000,0.200000,0.000000,0.700000,0.000000,0.000000,0.100000,0.120000,0.100000,1.000000,0.100000,0.288219,0.000000,0.000000,0.000000
3,6,2,200,200,0.150000,0.200000,0.000000,0.700000,0.000000,0.000000,0.100000,0.040000,0.100000,1.000000,0.100000,0.294035,0.000000,0.000000,0.000000
3,6,11,200,200,0.150000,0.200000,0.000000,0.700000,0.000000,0.000000,0.100000,0.220000,0.100000,1.000000,0.100000,0.300831,0.000000,0.000000,0.000000
3,6,13,200,200,0.150000,0.200000,0.000000,0.700000,0.000000,0.000000,0.100000,0.260000,0.100000,1.000000,0.100000,0.287839,0.000000,0.000000,0.000000
3,6,16,200,200,0.150000,0.200000,0.000000,0.700000,0.000000,0.000000,0.100000,0.320000,0.100000,1.000000,0.100000,0.285467,0.000000,0.000000,0.000000
3,6,1,200,200,0.150000,0.200000,0.000000,0.700000,0.000000,0.000000,0.100000,0.020000,0.100000,1.000000,0.100000,0.289134,0.000000,0.000000,0.000000
3,6,4,200,200,0.150000,0.200000,0.000000,0.700000,0.000000,0.000000,0.100000,0.080000,0.100000,1.000000,0.100000,0.288383,0.000000,0.000000,0.000000
3,6,18,200,200,0.150000,0.200000,0.000000,0.700000,0.000000,0.000000,0.100000,0.360000,0.100000,1.000000,0.100000,0.290730,0.000000,0.000000,0.000000
3,6,21,200,200,0.150000,0.200000,0.000000,0.700000,0.000000,0.000000,0.100000,0.420000,0.100000,1.000000,0.100000,0.285654,0.000000,0.000000,0.000000
3,6,22,200,200,0.150000,0.200000,0.000000,0.700000,0.000000,0.000000,0.100000,0.440000,0.100000,1.000000,0.100000,0.287563,0.000000,0.000000,0.000000
3,6,5,200,200,0.150000,0.200000,0.000000,0.700000,0.000000,0.000000,0.100000,0.100000,0.100000,1.000000,0.100000,0.287596,0.000000,0.000000,0.000000
3,6,20,200,200,0.150000,0.200000,0.000000,0.700000,0.000000,0.000000,0.100000,0.400000,0.100000,1.000000,0.100000,0.286950,0.000000,0.000000,0.000000
3,6,24,200,200,0.150000,0.200000,0.000000,0.700000,0.000000,0.000000,0.100000,0.480000,0.100000,1.000000,0.100000,0.279491,0.000000,0.000000,0.000000
3,6,7,200,200,0.150000,0.200000,0.000000,0.700000,0.000000,0.000000,0.100000,0.140000,0.100000,1.000000,0.100000,0.289561,0.000000,0.000000,0.000000
3,6,9,200,200,0.150000,0.200000,0.000000,0.700000,0.000000,0.000000,0.100000,0.180000,0.100000,1.000000,0.100000,0.287152,0.000000,0.000000,0.000000
3,6,8,200,200,0.150000,0.200000,0.000000,0.700000,0.000000,0.000000,0.100000,0.160000,0.100000,1.000000,0.100000,0.291545,0.000000,0.000000,0.000000
3,6,23,200,200,0.150000,0.200000,0.000000,0.700000,0.000000,0.000000,0.100000,0.460000,0.100000,1.000000,0.100000,0.288310,0.000000,0.000000,0.000000
3,6,12,200,200,0.150000,0.200000,0.000000,0.700000,0.000000,0.000000,0.100000,0.240000,0.100000,1.000000,0.100000,0.294795,0.000000,0.000000,0.000000
3,6,19,200,200,0.150000,0.200000,0.000000,0.700000,0.000000,0.000000,0.100000,0.380000,0.100000,1.000000,0.100000,0.286316,0.000000,0.000000,0.000000
3,6,14,200,200,0.150000,0.200000,0.000000,0.700000,0.000000,0.000000,0.100000,0.280000,0.100000,1.000000,0.100000,0.292353,0.000000,0.000000,0.000000
3,6,17,200,200,0.150000,0.200000,0.000000,0.700000,0.000000,0.000000,0.100000,0.340000,0.100000,1.000000,0.100000,0.290972,0.000000,0.000000,0.000000
3,6,15,200,200,0.150000,0.200000,0.000000,0.700000,0.000000,0.000000,0.100000,0.300000,0.100000,1.000000,0.100000,0.291001,0.000000,0.000000,0.000000
3,6,29,200,200,0.150000,0.200000,0.000000,0.700000,0.000000,0.000000,0.100000,0.580000,0.100000,1.000000,0.100000,0.287277,0.000000,0.000000,0.000000
3,6,26,200,200,0.150000,0.200000,0.000000,0.700000,0.000000,0.000000,0.100000,0.520000,0.100000,1.000000,0.100000,0.287580,0.000000,0.000000,0.000000
3,6,25,200,200,0.150000,0.200000,0.000000,0.700000,0.000000,0.000000,0.100000,0.500000,0.100000,1.000000,0.100000,0.288918,0.000000,0.000000,0.000000
3,6,27,200,200,0.150000,0.200000,0.000000,0.700000,0.000000,0.000000,0.100000,0.540000,0.100000,1.000000,0.100000,0.288782,0.000000,0.000000,0.000000
3,6,28,200,200,0.150000,0.200000,0.000000,0.700000,0.000000,0.000000,0.100000,0.560000,0.100000,1.000000,0.100000,0.290594,0.000000,0.000000,0.000000
3,6,31,200,200,0.150000,0.200000,0.000000,0.700000,0.000000,0.000000,0.100000,0.620000,0.100000,1.000000,0.100000,0.276669,0.000000,0.000000,0.000000
3,6,30,200,200,0.150000,0.200000,0.000000,0.700000,0.000000,0.000000,0.100000,0.600000,0.100000,1.000000,0.100000,0.291655,0.000000,0.000000,0.000000
3,6,32,200,200,0.150000,0.200000,0.000000,0.700000,0.000000,0.000000,0.100000,0.640000,0.100000,1.000000,0.100000,0.290068,0.000000,0.000000,0.000000
3,6,33,200,200,0.150000,0.200000,0.000000,0.700000,0.000000,0.000000,0.100000,0.660000,0.100000,1.000000,0.100000,0.288921,0.000000,0.000000,0.000000
3,6,34,200,200,0.150000,0.200000,0.000000,0.700000,0.000000,0.000000,0.100000,0.680000,0.100000,1.000000,0.100000,0.287344,0.000000,0.000000,0.000000
3,6,35,200,200,0.150000,0.200000,0.000000,0.700000,0.000000,0.000000,0.100000,0.700000,0.100000,1.000000,0.100000,0.360112,0.000000,0.000000,0.000000
3,6,41,200,200,0.150000,0.200000,0.000000,0.700000,0.000000,0.000000,0.100000,0.820000,0.100000,1.000000,0.100000,0.290583,0.000000,0.000000,0.000000
3,6,45,200,200,0.150000,0.200000,0.000000,0.700000,0.000000,0.000000,0.100000,0.900000,0.100000,1.000000,0.100000,0.289294,0.000000,0.000000,0.000000
3,6,37,200,200,0.150000,0.200000,0.000000,0.700000,0.000000,0.000000,0.100000,0.740000,0.100000,1.000000,0.100000,0.285419,0.000000,1.000000,0.000000
3,6,36,200,200,0.150000,0.200000,0.000000,0.700000,0.000000,0.000000,0.100000,0.720000,0.100000,1.000000,0.100000,0.298519,0.000000,0.000000,0.000000
3,6,39,200,200,0.150000,0.200000,0.000000,0.700000,0.000000,0.000000,0.100000,0.780000,0.100000,1.000000,0.100000,0.288341,0.000000,0.000000,0.000000
3,6,48,200,200,0.150000,0.200000,0.000000,0.700000,0.000000,0.000000,0.100000,0.960000,0.100000,1.000000,0.100000,0.288525,0.000000,0.000000,0.000000
3,6,40,200,200,0.150000,0.200000,0.000000,0.700000,0.000000,0.000000,0.100000,0.800000,0.100000,1.000000,0.100000,0.283746,0.000000,0.000000,0.000000
3,7,0,200,200,0.150000,0.200000,0.000000,0.700000,0.000000,0.000000,0.100000,0.000000,0.100000,1.000000,0.100000,0.382925,0.000000,200.000000,200.000000
3,6,38,200,200,0.150000,0.200000,0.000000,0.700000,0.000000,0.000000,0.100000,0.760000,0.100000,1.000000,0.100000,0.292114,0.000000,0.000000,0.000000
3,6,50,200,200,0.150000,0.200000,0.000000,0.700000,0.000000,0.000000,0.100000,1.000000,0.100000,1.000000,0.100000,0.286504,0.000000,0.000000,0.000000
3,7,2,200,200,0.150000,0.200000,0.000000,0.700000,0.000000,0.000000,0.100000,0.040000,0.100000,1.000000,0.100000,0.293593,0.000000,0.000000,0.000000
3,6,43,200,200,0.150000,0.200000,0.000000,0.700000,0.000000,0.000000,0.100000,0.860000,0.100000,1.000000,0.100000,0.295118,0.000000,0.000000,0.000000
3,6,44,200,200,0.150000,0.200000,0.000000,0.700000,0.000000,0.000000,0.100000,0.880000,0.100000,1.000000,0.100000,0.291562,0.000000,0.000000,0.000000
3,7,1,200,200,0.150000,0.200000,0.000000,0.700000,0.000000,0.000000,0.100000,0.020000,0.100000,1.000000,0.100000,0.286658,0.000000,0.000000,0.000000
3,6,42,200,200,0.150000,0.200000,0.000000,0.700000,0.000000,0.000000,0.100000,0.840000,0.100000,1.000000,0.100000,0.373254,0.000000,0.000000,0.000000
3,7,5,200,200,0.150000,0.200000,0.000000,0.700000,0.000000,0.000000,0.100000,0.100000,0.100000,1.000000,0.100000,0.290961,0.000000,0.000000,0.000000
3,7,4,200,200,0.150000,0.200000,0.000000,0.700000,0.000000,0.000000,0.100000,0.080000,0.100000,1.000000,0.100000,0.291262,0.000000,0.000000,0.000000
3,7,6,200,200,0.150000,0.200000,0.000000,0.700000,0.000000,0.000000,0.100000,0.120000,0.100000,1.000000,0.100000,0.288355,0.000000,0.000000,0.000000
3,6,46,200,200,0.150000,0.200000,0.000000,0.700000,0.000000,0.000000,0.100000,0.920000,0.100000,1.000000,0.100000,0.290342,0.000000,0.000000,0.000000
3,7,3,200,200,0.150000,0.200000,0.000000,0.700000,0.000000,0.000000,0.100000,0.060000,0.100000,1.000000,0.100000,0.287950,0.000000,0.000000,0.000000
3,6,49,200,200,0.150000,0.200000,0.000000,0.700000,0.000000,0.000000,0.100000,0.980000,0.100000,1.000000,0.100000,0.290552,0.000000,0.000000,0.000000
3,6,47,200,200,0.150000,0.200000,0.000000,0.700000,0.000000,0.000000,0.100000,0.940000,0.100000,1.000000,0.100000,0.290078,0.000000,0.000000,0.000000
3,7,14,200,200,0.150000,0.200000,0.000000,0.700000,0.000000,0.000000,0.100000,0.280000,0.100000,1.000000,0.100000,0.296719,0.000000,1.000000,0.000000
3,7,13,200,200,0.150000,0.200000,0.000000,0.700000,0.000000,0.000000,0.100000,0.260000,0.100000,1.000000,0.100000,0.293678,0.000000,0.000000,0.000000
3,7,7,200,200,0.150000,0.200000,0.000000,0.700000,0.000000,0.000000,0.100000,0.140000,0.100000,1.000000,0.100000,0.291685,0.000000,0.000000,0.000000
3,7,8,200,200,0.150000,0.200000,0.000000,0.700000,0.000000,0.000000,0.100000,0.160000,0.100000,1.000000,0.100000,0.284330,0.000000,0.000000,0.000000
3,7,11,200,200,0.150000,0.200000,0.000000,0.700000,0.000000,0.000000,0.100000,0.220000,0.100000,1.000000,0.100000,0.290699,0.000000,0.000000,0.000000
3,7,18,200,200,0.150000,0.200000,0.000000,0.700000,0.000000,0.000000,0.100000,0.360000,0.100000,1.000000,0.100000,0.287551,0.000000,0.000000,0.000000
3,7,10,200,200,0.150000,0.200000,0.000000,0.700000,0.000000,0.000000,0.100000,0.200000,0.100000,1.000000,0.100000,0.289106,0.000000,0.000000,0.000000
3,7,9,200,200,0.150000,0.200000,0.000000,0.700000,0.000000,0.000000,0.100000,0.180000,0.100000,1.000000,0.100000,0.285705,0.000000,0.000000,0.000000
3,7,15,200,200,0.150000,0.200000,0.000000,0.700000,0.000000,0.000000,0.100000,0.300000,0.100000,1.000000,0.100000,0.292152,0.000000,1.000000,0.000000
3,7,12,200,200,0.150000,0.200000,0.000000,0.700000,0.000000,0.000000,0.100000,0.240000,0.100000,1.000000,0.100000,0.290730,0.000000,0.000000,0.000000
3,7,21,200,200,0.150000,0.200000,0.000000,0.700000,0.000000,0.000000,0.100000,0.420000,0.100000,1.000000,0.100000,0.290739,0.000000,0.000000,0.000000
3,7,20,200,200,0.150000,0.200000,0.000000,0.700000,0.000000,0.000000,0.100000,0.400000,0.100000,1.000000,0.100000,0.284993,0.000000,0.000000,0.000000
3,7,22,200,200,0.150000,0.200000,0.000000,0.700000,0.000000,0.000000,0.100000,0.440000,0.100000,1.000000,0.100000,0.294383,0.000000,0.000000,0.000000
3,7,17,200,200,0.150000,0.200000,0.000000,0.700000,0.000000,0.000000,0.100000,0.340000,0.100000,1.000000,0.100000,0.285726,0.000000,0.000000,0.000000
3,7,24,200,200,0.150000,0.200000,0.000000,0.700000,0.000000,0.000000,0.100000,0.480000,0.100000,1.000000,0.100000,0.290758,0.000000,0.000000,0.000000
3,7,23,200,200,0.150000,0.200000,0.000000,0.700000,0.000000,0.000000,0.100000,0.460000,0.100000,1.000000,0.100000,0.287303,0.000000,0.000000,0.000000
3,7,19,200,200,0.150000,0.200000,0.000000,0.700000,0.000000,0.000000,0.100000,0.380000,0.100000,1.000000,0.100000,0.288929,0.000000,0.000000,0.000000
3,7,25,200,200,0.150000,0.200000,0.000000,0.700000,0.000000,0.000000,0.100000,0.500000,0.100000,1.000000,0.100000,0.289944,0.000000,0.000000,0.000000
3,7,16,200,200,0.150000,0.200000,0.000000,0.700000,0.000000,0.000000,0.100000,0.320000,0.100000,1.000000,0.100000,0.287240,0.000000,1.000000,0.000000
3,7,26,200,200,0.150000,0.200000,0.000000,0.700000,0.000000,0.000000,0.100000,0.520000,0.100000,1.000000,0.100000,0.289801,0.000000,0.000000,0.000000
3,7,28,200,200,0.150000,0.200000,0.000000,0.700000,0.000000,0.000000,0.100000,0.560000,0.100000,1.000000,0.100000,0.287458,0.000000,0.000000,0.000000
3,7,27,200,200,0.150000,0.200000,0.000000,0.700000,0.000000,0.000000,0.100000,0.540000,0.100000,1.000000,0.100000,0.292712,0.000000,0.000000,0.000000
3,7,29,200,200,0.150000,0.200000,0.000000,0.700000,0.000000,0.000000,0.100000,0.580000,0.100000,1.000000,0.100000,0.289163,0.000000,0.000000,0.000000
3,7,30,200,200,0.150000,0.200000,0.000000,0.700000,0.000000,0.000000,0.100000,0.600000,0.100000,1.000000,0.100000,0.291415,0.000000,1.000000,0.000000
3,7,34,200,200,0.150000,0.200000,0.000000,0.700000,0.000000,0.000000,0.100000,0.680000,0.100000,1.000000,0.100000,0.284643,0.000000,0.000000,0.000000
3,7,31,200,200,0.150000,0.200000,0.000000,0.700000,0.000000,0.000000,0.100000,0.620000,0.100000,1.000000,0.100000,0.287134,0.000000,1.000000,0.000000
3,7,32,200,200,0.150000,0.200000,0.000000,0.700000,0.000000,0.000000,0.100000,0.640000,0.100000,1.000000,0.100000,0.289742,0.000000,0.000000,0.000000
3,7,33,200,200,0.150000,0.200000,0.000000,0.700000,0.000000,0.000000,0.100000,0.660000,0.100000,1.000000,0.100000,0.297372,0.000000,0.000000,0.000000
3,7,38,200,200,0.150000,0.200000,0.000000,0.700000,0.000000,0.000000,0.100000,0.760000,0.100000,1.000000,0.100000,0.288722,0.000000,0.000000,0.000000
3,7,43,200,200,0.150000,0.200000,0.000000,0.700000,0.000000,0.000000,0.100000,0.860000,0.100000,1.000000,0.100000,0.291203,0.000000,0.000000,0.000000
3,8,0,200,200,0.150000,0.200000,0.000000,0.700000,0.000000,0.000000,0.100000,0.000000,0.100000,1.000000,0.100000,0.382925,0.000000,200.000000,200.000000
3,7,50,200,200,0.150000,0.200000,0.000000,0.700000,0.000000,0.000000,0.100000,1.000000,0.100000,1.000000,0.100000,0.285171,0.000000,0.000000,0.000000
3,7,35,200,200,0.150000,0.200000,0.000000,0.700000,0.000000,0.000000,0.100000,0.700000,0.100000,1.000000,0.100000,0.288114,0.000000,0.000000,0.000000
3,7,49,200,200,0.150000,0.200000,0.000000,0.700000,0.000000,0.000000,0.100000,0.980000,0.100000,1.000000,0.100000,0.287195,0.000000,0.000000,0.000000
3,7,39,200,200,0.150000,0.200000,0.000000,0.700000,0.000000,0.000000,0.100000,0.780000,0.100000,1.000000,0.100000,0.291654,0.000000,0.000000,0.000000
3,7,36,200,200,0.150000,0.200000,0.000000,0.700000,0.000000,0.000000,0.100000,0.720000,0.100000,1.000000,0.100000,0.290829,0.000000,0.000000,0.000000
3,7,40,200,200,0.150000,0.200000,0.000000,0.700000,0.000000,0.000000,0.100000,0.800000,0.100000,1.000000,0.100000,0.289421,0.000000,0.000000,0.000000
3,8,2,200,200,0.150000,0.200000,0.000000,0.700000,0.000000,0.000000,0.100000,0.040000,0.100000,1.000000,0.100000,0.291243,0.000000,0.000000,0.000000
3,7,37,200,200,0.150000,0.200000,0.000000,0.700000,0.000000,0.000000,0.100000,0.740000,0.100000,1.000000,0.100000,0.287593,0.000000,0.000000,0.000000
3,7,42,200,200,0.150000,0.200000,0.000000,0.700000,0.000000,0.000000,0.100000,0.840000,0.100000,1.000000,0.100000,0.291932,0.000000,0.000000,0.000000
3,7,41,200,200,0.150000,0.200000,0.000000,0.700000,0.000000,0.000000,0.100000,0.820000,0.100000,1.000000,0.100000,0.289758,0.000000,0.000000,0.000000
3,8,5,200,200,0.150000,0.200000,0.000000,0.700000,0.000000,0.000000,0.100000,0.100000,0.100000,1.000000,0.100000,0.289903,0.000000,0.000000,0.000000
3,7,44,200,200,0.150000,0.200000,0.000000,0.700000,0.000000,0.000000,0.100000,0.880000,0.100000,1.000000,0.100000,0.282037,0.000000,0.000000,0.000000
3,7,46,200,200,0.150000,0.200000,0.000000,0.700000,0.000000,0.000000,0.100000,0.920000,0.100000,1.000000,0.100000,0.287108,0.000000,0.000000,0.000000
3,7,47,200,200,0.150000,0.200000,0.000000,0.700000,0.000000,0.000000,0.100000,0.940000,0.100000,1.000000,0.100000,0.292931,0.000000,0.000000,0.000000
3,7,48,200,200,0.150000,0.200000,0.000000,0.700000,0.000000,0.000000,0.100000,0.960000,0.100000,1.000000,0.100000,0.289361,0.000000,0.000000,0.000000
3,7,45,200,200,0.150000,0.200000,0.000000,0.700000,0.000000,0.000000,0.100000,0.900000,0.100000,1.000000,0.100000,0.287706,0.000000,0.000000,0.000000
3,8,1,200,200,0.150000,0.200000,0.000000,0.700000,0.000000,0.000000,0.100000,0.020000,0.100000,1.000000,0.100000,0.291400,0.000000,0.000000,0.000000
3,8,10,200,200,0.150000,0.200000,0.000000,0.700000,0.000000,0.000000,0.100000,0.200000,0.100000,1.000000,0.100000,0.292131,0.000000,0.000000,0.000000
3,8,15,200,200,0.150000,0.200000,0.000000,0.700000,0.000000,0.000000,0.100000,0.300000,0.100000,1.000000,0.100000,0.290759,0.000000,0.000000,0.000000
3,8,7,200,200,0.150000,0.200000,0.000000,0.700000,0.000000,0.000000,0.100000,0.140000,0.100000,1.000000,0.100000,0.294405,0.000000,0.000000,0.000000
3,8,18,200,200,0.150000,0.200000,0.000000,0.700000,0.000000,0.000000,0.100000,0.360000,0.100000,1.000000,0.100000,0.289258,0.000000,0.000000,0.000000
3,8,9,200,200,0.150000,0.200000,0.000000,0.700000,0.000000,0.000000,0.100000,0.180000,0.100000,1.000000,0.100000,0.290609,0.000000,0.000000,0.000000
3,8,13,200,200,0.150000,0.200000,0.000000,0.700000,0.000000,0.000000,0.100000,0.260000,0.100000,1.000000,0.100000,0.290708,0.000000,0.000000,0.000000
3,8,4,200,200,0.150000,0.200000,0.000000,0.700000,0.000000,0.000000,0.100000,0.080000,0.100000,1.000000,0.100000,0.292898,0.000000,0.000000,0.000000
3,8,14,200,200,0.150000,0.200000,0.000000,0.700000,0.000000,0.000000,0.100000,0.280000,0.100000,1.000000,0.100000,0.289433,0.000000,0.000000,0.000000
3,8,3,200,200,0.150000,0.200000,0.000000,0.700000,0.000000,0.000000,0.100000,0.060000,0.100000,1.000000,0.100000,0.290678,0.000000,0.000000,0.000000
3,8,21,200,200,0.150000,0.200000,0.000000,0.700000,0.000000,0.000000,0.100000,0.420000,0.100000,1.000000,0.100000,0.286218,0.000000,0.000000,0.000000
3,8,20,200,200,0.150000,0.200000,0.000000,0.700000,0.000000,0.000000,0.100000,0.400000,0.100000,1.000000,0.100000,0.287139,0.000000,0.000000,0.000000
3,8,22,200,200,0.150000,0.200000,0.000000,0.700000,0.000000,0.000000,0.100000,0.440000,0.100000,1.000000,0.100000,0.294268,0.000000,0.000000,0.000000
3,8,8,200,200,0.150000,0.200000,0.000000,0.700000,0.000000,0.000000,0.100000,0.160000,0.100000,1.000000,0.100000,0.292030,0.000000,0.000000,0.000000
3,8,6,200,200,0.150000,0.200000,0.000000,0.700000,0.000000,0.000000,0.100000,0.120000,0.100000,1.000000,0.100000,0.291007,0.000000,0.000000,0.000000
3,8,17,200,200,0.150000,0.200000,0.000000,0.700000,0.000000,0.000000,0.100000,0.340000,0.100000,1.000000,0.100000,0.289044,0.000000,0.000000,0.000000
3,8,12,200,200,0.150000,0.200000,0.000000,0.700000,0.000000,0.000000,0.100000,0.240000,0.100000,1.000000,0.100000,0.289715,0.000000,0.000000,0.000000
3,8,11,200,200,0.150000,0.200000,0.000000,0.700000,0.000000,0.000000,0.100000,0.220000,0.100000,1.000000,0.100000,0.292400,0.000000,0.000000,0.000000
3,8,16,200,200,0.150000,0.200000,0.000000,0.700000,0.000000,0.000000,0.100000,0.320000,0.100000,1.000000,0.100000,0.414330,0.000000,0.000000,0.000000
3,8,23,200,200,0.150000,0.200000,0.000000,0.700000,0.000000,0.000000,0.100000,0.460000,0.100000,1.000000,0.100000,0.288417,0.000000,0.000000,0.000000
3,8,19,200,200,0.150000,0.200000,0.000000,0.700000,0.000000,0.000000,0.100000,0.380000,0.100000,1.000000,0.100000,0.290098,0.000000,0.000000,0.000000
3,8,24,200,200,0.150000,0.200000,0.000000,0.700000,0.000000,0.000000,0.100000,0.480000,0.100000,1.000000,0.100000,0.289197,0.000000,0.000000,0.000000
3,8,25,200,200,0.150000,0.200000,0.000000,0.700000,0.000000,0.000000,0.100000,0.500000,0.100000,1.000000,0.100000,0.289287,0.000000,1.000000,0.000000
3,8,26,200,200,0.150000,0.200000,0.000000,0.700000,0.000000,0.000000,0.100000,0.520000,0.100000,1.000000,0.100000,0.289966,0.000000,0.000000,0.000000
3,8,31,200,200,0.150000,0.200000,0.000000,0.700000,0.000000,0.000000,0.100000,0.620000,0.100000,1.000000,0.100000,0.323510,0.000000,0.000000,0.000000
3,8,29,200,200,0.150000,0.200000,0.000000,0.700000,0.000000,0.000000,0.100000,0.580000,0.100000,1.000000,0.100000,0.282206,0.000000,0.000000,0.000000
3,8,28,200,200,0.150000,0.200000,0.000000,0.700000,0.000000,0.000000,0.100000,0.560000,0.100000,1.000000,0.100000,0.290127,0.000000,0.000000,0.000000
3,8,27,200,200,0.150000,0.200000,0.000000,0.700000,0.000000,0.000000,0.100000,0.540000,0.100000,1.000000,0.100000,0.290489,0.000000,0.000000,0.000000
3,8,33,200,200,0.150000,0.200000,0.000000,0.700000,0.000000,0.000000,0.100000,0.660000,0.100000,1.000000,0.100000,0.289988,0.000000,0.000000,0.000000
3,8,30,200,200,0.150000,0.200000,0.000000,0.700000,0.000000,0.000000,0.100000,0.600000,0.100000,1.000000,0.100000,0.289542,0.000000,0.000000,0.000000
3,8,37,200,200,0.150000,0.200000,0.000000,0.700000,0.000000,0.000000,0.100000,0.740000,0.100000,1.000000,0.100000,0.292147,0.000000,0.000000,0.000000
3,8,32,200,200,0.150000,0.200000,0.000000,0.700000,0.000000,0.000000,0.100000,0.640000,0.100000,1.000000,0.100000,0.289357,0.000000,0.000000,0.000000
3,8,41,200,200,0.150000,0.200000,0.000000,0.700000,0.000000,0.000000,0.100000,0.820000,0.100000,1.000000,0.100000,0.280028,0.000000,0.000000,0.000000
3,8,36,200,200,0.150000,0.200000,0.000000,0.700000,0.000000,0.000000,0.100000,0.720000,0.100000,1.000000,0.100000,0.286244,0.000000,0.000000,0.000000
3,8,34,200,200,0.150000,0.200000,0.000000,0.700000,0.000000,0.000000,0.100000,0.680000,0.100000,1.000000,0.100000,0.288168,0.000000,0.000000,0.000000
3,8,38,200,200,0.150000,0.200000,0.000000,0.700000,0.000000,0.000000,0.100000,0.760000,0.100000,1.000000,0.100000,0.285455,0.000000,0.000000,0.000000
3,8,45,200,200,0.150000,0.200000,0.000000,0.700000,0.000000,0.000000,0.100000,0.900000,0.100000,1.000000,0.100000,0.290414,0.000000,0.000000,0.000000
3,8,50,200,200,0.150000,0.200000,0.000000,0.700000,0.000000,0.000000,0.100000,1.000000,0.100000,1.000000,0.100000,0.291340,0.000000,0.000000,0.000000
3,8,35,200,200,0.150000,0.200000,0.000000,0.700000,0.000000,0.000000,0.100000,0.700000,0.100000,1.000000,0.100000,0.288695,0.000000,0.000000,0.000000
3,9,0,200,200,0.150000,0.200000,0.000000,0.700000,0.000000,0.000000,0.100000,0.000000,0.100000,1.000000,0.100000,0.382925,0.000000,200.000000,200.000000
3,8,40,200,200,0.150000,0.200000,0.000000,0.700000,0.000000,0.000000,0.100000,0.800000,0.100000,1.000000,0.100000,0.286175,0.000000,0.000000,0.000000
3,8,42,200,200,0.150000,0.200000,0.000000,0.700000,0.000000,0.000000,0.100000,0.840000,0.100000,1.000000,0.100000,0.291122,0.000000,0.000000,0.000000
3,8,39,200,200,0.150000,0.200000,0.000000,0.700000,0.000000,0.000000,0.100000,0.780000,0.100000,1.000000,0.100000,0.293952,0.000000,0.000000,0.000000
3,8,44,200,200,0.150000,0.200000,0.000000,0.700000,0.000000,0.000000,0.100000,0.880000,0.100000,1.000000,0.100000,0.289790,0.000000,0.000000,0.000000
3,8,46,200,200,0.150000,0.200000,0.000000,0.700000,0.000000,0.000000,0.100000,0.920000,0.100000,1.000000,0.100000,0.285146,0.000000,0.000000,0.000000
3,9,6,200,200,0.150000,0.200000,0.000000,0.700000,0.000000,0.000000,0.100000,0.120000,0.100000,1.000000,0.100000,0.291577,0.000000,2.000000,0.000000
3,8,47,200,200,0.150000,0.200000,0.000000,0.700000,0.000000,0.000000,0.100000,0.940000,0.100000,1.000000,0.100000,0.287690,0.000000,0.000000,0.000000
3,9,5,200,200,0.150000,0.200000,0.000000,0.700000,0.000000,0.000000,0.100000,0.100000,0.100000,1.000000,0.100000,0.289259,0.000000,0.000000,0.000000
3,8,48,200,200,0.150000,0.200000,0.000000,0.700000,0.000000,0.000000,0.100000,0.960000,0.100000,1.000000,0.100000,0.285263,0.000000,0.000000,0.000000
3,8,43,200,200,0.150000,0.200000,0.000000,0.700000,0.000000,0.000000,0.100000,0.860000,0.100000,1.000000,0.100000,0.287342,0.000000,0.000000,0.000000
3,9,3,200,200,0.150000,0.200000,0.000000,0.700000,0.000000,0.000000,0.100000,0.060000,0.100000,1.000000,0.100000,0.290421,0.000000,0.000000,0.000000
3,9,9,200,200,0.150000,0.200000,0.000000,0.700000,0.000000,0.000000,0.100000,0.180000,0.100000,1.000000,0.100000,0.292413,0.000000,0.000000,0.000000
3,9,1,200,200,0.150000,0.200000,0.000000,0.700000,0.000000,0.000000,0.100000,0.020000,0.100000,1.000000,0.100000,0.291796,0.000000,0.000000,0.000000
3,8,49,200,200,0.150000,0.200000,0.000000,0.700000,0.000000,0.000000,0.100000,0.980000,0.100000,1.000000,0.100000,0.289045,0.000000,0.000000,0.000000
3,9,13,200,200,0.150000,0.200000,0.000000,0.700000,0.000000,0.000000,0.100000,0.260000,0.100000,1.000000,0.100000,0.283098,0.000000,0.000000,0.000000
3,9,14,200,200,0.150000,0.200000,0.000000,0.700000,0.000000,0.000000,0.100000,0.280000,0.100000,1.000000,0.100000,0.288119,0.000000,0.000000,0.000000
3,9,12,200,200,0.150000,0.200000,0.000000,0.700000,0.000000,0.000000,0.100000,0.240000,0.100000,1.000000,0.100000,0.287150,0.000000,0.000000,0.000000
3,9,2,200,200,0.150000,0.200000,0.000000,0.700000,0.000000,0.000000,0.100000,0.040000,0.100000,1.000000,0.100000,0.286765,0.000000,0.000000,0.000000
3,9,19,200,200,0.150000,0.200000,0.000000,0.700000,0.000000,0.000000,0.100000,0.380000,0.100000,1.000000,0.100000,0.294016,0.000000,0.000000,0.000000
3,9,7,200,200,0.150000,0.200000,0.000000,0.700000,0.000000,0.000000,0.100000,0.140000,0.100000,1.000000,0.100000,0.289396,0.000000,0.000000,0.000000
3,9,8,200,200,0.150000,0.200000,0.000000,0.700000,0.000000,0.000000,0.100000,0.160000,0.100000,1.000000,0.100000,0.292018,0.000000,0.000000,0.000000
3,9,4,200,200,0.150000,0.200000,0.000000,0.700000,0.000000,0.000000,0.100000,0.080000,0.100000,1.000000,0.100000,0.289539,0.000000,0.000000,0.000000
3,9,10,200,200,0.150000,0.200000,0.000000,0.700000,0.000000,0.000000,0.100000,0.200000,0.100000,1.000000,0.100000,0.290989,0.000000,0.000000,0.000000
3,9,11,200,200,0.150000,0.200000,0.000000,0.700000,0.000000,0.000000,0.100000,0.220000,0.100000,1.000000,0.100000,0.359385,0.000000,0.000000,0.000000
3,9,16,200,200,0.150000,0.200000,0.000000,0.700000,0.000000,0.000000,0.100000,0.320000,0.100000,1.000000,0.100000,0.290628,0.000000,0.000000,0.000000
3,9,15,200,200,0.150000,0.200000,0.000000,0.700000,0.000000,0.000000,0.100000,0.300000,0.100000,1.000000,0.100000,0.288964,0.000000,0.000000,0.000000
3,9,17,200,200,0.150000,0.200000,0.000000,0.700000,0.000000,0.000000,0.100000,0.340000,0.100000,1.000000,0.100000,0.282748,0.000000,0.000000,0.000000
3,9,18,200,200,0.150000,0.200000,0.000000,0.700000,0.000000,0.000000,0.100000,0.360000,0.100000,1.000000,0.100000,0.289021,0.000000,0.000000,0.000000
3,9,20,200,200,0.150000,0.200000,0.000000,0.700000,0.000000,0.000000,0.100000,0.400000,0.100000,1.000000,0.100000,0.289930,0.000000,0.000000,0.000000
3,9,21,200,200,0.150000,0.200000,0.000000,0.700000,0.000000,0.000000,0.100000,0.420000,0.100000,1.000000,0.100000,0.286032,0.000000,0.000000,0.000000
3,9,22,200,200,0.150000,0.200000,0.000000,0.700000,0.000000,0.000000,0.100000,0.440000,0.100000,1.000000,0.100000,0.297785,0.000000,0.000000,0.000000
3,9,23,200,200,0.150000,0.200000,0.000000,0.700000,0.000000,0.000000,0.100000,0.460000,0.100000,1.000000,0.100000,0.285456,0.000000,0.000000,0.000000
3,9,25,200,200,0.150000,0.200000,0.000000,0.700000,0.000000,0.000000,0.100000,0.500000,0.100000,1.000000,0.100000,0.292007,0.000000,0.000000,0.000000
3,9,24,200,200,0.150000,0.200000,0.000000,0.700000,0.000000,0.000000,0.100000,0.480000,0.100000,1.000000,0.100000,0.300150,0.000000,0.000000,0.000000
3,9,26,200,200,0.150000,0.200000,0.000000,0.700000,0.000000,0.000000,0.100000,0.520000,0.100000,1.000000,0.100000,0.291106,0.000000,0.000000,0.000000
3,9,30,200,200,0.150000,0.200000,0.000000,0.700000,0.000000,0.000000,0.100000,0.600000,0.100000,1.000000,0.100000,0.288429,0.000000,0.000000,0.000000
3,9,27,200,200,0.150000,0.200000,0.000000,0.700000,0.000000,0.000000,0.100000,0.540000,0.100000,1.000000,0.100000,0.341231,0.000000,0.000000,0.000000
3,9,33,200,200,0.150000,0.200000,0.000000,0.700000,0.000000,0.000000,0.100000,0.660000,0.100000,1.000000,0.100000,0.289215,0.000000,0.000000,0.000000
3,9,28,200,200,0.150000,0.200000,0.000000,0.700000,0.000000,0.000000,0.100000,0.560000,0.100000,1.000000,0.100000,0.288596,0.000000,1.000000,0.000000
3,9,40,200,200,0.150000,0.200000,0.000000,0.700000,0.000000,0.000000,0.100000,0.800000,0.100000,1.000000,0.100000,0.290197,0.000000,2.000000,0.000000
3,9,32,200,200,0.150000,0.200000,0.000000,0.700000,0.000000,0.000000,0.100000,0.640000,0.100000,1.000000,0.100000,0.290062,0.000000,0.000000,0.000000
3,9,29,200,200,0.150000,0.200000,0.000000,0.700000,0.000000,0.000000,0.100000,0.580000,0.100000,1.000000,0.100000,0.293666,0.000000,0.000000,0.000000
3,9,38,200,200,0.150000,0.200000,0.000000,0.700000,0.000000,0.000000,0.100000,0.760000,0.100000,1.000000,0.100000,0.286709,0.000000,0.000000,0.000000
3,9,31,200,200,0.150000,0.200000,0.000000,0.700000,0.000000,0.000000,0.100000,0.620000,0.100000,1.000000,0.100000,0.289183,0.000000,0.000000,0.000000
3,9,34,200,200,0.150000,0.200000,0.000000,0.700000,0.000000,0.000000,0.100000,0.680000,0.100000,1.000000,0.100000,0.289133,0.000000,0.000000,0.000000
3,9,35,200,200,0.150000,0.200000,0.000000,0.700000,0.000000,0.000000,0.100000,0.700000,0.100000,1.000000,0.100000,0.290291,0.000000,0.000000,0.000000
3,9,36,200,200,0.150000,0.200000,0.000000,0.700000,0.000000,0.000000,0.100000,0.720000,0.100000,1.000000,0.100000,0.286070,0.000000,0.000000,0.000000
3,9,44,200,200,0.150000,0.200000,0.000000,0.700000,0.000000,0.000000,0.100000,0.880000,0.100000,1.000000,0.100000,0.289855,0.000000,2.000000,0.000000
3,9,45,200,200,0.150000,0.200000,0.000000,0.700000,0.000000,0.000000,0.100000,0.900000,0.100000,1.000000,0.100000,0.283629,0.000000,3.000000,0.000000
3,9,41,200,200,0.150000,0.200000,0.000000,0.700000,0.000000,0.000000,0.100000,0.820000,0.100000,1.000000,0.100000,0.287408,0.000000,2.000000,0.000000
3,9,48,200,200,0.150000,0.200000,0.000000,0.700000,0.000000,0.000000,0.100000,0.960000,0.100000,1.000000,0.100000,0.283903,0.000000,1.000000,0.000000
3,9,37,200,200,0.150000,0.200000,0.000000,0.700000,0.000000,0.000000,0.100000,0.740000,0.100000,1.000000,0.100000,0.286014,0.000000,0.000000,0.000000
3,9,39,200,200,0.150000,0.200000,0.000000,0.700000,0.000000,0.000000,0.100000,0.780000,0.100000,1.000000,0.100000,0.291767,0.000000,2.000000,0.000000
3,9,42,200,200,0.150000,0.200000,0.000000,0.700000,0.000000,0.000000,0.100000,0.840000,0.100000,1.000000,0.100000,0.285204,0.000000,2.000000,0.000000
3,9,47,200,200,0.150000,0.200000,0.000000,0.700000,0.000000,0.000000,0.100000,0.940000,0.100000,1.000000,0.100000,0.287360,0.000000,4.000000,0.000000
3,9,46,200,200,0.150000,0.200000,0.000000,0.700000,0.000000,0.000000,0.100000,0.920000,0.100000,1.000000,0.100000,0.286140,0.000000,4.000000,0.000000
3,9,50,200,200,0.150000,0.200000,0.000000,0.700000,0.000000,0.000000,0.100000,1.000000,0.100000,1.000000,0.100000,0.288407,0.000000,0.000000,0.000000
3,9,43,200,200,0.150000,0.200000,0.000000,0.700000,0.000000,0.000000,0.100000,0.860000,0.100000,1.000000,0.100000,0.291029,0.000000,4.000000,0.000000
3,9,49,200,200,0.150000,0.200000,0.000000,0.700000,0.000000,0.000000,0.100000,0.980000,0.100000,1.000000,0.100000,0.290434,0.000000,4.000000,0.000000
