3,0,9,100,0.800000,0.800000,0.000000,0.700000,2.000000,0.100000,0.180000,0.100000,0.100000,0.302763,0.000000
3,0,2,100,0.800000,0.800000,0.000000,0.700000,2.000000,0.100000,0.040000,0.100000,0.100000,0.295668,0.000000
3,0,4,100,0.800000,0.800000,0.000000,0.700000,2.000000,0.100000,0.080000,0.100000,0.100000,0.291481,0.000000
3,0,8,100,0.800000,0.800000,0.000000,0.700000,2.000000,0.100000,0.160000,0.100000,0.100000,0.296115,0.000000
3,0,3,100,0.800000,0.800000,0.000000,0.700000,2.000000,0.100000,0.060000,0.100000,0.100000,0.294740,0.000000
3,0,25,100,0.800000,0.800000,0.000000,0.700000,2.000000,0.100000,0.500000,0.100000,0.100000,0.285666,0.000000
3,0,0,100,0.800000,0.800000,0.000000,0.700000,2.000000,0.100000,0.000000,0.100000,0.100000,nan,0.000000
3,0,10,100,0.800000,0.800000,0.000000,0.700000,2.000000,0.100000,0.200000,0.100000,0.100000,0.300088,0.000000
3,0,18,100,0.800000,0.800000,0.000000,0.700000,2.000000,0.100000,0.360000,0.100000,0.100000,0.294963,0.000000
3,0,19,100,0.800000,0.800000,0.000000,0.700000,2.000000,0.100000,0.380000,0.100000,0.100000,0.301995,0.000000
3,0,6,100,0.800000,0.800000,0.000000,0.700000,2.000000,0.100000,0.120000,0.100000,0.100000,0.289319,0.000000
3,0,12,100,0.800000,0.800000,0.000000,0.700000,2.000000,0.100000,0.240000,0.100000,0.100000,0.297779,0.000000
3,0,15,100,0.800000,0.800000,0.000000,0.700000,2.000000,0.100000,0.300000,0.100000,0.100000,0.307059,0.000000
3,0,21,100,0.800000,0.800000,0.000000,0.700000,2.000000,0.100000,0.420000,0.100000,0.100000,0.293846,0.000000
3,0,17,100,0.800000,0.800000,0.000000,0.700000,2.000000,0.100000,0.340000,0.100000,0.100000,0.294605,0.000000
3,0,13,100,0.800000,0.800000,0.000000,0.700000,2.000000,0.100000,0.260000,0.100000,0.100000,0.323380,0.000000
3,0,14,100,0.800000,0.800000,0.000000,0.700000,2.000000,0.100000,0.280000,0.100000,0.100000,0.306181,0.000000
3,0,22,100,0.800000,0.800000,0.000000,0.700000,2.000000,0.100000,0.440000,0.100000,0.100000,0.305781,0.000000
3,0,28,100,0.800000,0.800000,0.000000,0.700000,2.000000,0.100000,0.560000,0.100000,0.100000,0.300798,0.000000
3,0,26,100,0.800000,0.800000,0.000000,0.700000,2.000000,0.100000,0.520000,0.100000,0.100000,0.296020,0.000000
3,0,11,100,0.800000,0.800000,0.000000,0.700000,2.000000,0.100000,0.220000,0.100000,0.100000,0.301533,0.000000
3,0,7,100,0.800000,0.800000,0.000000,0.700000,2.000000,0.100000,0.140000,0.100000,0.100000,0.293582,0.000000
3,0,5,100,0.800000,0.800000,0.000000,0.700000,2.000000,0.100000,0.100000,0.100000,0.100000,0.291524,0.000000
3,0,16,100,0.800000,0.800000,0.000000,0.700000,2.000000,0.100000,0.320000,0.100000,0.100000,0.302579,0.000000
3,0,34,100,0.800000,0.800000,0.000000,0.700000,2.000000,0.100000,0.680000,0.100000,0.100000,0.304904,0.000000
3,0,1,100,0.800000,0.800000,0.000000,0.700000,2.000000,0.100000,0.020000,0.100000,0.100000,0.294014,0.000000
3,0,20,100,0.800000,0.800000,0.000000,0.700000,2.000000,0.100000,0.400000,0.100000,0.100000,0.307454,0.000000
3,0,29,100,0.800000,0.800000,0.000000,0.700000,2.000000,0.100000,0.580000,0.100000,0.100000,0.291278,0.000000
3,0,39,100,0.800000,0.800000,0.000000,0.700000,2.000000,0.100000,0.780000,0.100000,0.100000,0.298427,0.000000
3,0,30,100,0.800000,0.800000,0.000000,0.700000,2.000000,0.100000,0.600000,0.100000,0.100000,0.298425,0.000000
3,0,24,100,0.800000,0.800000,0.000000,0.700000,2.000000,0.100000,0.480000,0.100000,0.100000,0.293922,0.000000
3,0,33,100,0.800000,0.800000,0.000000,0.700000,2.000000,0.100000,0.660000,0.100000,0.100000,0.295779,0.000000
3,0,38,100,0.800000,0.800000,0.000000,0.700000,2.000000,0.100000,0.760000,0.100000,0.100000,0.293447,0.000000
3,0,36,100,0.800000,0.800000,0.000000,0.700000,2.000000,0.100000,0.720000,0.100000,0.100000,0.294184,0.000000
3,0,32,100,0.800000,0.800000,0.000000,0.700000,2.000000,0.100000,0.640000,0.100000,0.100000,0.296488,0.000000
3,0,43,100,0.800000,0.800000,0.000000,0.700000,2.000000,0.100000,0.860000,0.100000,0.100000,0.305587,0.000000
3,0,23,100,0.800000,0.800000,0.000000,0.700000,2.000000,0.100000,0.460000,0.100000,0.100000,0.305590,0.000000
3,0,41,100,0.800000,0.800000,0.000000,0.700000,2.000000,0.100000,0.820000,0.100000,0.100000,0.300524,0.000000
3,0,42,100,0.800000,0.800000,0.000000,0.700000,2.000000,0.100000,0.840000,0.100000,0.100000,0.301392,0.000000
3,0,31,100,0.800000,0.800000,0.000000,0.700000,2.000000,0.100000,0.620000,0.100000,0.100000,0.300636,0.000000
3,0,40,100,0.800000,0.800000,0.000000,0.700000,2.000000,0.100000,0.800000,0.100000,0.100000,0.290197,0.000000
3,0,27,100,0.800000,0.800000,0.000000,0.700000,2.000000,0.100000,0.540000,0.100000,0.100000,0.300807,0.000000
3,0,44,100,0.800000,0.800000,0.000000,0.700000,2.000000,0.100000,0.880000,0.100000,0.100000,0.303333,0.000000
3,0,35,100,0.800000,0.800000,0.000000,0.700000,2.000000,0.100000,0.700000,0.100000,0.100000,0.294093,0.000000
3,0,37,100,0.800000,0.800000,0.000000,0.700000,2.000000,0.100000,0.740000,0.100000,0.100000,0.299894,0.000000
3,1,8,100,0.800000,0.800000,0.000000,0.700000,2.000000,0.100000,0.160000,0.100000,0.100000,0.298415,0.000000
3,1,0,100,0.800000,0.800000,0.000000,0.700000,2.000000,0.100000,0.000000,0.100000,0.100000,nan,0.000000
3,0,48,100,0.800000,0.800000,0.000000,0.700000,2.000000,0.100000,0.960000,0.100000,0.100000,0.290240,0.000000
3,0,45,100,0.800000,0.800000,0.000000,0.700000,2.000000,0.100000,0.900000,0.100000,0.100000,0.302058,0.000000
3,0,49,100,0.800000,0.800000,0.000000,0.700000,2.000000,0.100000,0.980000,0.100000,0.100000,0.292417,0.000000
3,1,1,100,0.800000,0.800000,0.000000,0.700000,2.000000,0.100000,0.020000,0.100000,0.100000,0.295985,0.000000
3,1,13,100,0.800000,0.800000,0.000000,0.700000,2.000000,0.100000,0.260000,0.100000,0.100000,0.297100,0.000000
3,1,6,100,0.800000,0.800000,0.000000,0.700000,2.000000,0.100000,0.120000,0.100000,0.100000,0.298479,0.000000
3,0,47,100,0.800000,0.800000,0.000000,0.700000,2.000000,0.100000,0.940000,0.100000,0.100000,0.286837,0.000000
3,0,46,100,0.800000,0.800000,0.000000,0.700000,2.000000,0.100000,0.920000,0.100000,0.100000,0.303464,0.000000
3,1,3,100,0.800000,0.800000,0.000000,0.700000,2.000000,0.100000,0.060000,0.100000,0.100000,0.287807,0.000000
3,0,50,100,0.800000,0.800000,0.000000,0.700000,2.000000,0.100000,1.000000,0.100000,0.100000,0.296128,0.000000
3,1,5,100,0.800000,0.800000,0.000000,0.700000,2.000000,0.100000,0.100000,0.100000,0.100000,0.300143,0.000000
3,1,19,100,0.800000,0.800000,0.000000,0.700000,2.000000,0.100000,0.380000,0.100000,0.100000,0.298161,0.000000
3,1,11,100,0.800000,0.800000,0.000000,0.700000,2.000000,0.100000,0.220000,0.100000,0.100000,0.300280,0.000000
3,1,4,100,0.800000,0.800000,0.000000,0.700000,2.000000,0.100000,0.080000,0.100000,0.100000,0.301253,0.000000
3,1,7,100,0.800000,0.800000,0.000000,0.700000,2.000000,0.100000,0.140000,0.100000,0.100000,0.301032,0.000000
3,1,12,100,0.800000,0.800000,0.000000,0.700000,2.000000,0.100000,0.240000,0.100000,0.100000,0.291399,0.000000
3,1,21,100,0.800000,0.800000,0.000000,0.700000,2.000000,0.100000,0.420000,0.100000,0.100000,0.315334,0.000000
3,1,15,100,0.800000,0.800000,0.000000,0.700000,2.000000,0.100000,0.300000,0.100000,0.100000,0.304828,0.000000
3,1,17,100,0.800000,0.800000,0.000000,0.700000,2.000000,0.100000,0.340000,0.100000,0.100000,0.302125,0.000000
3,1,20,100,0.800000,0.800000,0.000000,0.700000,2.000000,0.100000,0.400000,0.100000,0.100000,0.298306,0.000000
3,1,9,100,0.800000,0.800000,0.000000,0.700000,2.000000,0.100000,0.180000,0.100000,0.100000,0.301649,0.000000
3,1,36,100,0.800000,0.800000,0.000000,0.700000,2.000000,0.100000,0.720000,0.100000,0.100000,0.285105,0.000000
3,1,35,100,0.800000,0.800000,0.000000,0.700000,2.000000,0.100000,0.700000,0.100000,0.100000,0.293292,0.000000
3,1,22,100,0.800000,0.800000,0.000000,0.700000,2.000000,0.100000,0.440000,0.100000,0.100000,0.301514,0.000000
3,1,18,100,0.800000,0.800000,0.000000,0.700000,2.000000,0.100000,0.360000,0.100000,0.100000,0.290137,0.000000
3,1,23,100,0.800000,0.800000,0.000000,0.700000,2.000000,0.100000,0.460000,0.100000,0.100000,0.299160,0.000000
3,1,39,100,0.800000,0.800000,0.000000,0.700000,2.000000,0.100000,0.780000,0.100000,0.100000,0.298382,0.000000
3,1,29,100,0.800000,0.800000,0.000000,0.700000,2.000000,0.100000,0.580000,0.100000,0.100000,0.291839,0.000000
3,1,16,100,0.800000,0.800000,0.000000,0.700000,2.000000,0.100000,0.320000,0.100000,0.100000,0.300425,0.000000
3,1,10,100,0.800000,0.800000,0.000000,0.700000,2.000000,0.100000,0.200000,0.100000,0.100000,0.304341,0.000000
3,1,28,100,0.800000,0.800000,0.000000,0.700000,2.000000,0.100000,0.560000,0.100000,0.100000,0.299202,0.000000
3,1,26,100,0.800000,0.800000,0.000000,0.700000,2.000000,0.100000,0.520000,0.100000,0.100000,0.297135,0.000000
3,1,14,100,0.800000,0.800000,0.000000,0.700000,2.000000,0.100000,0.280000,0.100000,0.100000,0.289297,0.000000
3,1,31,100,0.800000,0.800000,0.000000,0.700000,2.000000,0.100000,0.620000,0.100000,0.100000,0.306555,0.000000
3,1,24,100,0.800000,0.800000,0.000000,0.700000,2.000000,0.100000,0.480000,0.100000,0.100000,0.288819,0.000000
3,1,37,100,0.800000,0.800000,0.000000,0.700000,2.000000,0.100000,0.740000,0.100000,0.100000,0.288034,0.000000
3,1,30,100,0.800000,0.800000,0.000000,0.700000,2.000000,0.100000,0.600000,0.100000,0.100000,0.295374,0.000000
3,1,25,100,0.800000,0.800000,0.000000,0.700000,2.000000,0.100000,0.500000,0.100000,0.100000,0.293784,0.000000
3,1,33,100,0.800000,0.800000,0.000000,0.700000,2.000000,0.100000,0.660000,0.100000,0.100000,0.301323,0.000000
3,1,27,100,0.800000,0.800000,0.000000,0.700000,2.000000,0.100000,0.540000,0.100000,0.100000,0.304108,0.000000
3,1,32,100,0.800000,0.800000,0.000000,0.700000,2.000000,0.100000,0.640000,0.100000,0.100000,0.301531,0.000000
3,1,34,100,0.800000,0.800000,0.000000,0.700000,2.000000,0.100000,0.680000,0.100000,0.100000,0.294146,0.000000
3,1,38,100,0.800000,0.800000,0.000000,0.700000,2.000000,0.100000,0.760000,0.100000,0.100000,0.301916,0.000000
3,1,43,100,0.800000,0.800000,0.000000,0.700000,2.000000,0.100000,0.860000,0.100000,0.100000,0.297013,0.000000
3,1,47,100,0.800000,0.800000,0.000000,0.700000,2.000000,0.100000,0.940000,0.100000,0.100000,0.291618,0.000000
3,1,42,100,0.800000,0.800000,0.000000,0.700000,2.000000,0.100000,0.840000,0.100000,0.100000,0.295272,0.000000
3,1,44,100,0.800000,0.800000,0.000000,0.700000,2.000000,0.100000,0.880000,0.100000,0.100000,0.290197,0.000000
3,1,49,100,0.800000,0.800000,0.000000,0.700000,2.000000,0.100000,0.980000,0.100000,0.100000,0.298936,0.000000
3,2,8,100,0.800000,0.800000,0.000000,0.700000,2.000000,0.100000,0.160000,0.100000,0.100000,0.303276,0.000000
3,1,40,100,0.800000,0.800000,0.000000,0.700000,2.000000,0.100000,0.800000,0.100000,0.100000,0.305241,0.000000
3,1,46,100,0.800000,0.800000,0.000000,0.700000,2.000000,0.100000,0.920000,0.100000,0.100000,0.290402,0.000000
3,1,41,100,0.800000,0.800000,0.000000,0.700000,2.000000,0.100000,0.820000,0.100000,0.100000,0.299537,0.000000
3,1,50,100,0.800000,0.800000,0.000000,0.700000,2.000000,0.100000,1.000000,0.100000,0.100000,0.290403,0.000000
3,2,12,100,0.800000,0.800000,0.000000,0.700000,2.000000,0.100000,0.240000,0.100000,0.100000,0.294847,0.000000
3,1,48,100,0.800000,0.800000,0.000000,0.700000,2.000000,0.100000,0.960000,0.100000,0.100000,0.297543,0.000000
3,1,45,100,0.800000,0.800000,0.000000,0.700000,2.000000,0.100000,0.900000,0.100000,0.100000,0.286007,0.000000
3,2,26,100,0.800000,0.800000,0.000000,0.700000,2.000000,0.100000,0.520000,0.100000,0.100000,0.301530,0.000000
3,2,13,100,0.800000,0.800000,0.000000,0.700000,2.000000,0.100000,0.260000,0.100000,0.100000,0.301782,0.000000
3,2,0,100,0.800000,0.800000,0.000000,0.700000,2.000000,0.100000,0.000000,0.100000,0.100000,nan,0.000000
3,2,16,100,0.800000,0.800000,0.000000,0.700000,2.000000,0.100000,0.320000,0.100000,0.100000,0.306144,0.000000
3,2,20,100,0.800000,0.800000,0.000000,0.700000,2.000000,0.100000,0.400000,0.100000,0.100000,0.295042,0.000000
3,2,14,100,0.800000,0.800000,0.000000,0.700000,2.000000,0.100000,0.280000,0.100000,0.100000,0.291094,0.000000
3,2,1,100,0.800000,0.800000,0.000000,0.700000,2.000000,0.100000,0.020000,0.100000,0.100000,0.294328,0.000000
3,2,2,100,0.800000,0.800000,0.000000,0.700000,2.000000,0.100000,0.040000,0.100000,0.100000,0.293109,0.000000
3,2,5,100,0.800000,0.800000,0.000000,0.700000,2.000000,0.100000,0.100000,0.100000,0.100000,0.293812,0.000000
3,2,6,100,0.800000,0.800000,0.000000,0.700000,2.000000,0.100000,0.120000,0.100000,0.100000,0.306482,0.000000
3,2,27,100,0.800000,0.800000,0.000000,0.700000,2.000000,0.100000,0.540000,0.100000,0.100000,0.309425,0.000000
3,2,22,100,0.800000,0.800000,0.000000,0.700000,2.000000,0.100000,0.440000,0.100000,0.100000,0.298384,0.000000
3,2,3,100,0.800000,0.800000,0.000000,0.700000,2.000000,0.100000,0.060000,0.100000,0.100000,0.293855,0.000000
3,2,21,100,0.800000,0.800000,0.000000,0.700000,2.000000,0.100000,0.420000,0.100000,0.100000,0.299078,0.000000
3,2,10,100,0.800000,0.800000,0.000000,0.700000,2.000000,0.100000,0.200000,0.100000,0.100000,0.294867,0.000000
3,2,19,100,0.800000,0.800000,0.000000,0.700000,2.000000,0.100000,0.380000,0.100000,0.100000,0.299388,0.000000
3,2,18,100,0.800000,0.800000,0.000000,0.700000,2.000000,0.100000,0.360000,0.100000,0.100000,0.294431,0.000000
3,2,7,100,0.800000,0.800000,0.000000,0.700000,2.000000,0.100000,0.140000,0.100000,0.100000,0.310696,0.000000
3,2,15,100,0.800000,0.800000,0.000000,0.700000,2.000000,0.100000,0.300000,0.100000,0.100000,0.293081,0.000000
3,2,4,100,0.800000,0.800000,0.000000,0.700000,2.000000,0.100000,0.080000,0.100000,0.100000,0.295687,0.000000
3,2,11,100,0.800000,0.800000,0.000000,0.700000,2.000000,0.100000,0.220000,0.100000,0.100000,0.296300,0.000000
3,2,17,100,0.800000,0.800000,0.000000,0.700000,2.000000,0.100000,0.340000,0.100000,0.100000,0.298124,0.000000
3,2,9,100,0.800000,0.800000,0.000000,0.700000,2.000000,0.100000,0.180000,0.100000,0.100000,0.300755,0.000000
3,2,30,100,0.800000,0.800000,0.000000,0.700000,2.000000,0.100000,0.600000,0.100000,0.100000,0.302991,0.000000
3,2,24,100,0.800000,0.800000,0.000000,0.700000,2.000000,0.100000,0.480000,0.100000,0.100000,0.299030,0.000000
3,2,23,100,0.800000,0.800000,0.000000,0.700000,2.000000,0.100000,0.460000,0.100000,0.100000,0.307369,0.000000
3,2,29,100,0.800000,0.800000,0.000000,0.700000,2.000000,0.100000,0.580000,0.100000,0.100000,0.309780,0.000000
3,2,25,100,0.800000,0.800000,0.000000,0.700000,2.000000,0.100000,0.500000,0.100000,0.100000,0.304452,0.000000
3,2,39,100,0.800000,0.800000,0.000000,0.700000,2.000000,0.100000,0.780000,0.100000,0.100000,0.294712,0.000000
3,2,28,100,0.800000,0.800000,0.000000,0.700000,2.000000,0.100000,0.560000,0.100000,0.100000,0.297848,0.000000
3,2,42,100,0.800000,0.800000,0.000000,0.700000,2.000000,0.100000,0.840000,0.100000,0.100000,0.302582,0.000000
3,2,33,100,0.800000,0.800000,0.000000,0.700000,2.000000,0.100000,0.660000,0.100000,0.100000,0.301565,0.000000
3,2,36,100,0.800000,0.800000,0.000000,0.700000,2.000000,0.100000,0.720000,0.100000,0.100000,0.296049,0.000000
3,2,35,100,0.800000,0.800000,0.000000,0.700000,2.000000,0.100000,0.700000,0.100000,0.100000,0.295121,0.000000
3,2,32,100,0.800000,0.800000,0.000000,0.700000,2.000000,0.100000,0.640000,0.100000,0.100000,0.297658,0.000000
3,2,31,100,0.800000,0.800000,0.000000,0.700000,2.000000,0.100000,0.620000,0.100000,0.100000,0.305947,0.000000
3,2,38,100,0.800000,0.800000,0.000000,0.700000,2.000000,0.100000,0.760000,0.100000,0.100000,0.297501,0.000000
3,2,34,100,0.800000,0.800000,0.000000,0.700000,2.000000,0.100000,0.680000,0.100000,0.100000,0.303541,0.000000
3,3,5,100,0.800000,0.800000,0.000000,0.700000,2.000000,0.100000,0.100000,0.100000,0.100000,0.310115,0.000000
3,2,43,100,0.800000,0.800000,0.000000,0.700000,2.000000,0.100000,0.860000,0.100000,0.100000,0.316197,0.000000
3,2,44,100,0.800000,0.800000,0.000000,0.700000,2.000000,0.100000,0.880000,0.100000,0.100000,0.292840,0.000000
3,3,9,100,0.800000,0.800000,0.000000,0.700000,2.000000,0.100000,0.180000,0.100000,0.100000,0.294851,0.000000
3,2,40,100,0.800000,0.800000,0.000000,0.700000,2.000000,0.100000,0.800000,0.100000,0.100000,0.292487,0.000000
3,2,37,100,0.800000,0.800000,0.000000,0.700000,2.000000,0.100000,0.740000,0.100000,0.100000,0.297483,0.000000
3,2,47,100,0.800000,0.800000,0.000000,0.700000,2.000000,0.100000,0.940000,0.100000,0.100000,0.296489,0.000000
3,2,49,100,0.800000,0.800000,0.000000,0.700000,2.000000,0.100000,0.980000,0.100000,0.100000,0.306687,0.000000
3,2,45,100,0.800000,0.800000,0.000000,0.700000,2.000000,0.100000,0.900000,0.100000,0.100000,0.300352,0.000000
3,2,41,100,0.800000,0.800000,0.000000,0.700000,2.000000,0.100000,0.820000,0.100000,0.100000,0.296592,0.000000
3,3,4,100,0.800000,0.800000,0.000000,0.700000,2.000000,0.100000,0.080000,0.100000,0.100000,0.292144,0.000000
3,2,48,100,0.800000,0.800000,0.000000,0.700000,2.000000,0.100000,0.960000,0.100000,0.100000,0.296038,0.000000
3,3,0,100,0.800000,0.800000,0.000000,0.700000,2.000000,0.100000,0.000000,0.100000,0.100000,nan,0.000000
3,2,46,100,0.800000,0.800000,0.000000,0.700000,2.000000,0.100000,0.920000,0.100000,0.100000,0.296060,0.000000
3,3,3,100,0.800000,0.800000,0.000000,0.700000,2.000000,0.100000,0.060000,0.100000,0.100000,0.280374,0.000000
3,2,50,100,0.800000,0.800000,0.000000,0.700000,2.000000,0.100000,1.000000,0.100000,0.100000,0.297209,0.000000
3,3,6,100,0.800000,0.800000,0.000000,0.700000,2.000000,0.100000,0.120000,0.100000,0.100000,0.291718,0.000000
3,3,24,100,0.800000,0.800000,0.000000,0.700000,2.000000,0.100000,0.480000,0.100000,0.100000,0.290725,0.000000
3,3,1,100,0.800000,0.800000,0.000000,0.700000,2.000000,0.100000,0.020000,0.100000,0.100000,0.296095,0.000000
3,3,2,100,0.800000,0.800000,0.000000,0.700000,2.000000,0.100000,0.040000,0.100000,0.100000,0.298210,0.000000
3,3,8,100,0.800000,0.800000,0.000000,0.700000,2.000000,0.100000,0.160000,0.100000,0.100000,0.293215,0.000000
3,3,10,100,0.800000,0.800000,0.000000,0.700000,2.000000,0.100000,0.200000,0.100000,0.100000,0.295593,0.000000
3,3,7,100,0.800000,0.800000,0.000000,0.700000,2.000000,0.100000,0.140000,0.100000,0.100000,0.294030,0.000000
3,3,12,100,0.800000,0.800000,0.000000,0.700000,2.000000,0.100000,0.240000,0.100000,0.100000,0.290390,0.000000
3,3,15,100,0.800000,0.800000,0.000000,0.700000,2.000000,0.100000,0.300000,0.100000,0.100000,0.292553,0.000000
3,3,19,100,0.800000,0.800000,0.000000,0.700000,2.000000,0.100000,0.380000,0.100000,0.100000,0.299369,0.000000
3,3,20,100,0.800000,0.800000,0.000000,0.700000,2.000000,0.100000,0.400000,0.100000,0.100000,0.297873,0.000000
3,3,11,100,0.800000,0.800000,0.000000,0.700000,2.000000,0.100000,0.220000,0.100000,0.100000,0.289224,0.000000
3,3,14,100,0.800000,0.800000,0.000000,0.700000,2.000000,0.100000,0.280000,0.100000,0.100000,0.290980,0.000000
3,3,18,100,0.800000,0.800000,0.000000,0.700000,2.000000,0.100000,0.360000,0.100000,0.100000,0.297420,0.000000
3,3,13,100,0.800000,0.800000,0.000000,0.700000,2.000000,0.100000,0.260000,0.100000,0.100000,0.293830,0.000000
3,3,16,100,0.800000,0.800000,0.000000,0.700000,2.000000,0.100000,0.320000,0.100000,0.100000,0.305725,0.000000
3,3,22,100,0.800000,0.800000,0.000000,0.700000,2.000000,0.100000,0.440000,0.100000,0.100000,0.297747,0.000000
3,3,17,100,0.800000,0.800000,0.000000,0.700000,2.000000,0.100000,0.340000,0.100000,0.100000,0.286055,0.000000
3,3,23,100,0.800000,0.800000,0.000000,0.700000,2.000000,0.100000,0.460000,0.100000,0.100000,0.298981,0.000000
3,3,21,100,0.800000,0.800000,0.000000,0.700000,2.000000,0.100000,0.420000,0.100000,0.100000,0.305079,0.000000
3,3,44,100,0.800000,0.800000,0.000000,0.700000,2.000000,0.100000,0.880000,0.100000,0.100000,0.297555,0.000000
3,3,42,100,0.800000,0.800000,0.000000,0.700000,2.000000,0.100000,0.840000,0.100000,0.100000,0.296322,0.000000
3,3,25,100,0.800000,0.800000,0.000000,0.700000,2.000000,0.100000,0.500000,0.100000,0.100000,0.297484,0.000000
3,3,27,100,0.800000,0.800000,0.000000,0.700000,2.000000,0.100000,0.540000,0.100000,0.100000,0.301610,0.000000
3,3,41,100,0.800000,0.800000,0.000000,0.700000,2.000000,0.100000,0.820000,0.100000,0.100000,0.293220,0.000000
3,3,26,100,0.800000,0.800000,0.000000,0.700000,2.000000,0.100000,0.520000,0.100000,0.100000,0.295318,0.000000
3,3,33,100,0.800000,0.800000,0.000000,0.700000,2.000000,0.100000,0.660000,0.100000,0.100000,0.295879,0.000000
3,3,35,100,0.800000,0.800000,0.000000,0.700000,2.000000,0.100000,0.700000,0.100000,0.100000,0.304834,0.000000
3,3,28,100,0.800000,0.800000,0.000000,0.700000,2.000000,0.100000,0.560000,0.100000,0.100000,0.300941,0.000000
3,3,38,100,0.800000,0.800000,0.000000,0.700000,2.000000,0.100000,0.760000,0.100000,0.100000,0.293607,0.000000
3,3,29,100,0.800000,0.800000,0.000000,0.700000,2.000000,0.100000,0.580000,0.100000,0.100000,0.296929,0.000000
3,3,31,100,0.800000,0.800000,0.000000,0.700000,2.000000,0.100000,0.620000,0.100000,0.100000,0.293178,0.000000
3,3,43,100,0.800000,0.800000,0.000000,0.700000,2.000000,0.100000,0.860000,0.100000,0.100000,0.302182,0.000000
3,4,5,100,0.800000,0.800000,0.000000,0.700000,2.000000,0.100000,0.100000,0.100000,0.100000,0.319113,0.000000
3,3,32,100,0.800000,0.800000,0.000000,0.700000,2.000000,0.100000,0.640000,0.100000,0.100000,0.292089,0.000000
3,3,34,100,0.800000,0.800000,0.000000,0.700000,2.000000,0.100000,0.680000,0.100000,0.100000,0.295250,0.000000
3,3,30,100,0.800000,0.800000,0.000000,0.700000,2.000000,0.100000,0.600000,0.100000,0.100000,0.292428,0.000000
3,3,37,100,0.800000,0.800000,0.000000,0.700000,2.000000,0.100000,0.740000,0.100000,0.100000,0.289656,0.000000
3,4,6,100,0.800000,0.800000,0.000000,0.700000,2.000000,0.100000,0.120000,0.100000,0.100000,0.307612,0.000000
3,3,48,100,0.800000,0.800000,0.000000,0.700000,2.000000,0.100000,0.960000,0.100000,0.100000,0.306924,0.000000
3,4,1,100,0.800000,0.800000,0.000000,0.700000,2.000000,0.100000,0.020000,0.100000,0.100000,0.297379,0.000000
3,3,36,100,0.800000,0.800000,0.000000,0.700000,2.000000,0.100000,0.720000,0.100000,0.100000,0.318452,0.000000
3,3,39,100,0.800000,0.800000,0.000000,0.700000,2.000000,0.100000,0.780000,0.100000,0.100000,0.302835,0.000000
3,3,46,100,0.800000,0.800000,0.000000,0.700000,2.000000,0.100000,0.920000,0.100000,0.100000,0.295169,0.000000
3,3,47,100,0.800000,0.800000,0.000000,0.700000,2.000000,0.100000,0.940000,0.100000,0.100000,0.291819,0.000000
3,4,4,100,0.800000,0.800000,0.000000,0.700000,2.000000,0.100000,0.080000,0.100000,0.100000,0.287785,0.000000
3,4,3,100,0.800000,0.800000,0.000000,0.700000,2.000000,0.100000,0.060000,0.100000,0.100000,0.293275,0.000000
3,3,49,100,0.800000,0.800000,0.000000,0.700000,2.000000,0.100000,0.980000,0.100000,0.100000,0.300030,0.000000
3,3,45,100,0.800000,0.800000,0.000000,0.700000,2.000000,0.100000,0.900000,0.100000,0.100000,0.296845,0.000000
3,3,40,100,0.800000,0.800000,0.000000,0.700000,2.000000,0.100000,0.800000,0.100000,0.100000,0.283716,0.000000
3,3,50,100,0.800000,0.800000,0.000000,0.700000,2.000000,0.100000,1.000000,0.100000,0.100000,0.297215,0.000000
3,4,10,100,0.800000,0.800000,0.000000,0.700000,2.000000,0.100000,0.200000,0.100000,0.100000,0.306104,0.000000
3,4,2,100,0.800000,0.800000,0.000000,0.700000,2.000000,0.100000,0.040000,0.100000,0.100000,0.295552,0.000000
3,4,14,100,0.800000,0.800000,0.000000,0.700000,2.000000,0.100000,0.280000,0.100000,0.100000,0.295839,0.000000
3,4,8,100,0.800000,0.800000,0.000000,0.700000,2.000000,0.100000,0.160000,0.100000,0.100000,0.295712,0.000000
3,4,9,100,0.800000,0.800000,0.000000,0.700000,2.000000,0.100000,0.180000,0.100000,0.100000,0.298706,0.000000
3,4,13,100,0.800000,0.800000,0.000000,0.700000,2.000000,0.100000,0.260000,0.100000,0.100000,0.297588,0.000000
3,4,7,100,0.800000,0.800000,0.000000,0.700000,2.000000,0.100000,0.140000,0.100000,0.100000,0.295866,0.000000
3,4,0,100,0.800000,0.800000,0.000000,0.700000,2.000000,0.100000,0.000000,0.100000,0.100000,nan,0.000000
3,4,17,100,0.800000,0.800000,0.000000,0.700000,2.000000,0.100000,0.340000,0.100000,0.100000,0.298370,0.000000
3,4,11,100,0.800000,0.800000,0.000000,0.700000,2.000000,0.100000,0.220000,0.100000,0.100000,0.305049,0.000000
3,4,12,100,0.800000,0.800000,0.000000,0.700000,2.000000,0.100000,0.240000,0.100000,0.100000,0.298690,0.000000
3,4,19,100,0.800000,0.800000,0.000000,0.700000,2.000000,0.100000,0.380000,0.100000,0.100000,0.295703,0.000000
3,4,16,100,0.800000,0.800000,0.000000,0.700000,2.000000,0.100000,0.320000,0.100000,0.100000,0.297947,0.000000
3,4,21,100,0.800000,0.800000,0.000000,0.700000,2.000000,0.100000,0.420000,0.100000,0.100000,0.296660,0.000000
3,4,15,100,0.800000,0.800000,0.000000,0.700000,2.000000,0.100000,0.300000,0.100000,0.100000,0.306025,0.000000
3,4,18,100,0.800000,0.800000,0.000000,0.700000,2.000000,0.100000,0.360000,0.100000,0.100000,0.305093,0.000000
3,4,23,100,0.800000,0.800000,0.000000,0.700000,2.000000,0.100000,0.460000,0.100000,0.100000,0.303106,0.000000
3,4,26,100,0.800000,0.800000,0.000000,0.700000,2.000000,0.100000,0.520000,0.100000,0.100000,0.298553,0.000000
3,4,47,100,0.800000,0.800000,0.000000,0.700000,2.000000,0.100000,0.940000,0.100000,0.100000,0.302693,0.000000
3,4,27,100,0.800000,0.800000,0.000000,0.700000,2.000000,0.100000,0.540000,0.100000,0.100000,0.299833,0.000000
3,4,25,100,0.800000,0.800000,0.000000,0.700000,2.000000,0.100000,0.500000,0.100000,0.100000,0.297038,0.000000
3,4,22,100,0.800000,0.800000,0.000000,0.700000,2.000000,0.100000,0.440000,0.100000,0.100000,0.300460,0.000000
3,4,31,100,0.800000,0.800000,0.000000,0.700000,2.000000,0.100000,0.620000,0.100000,0.100000,0.291801,0.000000
3,4,20,100,0.800000,0.800000,0.000000,0.700000,2.000000,0.100000,0.400000,0.100000,0.100000,0.295949,0.000000
3,4,24,100,0.800000,0.800000,0.000000,0.700000,2.000000,0.100000,0.480000,0.100000,0.100000,0.296237,0.000000
3,4,29,100,0.800000,0.800000,0.000000,0.700000,2.000000,0.100000,0.580000,0.100000,0.100000,0.289131,0.000000
3,4,43,100,0.800000,0.800000,0.000000,0.700000,2.000000,0.100000,0.860000,0.100000,0.100000,0.302162,0.000000
3,4,39,100,0.800000,0.800000,0.000000,0.700000,2.000000,0.100000,0.780000,0.100000,0.100000,0.292229,0.000000
3,4,33,100,0.800000,0.800000,0.000000,0.700000,2.000000,0.100000,0.660000,0.100000,0.100000,0.296503,0.000000
3,4,35,100,0.800000,0.800000,0.000000,0.700000,2.000000,0.100000,0.700000,0.100000,0.100000,0.296684,0.000000
3,4,34,100,0.800000,0.800000,0.000000,0.700000,2.000000,0.100000,0.680000,0.100000,0.100000,0.299270,0.000000
3,5,3,100,0.800000,0.800000,0.000000,0.700000,2.000000,0.100000,0.060000,0.100000,0.100000,0.308212,0.000000
3,4,30,100,0.800000,0.800000,0.000000,0.700000,2.000000,0.100000,0.600000,0.100000,0.100000,0.295459,0.000000
3,4,38,100,0.800000,0.800000,0.000000,0.700000,2.000000,0.100000,0.760000,0.100000,0.100000,0.298640,0.000000
3,4,40,100,0.800000,0.800000,0.000000,0.700000,2.000000,0.100000,0.800000,0.100000,0.100000,0.289053,0.000000
3,4,28,100,0.800000,0.800000,0.000000,0.700000,2.000000,0.100000,0.560000,0.100000,0.100000,0.297882,0.000000
3,4,49,100,0.800000,0.800000,0.000000,0.700000,2.000000,0.100000,0.980000,0.100000,0.100000,0.294862,0.000000
3,4,41,100,0.800000,0.800000,0.000000,0.700000,2.000000,0.100000,0.820000,0.100000,0.100000,0.299652,0.000000
3,4,44,100,0.800000,0.800000,0.000000,0.700000,2.000000,0.100000,0.880000,0.100000,0.100000,0.302358,0.000000
3,4,36,100,0.800000,0.800000,0.000000,0.700000,2.000000,0.100000,0.720000,0.100000,0.100000,0.296989,0.000000
3,4,32,100,0.800000,0.800000,0.000000,0.700000,2.000000,0.100000,0.640000,0.100000,0.100000,0.304341,0.000000
3,4,42,100,0.800000,0.800000,0.000000,0.700000,2.000000,0.100000,0.840000,0.100000,0.100000,0.298797,0.000000
3,4,46,100,0.800000,0.800000,0.000000,0.700000,2.000000,0.100000,0.920000,0.100000,0.100000,0.300630,0.000000
3,5,1,100,0.800000,0.800000,0.000000,0.700000,2.000000,0.100000,0.020000,0.100000,0.100000,0.297869,0.000000
3,4,45,100,0.800000,0.800000,0.000000,0.700000,2.000000,0.100000,0.900000,0.100000,0.100000,0.296710,0.000000
3,4,37,100,0.800000,0.800000,0.000000,0.700000,2.000000,0.100000,0.740000,0.100000,0.100000,0.297363,0.000000
3,4,48,100,0.800000,0.800000,0.000000,0.700000,2.000000,0.100000,0.960000,0.100000,0.100000,0.301686,0.000000
3,4,50,100,0.800000,0.800000,0.000000,0.700000,2.000000,0.100000,1.000000,0.100000,0.100000,0.295634,0.000000
3,5,0,100,0.800000,0.800000,0.000000,0.700000,2.000000,0.100000,0.000000,0.100000,0.100000,nan,0.000000
3,5,2,100,0.800000,0.800000,0.000000,0.700000,2.000000,0.100000,0.040000,0.100000,0.100000,0.297847,0.000000
3,5,14,100,0.800000,0.800000,0.000000,0.700000,2.000000,0.100000,0.280000,0.100000,0.100000,0.293034,0.000000
3,5,16,100,0.800000,0.800000,0.000000,0.700000,2.000000,0.100000,0.320000,0.100000,0.100000,0.300278,0.000000
3,5,7,100,0.800000,0.800000,0.000000,0.700000,2.000000,0.100000,0.140000,0.100000,0.100000,0.292398,0.000000
3,5,12,100,0.800000,0.800000,0.000000,0.700000,2.000000,0.100000,0.240000,0.100000,0.100000,0.293880,0.000000
3,5,5,100,0.800000,0.800000,0.000000,0.700000,2.000000,0.100000,0.100000,0.100000,0.100000,0.303969,0.000000
3,5,8,100,0.800000,0.800000,0.000000,0.700000,2.000000,0.100000,0.160000,0.100000,0.100000,0.298870,0.000000
3,5,9,100,0.800000,0.800000,0.000000,0.700000,2.000000,0.100000,0.180000,0.100000,0.100000,0.288704,0.000000
3,5,4,100,0.800000,0.800000,0.000000,0.700000,2.000000,0.100000,0.080000,0.100000,0.100000,0.289209,0.000000
3,5,6,100,0.800000,0.800000,0.000000,0.700000,2.000000,0.100000,0.120000,0.100000,0.100000,0.287442,0.000000
3,5,10,100,0.800000,0.800000,0.000000,0.700000,2.000000,0.100000,0.200000,0.100000,0.100000,0.296822,0.000000
3,5,15,100,0.800000,0.800000,0.000000,0.700000,2.000000,0.100000,0.300000,0.100000,0.100000,0.284081,0.000000
3,5,41,100,0.800000,0.800000,0.000000,0.700000,2.000000,0.100000,0.820000,0.100000,0.100000,0.300115,0.000000
3,5,11,100,0.800000,0.800000,0.000000,0.700000,2.000000,0.100000,0.220000,0.100000,0.100000,0.297125,0.000000
3,5,26,100,0.800000,0.800000,0.000000,0.700000,2.000000,0.100000,0.520000,0.100000,0.100000,0.300682,0.000000
3,5,13,100,0.800000,0.800000,0.000000,0.700000,2.000000,0.100000,0.260000,0.100000,0.100000,0.304107,0.000000
3,5,32,100,0.800000,0.800000,0.000000,0.700000,2.000000,0.100000,0.640000,0.100000,0.100000,0.296751,0.000000
3,5,25,100,0.800000,0.800000,0.000000,0.700000,2.000000,0.100000,0.500000,0.100000,0.100000,0.298809,0.000000
3,5,28,100,0.800000,0.800000,0.000000,0.700000,2.000000,0.100000,0.560000,0.100000,0.100000,0.289693,0.000000
3,5,22,100,0.800000,0.800000,0.000000,0.700000,2.000000,0.100000,0.440000,0.100000,0.100000,0.291624,0.000000
3,5,29,100,0.800000,0.800000,0.000000,0.700000,2.000000,0.100000,0.580000,0.100000,0.100000,0.300679,0.000000
3,5,18,100,0.800000,0.800000,0.000000,0.700000,2.000000,0.100000,0.360000,0.100000,0.100000,0.297979,0.000000
3,5,27,100,0.800000,0.800000,0.000000,0.700000,2.000000,0.100000,0.540000,0.100000,0.100000,0.292648,0.000000
3,5,24,100,0.800000,0.800000,0.000000,0.700000,2.000000,0.100000,0.480000,0.100000,0.100000,0.291117,0.000000
3,5,23,100,0.800000,0.800000,0.000000,0.700000,2.000000,0.100000,0.460000,0.100000,0.100000,0.314527,0.000000
3,5,19,100,0.800000,0.800000,0.000000,0.700000,2.000000,0.100000,0.380000,0.100000,0.100000,0.292514,0.000000
3,5,34,100,0.800000,0.800000,0.000000,0.700000,2.000000,0.100000,0.680000,0.100000,0.100000,0.289072,0.000000
3,5,37,100,0.800000,0.800000,0.000000,0.700000,2.000000,0.100000,0.740000,0.100000,0.100000,0.294446,0.000000
3,5,38,100,0.800000,0.800000,0.000000,0.700000,2.000000,0.100000,0.760000,0.100000,0.100000,0.304697,0.000000
3,5,17,100,0.800000,0.800000,0.000000,0.700000,2.000000,0.100000,0.340000,0.100000,0.100000,0.291721,0.000000
3,5,21,100,0.800000,0.800000,0.000000,0.700000,2.000000,0.100000,0.420000,0.100000,0.100000,0.291713,0.000000
3,5,39,100,0.800000,0.800000,0.000000,0.700000,2.000000,0.100000,0.780000,0.100000,0.100000,0.301001,0.000000
3,5,44,100,0.800000,0.800000,0.000000,0.700000,2.000000,0.100000,0.880000,0.100000,0.100000,0.290645,0.000000
3,5,35,100,0.800000,0.800000,0.000000,0.700000,2.000000,0.100000,0.700000,0.100000,0.100000,0.290985,0.000000
3,5,30,100,0.800000,0.800000,0.000000,0.700000,2.000000,0.100000,0.600000,0.100000,0.100000,0.299528,0.000000
3,5,45,100,0.800000,0.800000,0.000000,0.700000,2.000000,0.100000,0.900000,0.100000,0.100000,0.291421,0.000000
3,5,33,100,0.800000,0.800000,0.000000,0.700000,2.000000,0.100000,0.660000,0.100000,0.100000,0.299252,0.000000
3,5,40,100,0.800000,0.800000,0.000000,0.700000,2.000000,0.100000,0.800000,0.100000,0.100000,0.295329,0.000000
3,5,36,100,0.800000,0.800000,0.000000,0.700000,2.000000,0.100000,0.720000,0.100000,0.100000,0.302624,0.000000
3,5,43,100,0.800000,0.800000,0.000000,0.700000,2.000000,0.100000,0.860000,0.100000,0.100000,0.298004,0.000000
3,5,42,100,0.800000,0.800000,0.000000,0.700000,2.000000,0.100000,0.840000,0.100000,0.100000,0.302124,0.000000
3,5,46,100,0.800000,0.800000,0.000000,0.700000,2.000000,0.100000,0.920000,0.100000,0.100000,0.293185,0.000000
3,5,47,100,0.800000,0.800000,0.000000,0.700000,2.000000,0.100000,0.940000,0.100000,0.100000,0.295694,0.000000
3,5,31,100,0.800000,0.800000,0.000000,0.700000,2.000000,0.100000,0.620000,0.100000,0.100000,0.295664,0.000000
3,5,49,100,0.800000,0.800000,0.000000,0.700000,2.000000,0.100000,0.980000,0.100000,0.100000,0.300475,0.000000
3,5,48,100,0.800000,0.800000,0.000000,0.700000,2.000000,0.100000,0.960000,0.100000,0.100000,0.301056,0.000000
