4,1,1,100,0.54,0.42,0.0,1.05,0.28,0.1,0.1,0.1,0.1,,0.0,
4,4,0,100,0.8,0.8,0.0,0.7,2.0,0.1,0.1,0.1,0.1,0.567861,0.0,0.006431999999999999
4,4,3,100,0.04,0.89,0.0,1.42,4.85,0.1,0.1,0.1,0.1,0.395602,0.0,0.0034159999999999998
4,3,1,100,0.54,0.42,0.0,1.05,0.28,0.1,0.1,0.1,0.1,,0.0,
4,7,1,100,0.54,0.42,0.0,1.05,0.28,0.1,0.1,0.1,0.1,,0.0,
4,8,1,100,0.54,0.42,0.0,1.05,0.28,0.1,0.1,0.1,0.1,,0.0,
4,1,4,100,0.42,0.56,0.0,2.0,4.03,0.1,0.1,0.1,0.1,0.398958,0.0,0.009674
4,2,0,100,0.8,0.8,0.0,0.7,2.0,0.1,0.1,0.1,0.1,0.401281,0.0,0.017741
4,2,3,100,0.04,0.89,0.0,1.42,4.85,0.1,0.1,0.1,0.1,0.393447,0.0,0.0046700000000000005
4,2,1,100,0.54,0.42,0.0,1.05,0.28,0.1,0.1,0.1,0.1,,0.0,
4,0,4,100,0.42,0.56,0.0,2.0,4.03,0.1,0.1,0.1,0.1,0.400856,0.0,0.009306
4,5,1,100,0.54,0.42,0.0,1.05,0.28,0.1,0.1,0.1,0.1,,0.0,
4,1,2,100,1.24,0.88,0.0,1.77,1.94,0.1,0.1,0.1,0.1,0.393936,0.0,0.005731
4,2,4,100,0.42,0.56,0.0,2.0,4.03,0.1,0.1,0.1,0.1,0.40022800000000003,0.0,0.0057079999999999995
4,8,0,100,0.8,0.8,0.0,0.7,2.0,0.1,0.1,0.1,0.1,0.388963,0.0,0.009732
4,4,2,100,1.24,0.88,0.0,1.77,1.94,0.1,0.1,0.1,0.1,0.398604,0.0,0.005685
4,8,3,100,0.04,0.89,0.0,1.42,4.85,0.1,0.1,0.1,0.1,0.397365,0.0,0.010304
4,4,1,100,0.54,0.42,0.0,1.05,0.28,0.1,0.1,0.1,0.1,,0.0,
4,8,2,100,1.24,0.88,0.0,1.77,1.94,0.1,0.1,0.1,0.1,0.398436,0.0,0.006822
4,9,2,100,1.24,0.88,0.0,1.77,1.94,0.1,0.1,0.1,0.1,0.394492,0.0,0.0035770000000000003
4,9,1,100,0.54,0.42,0.0,1.05,0.28,0.1,0.1,0.1,0.1,,0.0,
4,5,2,100,1.24,0.88,0.0,1.77,1.94,0.1,0.1,0.1,0.1,0.397874,0.0,0.006537
4,6,3,100,0.04,0.89,0.0,1.42,4.85,0.1,0.1,0.1,0.1,0.393937,0.0,0.005145
4,9,3,100,0.04,0.89,0.0,1.42,4.85,0.1,0.1,0.1,0.1,0.396445,0.0,0.003868
4,5,3,100,0.04,0.89,0.0,1.42,4.85,0.1,0.1,0.1,0.1,0.394929,0.0,0.011613
4,9,0,100,0.8,0.8,0.0,0.7,2.0,0.1,0.1,0.1,0.1,0.383096,0.0,0.00432
4,6,2,100,1.24,0.88,0.0,1.77,1.94,0.1,0.1,0.1,0.1,0.4007,0.0,0.002804
4,7,3,100,0.04,0.89,0.0,1.42,4.85,0.1,0.1,0.1,0.1,0.395784,0.0,0.007654
4,1,3,100,0.04,0.89,0.0,1.42,4.85,0.1,0.1,0.1,0.1,0.39269299999999996,0.0,0.009373999999999999
4,7,2,100,1.24,0.88,0.0,1.77,1.94,0.1,0.1,0.1,0.1,0.39660100000000004,0.0,0.003435
4,0,1,100,0.54,0.42,0.0,1.05,0.28,0.1,0.1,0.1,0.1,,0.0,
4,0,2,100,1.24,0.88,0.0,1.77,1.94,0.1,0.1,0.1,0.1,0.392243,0.0,0.007927
4,3,5,100,1.23,0.59,0.0,0.76,3.49,0.1,0.1,0.1,0.1,0.388454,0.0,0.009432
4,8,4,100,0.42,0.56,0.0,2.0,4.03,0.1,0.1,0.1,0.1,0.405227,0.0,0.0077930000000000004
4,7,8,100,1.24,0.73,0.0,1.36,4.57,0.1,0.1,0.1,0.1,0.390727,0.0,0.001155
4,4,5,100,1.23,0.59,0.0,0.76,3.49,0.1,0.1,0.1,0.1,0.388522,0.0,0.0048
4,8,5,100,1.23,0.59,0.0,0.76,3.49,0.1,0.1,0.1,0.1,0.390004,0.0,0.009776
4,2,7,100,0.01,0.57,0.0,0.64,1.32,0.1,0.1,0.1,0.1,0.39255,0.0,0.008804000000000001
4,6,7,100,0.01,0.57,0.0,0.64,1.32,0.1,0.1,0.1,0.1,0.389281,0.0,0.000687
4,0,8,100,1.24,0.73,0.0,1.36,4.57,0.1,0.1,0.1,0.1,0.38459099999999996,0.0,0.011266
4,8,7,100,0.01,0.57,0.0,0.64,1.32,0.1,0.1,0.1,0.1,0.398493,0.0,0.009376
4,1,6,100,0.37,0.76,0.0,1.4,1.59,0.1,0.1,0.1,0.1,0.399368,0.0,0.012302
4,9,4,100,0.42,0.56,0.0,2.0,4.03,0.1,0.1,0.1,0.1,0.404303,0.0,0.004703
4,6,6,100,0.37,0.76,0.0,1.4,1.59,0.1,0.1,0.1,0.1,0.402331,0.0,0.0019320000000000001
4,6,5,100,1.23,0.59,0.0,0.76,3.49,0.1,0.1,0.1,0.1,0.395568,0.0,0.019898
4,5,6,100,0.37,0.76,0.0,1.4,1.59,0.1,0.1,0.1,0.1,0.40352,0.0,0.007012000000000001
4,9,7,100,0.01,0.57,0.0,0.64,1.32,0.1,0.1,0.1,0.1,0.393727,0.0,0.002065
4,1,7,100,0.01,0.57,0.0,0.64,1.32,0.1,0.1,0.1,0.1,0.387625,0.0,0.008417000000000001
4,9,5,100,1.23,0.59,0.0,0.76,3.49,0.1,0.1,0.1,0.1,0.38461300000000004,0.0,0.005699
4,7,6,100,0.37,0.76,0.0,1.4,1.59,0.1,0.1,0.1,0.1,0.403422,0.0,0.004234
4,6,4,100,0.42,0.56,0.0,2.0,4.03,0.1,0.1,0.1,0.1,0.40437399999999996,0.0,0.0035810000000000004
4,8,6,100,0.37,0.76,0.0,1.4,1.59,0.1,0.1,0.1,0.1,0.405059,0.0,0.0073560000000000006
4,8,8,100,1.24,0.73,0.0,1.36,4.57,0.1,0.1,0.1,0.1,0.392361,0.0,0.006439
4,0,6,100,0.37,0.76,0.0,1.4,1.59,0.1,0.1,0.1,0.1,0.400715,0.0,0.008581
4,1,8,100,1.24,0.73,0.0,1.36,4.57,0.1,0.1,0.1,0.1,0.388034,0.0,0.005138
4,7,4,100,0.42,0.56,0.0,2.0,4.03,0.1,0.1,0.1,0.1,0.405271,0.0,0.007994
4,3,8,100,1.24,0.73,0.0,1.36,4.57,0.1,0.1,0.1,0.1,0.387827,0.0,0.008005
4,9,8,100,1.24,0.73,0.0,1.36,4.57,0.1,0.1,0.1,0.1,0.38753699999999996,0.0,0.005424
4,5,8,100,1.24,0.73,0.0,1.36,4.57,0.1,0.1,0.1,0.1,0.390721,0.0,0.004415
4,3,7,100,0.01,0.57,0.0,0.64,1.32,0.1,0.1,0.1,0.1,0.392886,0.0,0.015380000000000001
4,7,7,100,0.01,0.57,0.0,0.64,1.32,0.1,0.1,0.1,0.1,0.398093,0.0,0.005772
4,1,9,100,0.09,0.98,0.0,0.57,1.85,0.1,0.1,0.1,0.1,0.47534799999999994,0.0,0.000197
4,9,9,100,0.09,0.98,0.0,0.57,1.85,0.1,0.1,0.1,0.1,0.577874,0.0,0.021681
4,4,9,100,0.09,0.98,0.0,0.57,1.85,0.1,0.1,0.1,0.1,0.405817,0.0,0.000759
4,0,9,100,0.09,0.98,0.0,0.57,1.85,0.1,0.1,0.1,0.1,0.934426,0.0,0.007770999999999999
4,5,9,100,0.09,0.98,0.0,0.57,1.85,0.1,0.1,0.1,0.1,0.41061499999999995,0.0,0.008907
4,3,1,100,1.23,0.74,0.0,1.27,2.72,0.1,0.1,0.1,0.1,0.38779,0.0,0.006711
4,2,4,100,1.23,0.59,0.0,0.76,3.49,0.1,0.1,0.1,0.1,0.38569499999999995,0.0,0.036167000000000005
4,9,1,100,1.23,0.74,0.0,1.27,2.72,0.1,0.1,0.1,0.1,0.388284,0.0,0.005629
4,0,2,100,0.64,0.74,0.0,1.09,4.17,0.1,0.1,0.1,0.1,0.387811,0.0,0.005954
4,2,2,100,0.64,0.74,0.0,1.09,4.17,0.1,0.1,0.1,0.1,0.389259,0.0,0.0047729999999999995
4,0,4,100,1.23,0.59,0.0,0.76,3.49,0.1,0.1,0.1,0.1,0.382499,0.0,0.020291
4,1,2,100,0.64,0.74,0.0,1.09,4.17,0.1,0.1,0.1,0.1,0.389308,0.0,0.016177
4,7,2,100,0.64,0.74,0.0,1.09,4.17,0.1,0.1,0.1,0.1,0.391391,0.0,0.002562
4,3,3,100,0.82,0.57,0.0,1.38,3.76,0.1,0.1,0.1,0.1,0.39084800000000003,0.0,0.0043289999999999995
4,6,0,100,0.88,0.5,0.0,0.9,1.89,0.1,0.1,0.1,0.1,0.39452,0.0,0.006711
4,8,0,100,0.88,0.5,0.0,0.9,1.89,0.1,0.1,0.1,0.1,0.39415300000000003,0.0,0.005254
4,2,1,100,1.23,0.74,0.0,1.27,2.72,0.1,0.1,0.1,0.1,0.388992,0.0,0.00532
4,1,1,100,1.23,0.74,0.0,1.27,2.72,0.1,0.1,0.1,0.1,0.388538,0.0,0.00277
4,4,3,100,0.82,0.57,0.0,1.38,3.76,0.1,0.1,0.1,0.1,0.395764,0.0,0.004769
4,9,0,100,0.88,0.5,0.0,0.9,1.89,0.1,0.1,0.1,0.1,0.389453,0.0,0.00518
4,4,2,100,0.64,0.74,0.0,1.09,4.17,0.1,0.1,0.1,0.1,0.390203,0.0,0.011515000000000001
4,0,0,100,0.88,0.5,0.0,0.9,1.89,0.1,0.1,0.1,0.1,0.386056,0.0,0.008648000000000001
4,3,2,100,0.64,0.74,0.0,1.09,4.17,0.1,0.1,0.1,0.1,0.389739,0.0,0.011217
4,2,0,100,0.88,0.5,0.0,0.9,1.89,0.1,0.1,0.1,0.1,0.389351,0.0,0.005824
4,9,3,100,0.82,0.57,0.0,1.38,3.76,0.1,0.1,0.1,0.1,0.391906,0.0,0.003643
4,4,4,100,1.23,0.59,0.0,0.76,3.49,0.1,0.1,0.1,0.1,0.388522,0.0,0.0048
4,5,1,100,1.23,0.74,0.0,1.27,2.72,0.1,0.1,0.1,0.1,0.390385,0.0,0.0036149999999999997
4,1,3,100,0.82,0.57,0.0,1.38,3.76,0.1,0.1,0.1,0.1,0.39199,0.0,0.0041140000000000005
4,7,1,100,1.23,0.74,0.0,1.27,2.72,0.1,0.1,0.1,0.1,0.39171,0.0,0.0019760000000000003
4,0,1,100,1.23,0.74,0.0,1.27,2.72,0.1,0.1,0.1,0.1,0.385237,0.0,0.010922
4,5,2,100,0.64,0.74,0.0,1.09,4.17,0.1,0.1,0.1,0.1,0.39139,0.0,0.006986
4,8,2,100,0.64,0.74,0.0,1.09,4.17,0.1,0.1,0.1,0.1,0.393374,0.0,0.003965
4,0,3,100,0.82,0.57,0.0,1.38,3.76,0.1,0.1,0.1,0.1,0.39059299999999997,0.0,0.005472
4,4,0,100,0.88,0.5,0.0,0.9,1.89,0.1,0.1,0.1,0.1,0.39362800000000003,0.0,0.004611
4,3,0,100,0.88,0.5,0.0,0.9,1.89,0.1,0.1,0.1,0.1,0.388031,0.0,0.007072
4,4,1,100,1.23,0.74,0.0,1.27,2.72,0.1,0.1,0.1,0.1,0.391967,0.0,0.004724
4,5,6,100,1.21,0.15,0.0,0.0,5.0,0.1,0.1,0.1,0.1,0.965111,0.0,0.000223
4,1,7,100,2.0,0.14,0.0,0.0,1.45,0.1,0.1,0.1,0.1,1.456864,0.0,0.007326999999999999
4,4,5,100,2.0,0.84,0.0,0.32,5.0,0.1,0.1,0.1,0.1,1.3506799999999999,0.0,0.017537
4,9,4,100,1.23,0.59,0.0,0.76,3.49,0.1,0.1,0.1,0.1,0.38461300000000004,0.0,0.005699
4,0,6,100,1.21,0.15,0.0,0.0,5.0,0.1,0.1,0.1,0.1,1.449242,0.0,0.00351
4,4,8,100,2.0,0.63,0.0,0.0,2.68,0.1,0.1,0.1,0.1,1.440819,0.0,0.010123
4,9,7,100,2.0,0.14,0.0,0.0,1.45,0.1,0.1,0.1,0.1,1.438513,0.0,0.005307
4,6,6,100,1.21,0.15,0.0,0.0,5.0,0.1,0.1,0.1,0.1,1.423039,0.0,0.004604
4,7,5,100,2.0,0.84,0.0,0.32,5.0,0.1,0.1,0.1,0.1,0.904954,0.0,0.004235
4,0,8,100,2.0,0.63,0.0,0.0,2.68,0.1,0.1,0.1,0.1,1.4492459999999998,0.0,0.0034939999999999997
4,7,7,100,2.0,0.14,0.0,0.0,1.45,0.1,0.1,0.1,0.1,1.391799,0.0,0.001749
4,6,8,100,2.0,0.63,0.0,0.0,2.68,0.1,0.1,0.1,0.1,1.423039,0.0,0.0159
4,3,7,100,2.0,0.14,0.0,0.0,1.45,0.1,0.1,0.1,0.1,1.43466,0.0,0.020527
4,5,8,100,2.0,0.63,0.0,0.0,2.68,0.1,0.1,0.1,0.1,1.38206,0.0,0.007575
4,9,5,100,2.0,0.84,0.0,0.32,5.0,0.1,0.1,0.1,0.1,1.092003,0.0,0.001073
4,9,8,100,2.0,0.63,0.0,0.0,2.68,0.1,0.1,0.1,0.1,0.7214,0.0,0.023597
4,8,6,100,1.21,0.15,0.0,0.0,5.0,0.1,0.1,0.1,0.1,1.026311,0.0,0.028712
4,4,9,100,1.23,0.59,0.0,0.76,3.49,0.1,0.1,0.1,0.1,0.388522,0.0,0.0048
4,0,9,100,1.23,0.59,0.0,0.76,3.49,0.1,0.1,0.1,0.1,0.382499,0.0,0.020291
4,5,9,100,1.23,0.59,0.0,0.76,3.49,0.1,0.1,0.1,0.1,0.38804099999999997,0.0,0.003133
4,9,9,100,1.23,0.59,0.0,0.76,3.49,0.1,0.1,0.1,0.1,0.38461300000000004,0.0,0.005699
4,3,1,100,0.94,0.66,0.0,0.92,3.83,0.1,0.1,0.1,0.1,0.38855700000000004,0.0,0.009679
4,5,1,100,0.94,0.66,0.0,0.92,3.83,0.1,0.1,0.1,0.1,0.389302,0.0,0.007511
4,0,4,100,1.62,0.72,0.0,0.54,4.24,0.1,0.1,0.1,0.1,0.413892,0.0,0.006734
4,3,3,100,1.23,0.59,0.0,0.76,3.49,0.1,0.1,0.1,0.1,0.388454,0.0,0.009432
4,3,2,100,1.02,0.58,0.0,1.07,3.62,0.1,0.1,0.1,0.1,0.38806199999999996,0.0,0.008140000000000001
4,0,2,100,1.02,0.58,0.0,1.07,3.62,0.1,0.1,0.1,0.1,0.38501599999999997,0.0,0.010796
4,8,0,100,1.23,0.66,0.0,1.02,3.11,0.1,0.1,0.1,0.1,0.391758,0.0,0.011918000000000002
4,9,1,100,0.94,0.66,0.0,0.92,3.83,0.1,0.1,0.1,0.1,0.386864,0.0,0.0067469999999999995
4,2,4,100,1.62,0.72,0.0,0.54,4.24,0.1,0.1,0.1,0.1,0.527728,0.0,0.006818
4,3,4,100,1.62,0.72,0.0,0.54,4.24,0.1,0.1,0.1,0.1,0.397539,0.0,0.00042
4,3,0,100,1.23,0.66,0.0,1.02,3.11,0.1,0.1,0.1,0.1,0.38834,0.0,0.008429
4,2,2,100,1.02,0.58,0.0,1.07,3.62,0.1,0.1,0.1,0.1,0.388479,0.0,0.0021550000000000002
4,5,3,100,1.23,0.59,0.0,0.76,3.49,0.1,0.1,0.1,0.1,0.38804099999999997,0.0,0.003133
4,0,1,100,0.94,0.66,0.0,0.92,3.83,0.1,0.1,0.1,0.1,0.383854,0.0,0.019747999999999998
4,2,1,100,0.94,0.66,0.0,0.92,3.83,0.1,0.1,0.1,0.1,0.386625,0.0,0.019941
4,4,0,100,1.23,0.66,0.0,1.02,3.11,0.1,0.1,0.1,0.1,0.389179,0.0,0.007722
4,8,2,100,1.02,0.58,0.0,1.07,3.62,0.1,0.1,0.1,0.1,0.392789,0.0,0.006443000000000001
4,7,0,100,1.23,0.66,0.0,1.02,3.11,0.1,0.1,0.1,0.1,0.391472,0.0,0.0035240000000000002
4,6,3,100,1.23,0.59,0.0,0.76,3.49,0.1,0.1,0.1,0.1,0.395568,0.0,0.019898
4,5,6,100,2.0,0.36,0.0,0.26,2.47,0.1,0.1,0.1,0.1,0.711649,0.0,0.007398999999999999
4,5,5,100,1.23,0.36,0.0,0.0,4.65,0.1,0.1,0.1,0.1,1.303928,0.0,0.005902
4,1,7,100,1.84,0.62,0.0,0.0,3.09,0.1,0.1,0.1,0.1,1.326578,0.0,0.010847
4,6,8,100,1.23,0.59,0.0,0.76,3.49,0.1,0.1,0.1,0.1,0.395568,0.0,0.019898
4,5,7,100,1.84,0.62,0.0,0.0,3.09,0.1,0.1,0.1,0.1,0.718683,0.0,0.024311000000000003
4,6,6,100,2.0,0.36,0.0,0.26,2.47,0.1,0.1,0.1,0.1,0.45287200000000005,0.0,0.008896
4,4,7,100,1.84,0.62,0.0,0.0,3.09,0.1,0.1,0.1,0.1,1.440819,0.0,0.010241
4,2,7,100,1.84,0.62,0.0,0.0,3.09,0.1,0.1,0.1,0.1,1.4212200000000001,0.0,0.007353
4,7,5,100,1.23,0.36,0.0,0.0,4.65,0.1,0.1,0.1,0.1,0.7414270000000001,0.0,0.019562
4,9,7,100,1.84,0.62,0.0,0.0,3.09,0.1,0.1,0.1,0.1,0.724382,0.0,0.027736
4,4,8,100,1.23,0.59,0.0,0.76,3.49,0.1,0.1,0.1,0.1,0.388522,0.0,0.0048
4,7,7,100,1.84,0.62,0.0,0.0,3.09,0.1,0.1,0.1,0.1,1.3044,0.0,0.006571
4,8,7,100,1.84,0.62,0.0,0.0,3.09,0.1,0.1,0.1,0.1,0.726222,0.0,0.001638
4,3,7,100,1.84,0.62,0.0,0.0,3.09,0.1,0.1,0.1,0.1,1.43466,0.0,0.004998
4,8,6,100,2.0,0.36,0.0,0.26,2.47,0.1,0.1,0.1,0.1,0.393901,0.0,0.005582999999999999
4,3,8,100,1.23,0.59,0.0,0.76,3.49,0.1,0.1,0.1,0.1,0.388454,0.0,0.009432
4,8,4,100,1.62,0.72,0.0,0.54,4.24,0.1,0.1,0.1,0.1,0.38977399999999995,0.0,0.007998
4,7,8,100,1.23,0.59,0.0,0.76,3.49,0.1,0.1,0.1,0.1,0.392212,0.0,0.0074
4,1,5,100,1.23,0.36,0.0,0.0,4.65,0.1,0.1,0.1,0.1,0.714481,0.0,0.0023870000000000002
4,3,5,100,1.23,0.36,0.0,0.0,4.65,0.1,0.1,0.1,0.1,1.4331049999999999,0.0,0.008357999999999999
4,5,4,100,1.62,0.72,0.0,0.54,4.24,0.1,0.1,0.1,0.1,0.498852,0.0,0.005359
4,0,7,100,1.84,0.62,0.0,0.0,3.09,0.1,0.1,0.1,0.1,1.1937229999999999,0.0,0.023745
4,9,6,100,2.0,0.36,0.0,0.26,2.47,0.1,0.1,0.1,0.1,0.427162,0.0,0.008199
4,5,8,100,1.23,0.59,0.0,0.76,3.49,0.1,0.1,0.1,0.1,0.38804099999999997,0.0,0.003133
4,2,9,100,0.07,0.21,0.0,1.42,1.23,0.1,0.1,0.1,0.1,0.46171599999999996,0.0,0.010131999999999999
4,6,9,100,0.07,0.21,0.0,1.42,1.23,0.1,0.1,0.1,0.1,0.45430699999999996,0.0,0.001738
4,0,9,100,0.07,0.21,0.0,1.42,1.23,0.1,0.1,0.1,0.1,0.45841800000000005,0.0,0.010278
4,5,9,100,0.07,0.21,0.0,1.42,1.23,0.1,0.1,0.1,0.1,0.450284,0.0,0.008416
4,7,9,100,0.07,0.21,0.0,1.42,1.23,0.1,0.1,0.1,0.1,0.450388,0.0,0.008884999999999999
4,4,9,100,0.07,0.21,0.0,1.42,1.23,0.1,0.1,0.1,0.1,0.454966,0.0,0.011312000000000001
4,8,1,100,1.12,0.58,0.0,0.92,3.56,0.1,0.1,0.1,0.1,0.391394,0.0,0.010128
4,9,1,100,1.12,0.58,0.0,0.92,3.56,0.1,0.1,0.1,0.1,0.386754,0.0,0.006259000000000001
4,6,1,100,1.12,0.58,0.0,0.92,3.56,0.1,0.1,0.1,0.1,0.394977,0.0,0.030032
4,7,2,100,1.23,0.59,0.0,0.76,3.49,0.1,0.1,0.1,0.1,0.392212,0.0,0.0074
4,2,0,100,1.08,0.62,0.0,0.84,3.66,0.1,0.1,0.1,0.1,0.38604299999999997,0.0,0.028098
4,5,0,100,1.08,0.62,0.0,0.84,3.66,0.1,0.1,0.1,0.1,0.38865500000000003,0.0,0.005926
4,4,1,100,1.12,0.58,0.0,0.92,3.56,0.1,0.1,0.1,0.1,0.38881,0.0,0.009179000000000001
4,3,0,100,1.08,0.62,0.0,0.84,3.66,0.1,0.1,0.1,0.1,0.388461,0.0,0.009361
4,3,4,100,1.23,0.48,0.0,0.38,4.07,0.1,0.1,0.1,0.1,0.401787,0.0,0.0006929999999999999
4,0,1,100,1.12,0.58,0.0,0.92,3.56,0.1,0.1,0.1,0.1,0.38392,0.0,0.022119999999999997
4,6,0,100,1.08,0.62,0.0,0.84,3.66,0.1,0.1,0.1,0.1,0.395323,0.0,0.029635
4,5,1,100,1.12,0.58,0.0,0.92,3.56,0.1,0.1,0.1,0.1,0.389252,0.0,0.004712
4,0,3,100,1.42,0.66,0.0,0.65,3.86,0.1,0.1,0.1,0.1,0.383378,0.0,0.011872
4,6,3,100,1.42,0.66,0.0,0.65,3.86,0.1,0.1,0.1,0.1,0.397221,0.0,0.002709
4,3,3,100,1.42,0.66,0.0,0.65,3.86,0.1,0.1,0.1,0.1,0.387705,0.0,0.002617
4,5,3,100,1.42,0.66,0.0,0.65,3.86,0.1,0.1,0.1,0.1,0.386074,0.0,0.0047799999999999995
4,7,0,100,1.08,0.62,0.0,0.84,3.66,0.1,0.1,0.1,0.1,0.391577,0.0,0.009046
4,0,4,100,1.23,0.48,0.0,0.38,4.07,0.1,0.1,0.1,0.1,0.465002,0.0,0.0022789999999999998
4,3,1,100,1.12,0.58,0.0,0.92,3.56,0.1,0.1,0.1,0.1,0.388378,0.0,0.008301000000000001
4,9,0,100,1.08,0.62,0.0,0.84,3.66,0.1,0.1,0.1,0.1,0.385807,0.0,0.006812
4,1,4,100,1.23,0.48,0.0,0.38,4.07,0.1,0.1,0.1,0.1,0.415405,0.0,0.001696
4,8,3,100,1.42,0.66,0.0,0.65,3.86,0.1,0.1,0.1,0.1,0.388859,0.0,0.0054789999999999995
4,6,2,100,1.23,0.59,0.0,0.76,3.49,0.1,0.1,0.1,0.1,0.395568,0.0,0.019898
4,2,4,100,1.23,0.48,0.0,0.38,4.07,0.1,0.1,0.1,0.1,0.477484,0.0,0.036508
4,4,4,100,1.23,0.48,0.0,0.38,4.07,0.1,0.1,0.1,0.1,0.43793999999999994,0.0,0.007605
4,2,2,100,1.23,0.59,0.0,0.76,3.49,0.1,0.1,0.1,0.1,0.38569499999999995,0.0,0.036167000000000005
4,4,0,100,1.08,0.62,0.0,0.84,3.66,0.1,0.1,0.1,0.1,0.388506,0.0,0.006817
4,1,0,100,1.08,0.62,0.0,0.84,3.66,0.1,0.1,0.1,0.1,0.38842600000000005,0.0,0.044454
4,5,5,100,1.66,0.48,0.0,0.52,2.98,0.1,0.1,0.1,0.1,0.386395,0.0,0.003169
4,8,7,100,1.23,0.59,0.0,0.76,3.49,0.1,0.1,0.1,0.1,0.390004,0.0,0.009776
4,3,5,100,1.66,0.48,0.0,0.52,2.98,0.1,0.1,0.1,0.1,0.388,0.0,0.004091
4,3,7,100,1.23,0.59,0.0,0.76,3.49,0.1,0.1,0.1,0.1,0.388454,0.0,0.009432
4,3,6,100,1.54,0.6,0.0,0.29,3.3,0.1,0.1,0.1,0.1,0.9660489999999999,0.0,0.025682999999999997
4,0,8,100,0.64,0.39,0.0,1.09,2.37,0.1,0.1,0.1,0.1,0.394376,0.0,0.007181999999999999
4,0,6,100,1.54,0.6,0.0,0.29,3.3,0.1,0.1,0.1,0.1,1.0126680000000001,0.0,0.014719
4,2,5,100,1.66,0.48,0.0,0.52,2.98,0.1,0.1,0.1,0.1,0.386255,0.0,0.034244
4,7,4,100,1.23,0.48,0.0,0.38,4.07,0.1,0.1,0.1,0.1,0.411893,0.0,0.008153
4,3,8,100,0.64,0.39,0.0,1.09,2.37,0.1,0.1,0.1,0.1,0.39464099999999996,0.0,0.0027429999999999998
4,2,6,100,1.54,0.6,0.0,0.29,3.3,0.1,0.1,0.1,0.1,1.109186,0.0,0.00251
4,6,5,100,1.66,0.48,0.0,0.52,2.98,0.1,0.1,0.1,0.1,0.39741,0.0,0.003261
4,1,8,100,0.64,0.39,0.0,1.09,2.37,0.1,0.1,0.1,0.1,0.393541,0.0,0.007425
4,5,7,100,1.23,0.59,0.0,0.76,3.49,0.1,0.1,0.1,0.1,0.38804099999999997,0.0,0.003133
4,2,8,100,0.64,0.39,0.0,1.09,2.37,0.1,0.1,0.1,0.1,0.39360500000000004,0.0,0.004148
4,5,8,100,0.64,0.39,0.0,1.09,2.37,0.1,0.1,0.1,0.1,0.398244,0.0,0.008846
4,6,6,100,1.54,0.6,0.0,0.29,3.3,0.1,0.1,0.1,0.1,0.5622199999999999,0.0,0.056757
4,7,5,100,1.66,0.48,0.0,0.52,2.98,0.1,0.1,0.1,0.1,0.394916,0.0,0.002104
4,8,8,100,0.64,0.39,0.0,1.09,2.37,0.1,0.1,0.1,0.1,0.397858,0.0,0.005268
4,0,5,100,1.66,0.48,0.0,0.52,2.98,0.1,0.1,0.1,0.1,0.383042,0.0,0.013978
4,4,9,100,1.23,0.94,0.0,1.9,1.75,0.1,0.1,0.1,0.1,0.403499,0.0,0.0074010000000000005
4,6,9,100,1.23,0.94,0.0,1.9,1.75,0.1,0.1,0.1,0.1,0.403037,0.0,0.002248
4,5,9,100,1.23,0.94,0.0,1.9,1.75,0.1,0.1,0.1,0.1,0.401827,0.0,0.0057079999999999995
4,9,9,100,1.23,0.94,0.0,1.9,1.75,0.1,0.1,0.1,0.1,0.39823000000000003,0.0,0.006335
4,3,9,100,1.23,0.94,0.0,1.9,1.75,0.1,0.1,0.1,0.1,0.39725,0.0,0.009044
4,7,0,100,1.33,0.59,0.0,0.6,3.43,0.1,0.1,0.1,0.1,0.394304,0.0,0.003795
4,3,2,100,1.48,0.63,0.0,0.47,3.58,0.1,0.1,0.1,0.1,0.399789,0.0,0.001207
4,7,1,100,1.38,0.6,0.0,0.52,3.4,0.1,0.1,0.1,0.1,0.395531,0.0,0.006051
4,4,3,100,1.38,0.54,0.0,0.34,3.68,0.1,0.1,0.1,0.1,1.3004209999999998,0.0,0.00212
4,0,2,100,1.48,0.63,0.0,0.47,3.58,0.1,0.1,0.1,0.1,0.42413500000000004,0.0,0.0024519999999999998
4,8,3,100,1.38,0.54,0.0,0.34,3.68,0.1,0.1,0.1,0.1,0.505264,0.0,0.001425
4,0,1,100,1.38,0.6,0.0,0.52,3.4,0.1,0.1,0.1,0.1,0.394396,0.0,0.005282
4,4,1,100,1.38,0.6,0.0,0.52,3.4,0.1,0.1,0.1,0.1,0.40779099999999996,0.0,0.00016999999999999999
4,3,1,100,1.38,0.6,0.0,0.52,3.4,0.1,0.1,0.1,0.1,0.391351,0.0,0.001834
4,6,1,100,1.38,0.6,0.0,0.52,3.4,0.1,0.1,0.1,0.1,0.399367,0.0,0.000559
4,5,1,100,1.38,0.6,0.0,0.52,3.4,0.1,0.1,0.1,0.1,0.38655500000000004,0.0,0.0033810000000000003
4,6,2,100,1.48,0.63,0.0,0.47,3.58,0.1,0.1,0.1,0.1,0.40910799999999997,0.0,0.000874
4,4,4,100,1.6,0.54,0.0,0.4,3.14,0.1,0.1,0.1,0.1,0.613592,0.0,0.000174
4,1,0,100,1.33,0.59,0.0,0.6,3.43,0.1,0.1,0.1,0.1,0.389876,0.0,0.0016920000000000001
4,9,0,100,1.33,0.59,0.0,0.6,3.43,0.1,0.1,0.1,0.1,0.383156,0.0,0.00434
4,1,4,100,1.6,0.54,0.0,0.4,3.14,0.1,0.1,0.1,0.1,0.408238,0.0,0.001289
4,1,1,100,1.38,0.6,0.0,0.52,3.4,0.1,0.1,0.1,0.1,0.39414299999999997,0.0,0.002634
4,0,0,100,1.33,0.59,0.0,0.6,3.43,0.1,0.1,0.1,0.1,0.383123,0.0,0.011526
4,5,2,100,1.48,0.63,0.0,0.47,3.58,0.1,0.1,0.1,0.1,0.48627600000000004,0.0,0.002332
4,1,3,100,1.38,0.54,0.0,0.34,3.68,0.1,0.1,0.1,0.1,0.45607,0.0,0.004025
4,9,1,100,1.38,0.6,0.0,0.52,3.4,0.1,0.1,0.1,0.1,0.385531,0.0,0.00237
4,2,4,100,1.6,0.54,0.0,0.4,3.14,0.1,0.1,0.1,0.1,0.590467,0.0,0.002288
4,2,3,100,1.38,0.54,0.0,0.34,3.68,0.1,0.1,0.1,0.1,0.556476,0.0,0.0034270000000000004
4,9,3,100,1.38,0.54,0.0,0.34,3.68,0.1,0.1,0.1,0.1,0.46492700000000003,0.0,0.013380000000000001
4,2,1,100,1.38,0.6,0.0,0.52,3.4,0.1,0.1,0.1,0.1,0.387997,0.0,0.039994
4,9,8,100,2.0,0.78,0.0,0.15,2.14,0.1,0.1,0.1,0.1,0.984196,0.0,0.00055
4,0,8,100,2.0,0.78,0.0,0.15,2.14,0.1,0.1,0.1,0.1,1.2776040000000002,0.0,0.001575
4,8,4,100,1.6,0.54,0.0,0.4,3.14,0.1,0.1,0.1,0.1,0.390366,0.0,0.011459
4,6,7,100,1.72,0.51,0.0,0.0,2.46,0.1,0.1,0.1,0.1,0.751704,0.0,0.013981
4,6,5,100,2.0,0.63,0.0,0.0,2.91,0.1,0.1,0.1,0.1,1.423039,0.0,0.015634000000000002
4,7,8,100,2.0,0.78,0.0,0.15,2.14,0.1,0.1,0.1,0.1,1.088849,0.0,0.010835
4,3,8,100,2.0,0.78,0.0,0.15,2.14,0.1,0.1,0.1,0.1,1.015147,0.0,0.002314
4,0,7,100,1.72,0.51,0.0,0.0,2.46,0.1,0.1,0.1,0.1,1.316482,0.0,0.04034
4,0,5,100,2.0,0.63,0.0,0.0,2.91,0.1,0.1,0.1,0.1,1.4492459999999998,0.0,0.008695999999999999
4,1,8,100,2.0,0.78,0.0,0.15,2.14,0.1,0.1,0.1,0.1,1.016977,0.0,0.0016989999999999998
4,7,5,100,2.0,0.63,0.0,0.0,2.91,0.1,0.1,0.1,0.1,0.7207520000000001,0.0,0.000113
4,6,6,100,2.0,0.62,0.0,0.0,3.01,0.1,0.1,0.1,0.1,1.423039,0.0,0.014484
4,7,7,100,1.72,0.51,0.0,0.0,2.46,0.1,0.1,0.1,0.1,0.72119,0.0,0.00554
4,4,8,100,2.0,0.78,0.0,0.15,2.14,0.1,0.1,0.1,0.1,0.82735,0.0,0.008317
4,7,6,100,2.0,0.62,0.0,0.0,3.01,0.1,0.1,0.1,0.1,0.7207520000000001,0.0,0.007089
4,8,8,100,2.0,0.78,0.0,0.15,2.14,0.1,0.1,0.1,0.1,1.260737,0.0,0.002133
4,1,6,100,2.0,0.62,0.0,0.0,3.01,0.1,0.1,0.1,0.1,0.7047329999999999,0.0,0.003658
4,7,4,100,1.6,0.54,0.0,0.4,3.14,0.1,0.1,0.1,0.1,0.435041,0.0,0.000352
4,2,6,100,2.0,0.62,0.0,0.0,3.01,0.1,0.1,0.1,0.1,1.414052,0.0,0.00031
4,4,5,100,2.0,0.63,0.0,0.0,2.91,0.1,0.1,0.1,0.1,1.440819,0.0,0.011343
4,5,7,100,1.72,0.51,0.0,0.0,2.46,0.1,0.1,0.1,0.1,1.4415870000000002,0.0,0.006884
4,6,8,100,2.0,0.78,0.0,0.15,2.14,0.1,0.1,0.1,0.1,1.041421,0.0,0.020111
4,3,7,100,1.72,0.51,0.0,0.0,2.46,0.1,0.1,0.1,0.1,1.361947,0.0,0.042192
4,6,4,100,1.6,0.54,0.0,0.4,3.14,0.1,0.1,0.1,0.1,0.41328400000000004,0.0,0.000549
4,5,8,100,2.0,0.78,0.0,0.15,2.14,0.1,0.1,0.1,0.1,1.114244,0.0,0.000708
4,4,7,100,1.72,0.51,0.0,0.0,2.46,0.1,0.1,0.1,0.1,1.440819,0.0,0.011105
4,6,9,100,1.36,0.78,0.0,0.0,3.78,0.1,0.1,0.1,0.1,0.787423,0.0,0.037362
4,8,9,100,1.36,0.78,0.0,0.0,3.78,0.1,0.1,0.1,0.1,0.750225,0.0,0.00054
4,9,9,100,1.36,0.78,0.0,0.0,3.78,0.1,0.1,0.1,0.1,1.1839600000000001,0.0,0.0035479999999999995
4,1,9,100,1.36,0.78,0.0,0.0,3.78,0.1,0.1,0.1,0.1,0.7047329999999999,0.0,0.0037479999999999996
4,8,0,100,1.46,0.6,0.0,0.4,3.35,0.1,0.1,0.1,0.1,0.401994,0.0,0.008962999999999999
4,5,0,100,1.46,0.6,0.0,0.4,3.35,0.1,0.1,0.1,0.1,0.6359560000000001,0.0,0.007891
4,4,1,100,1.51,0.62,0.0,0.38,3.44,0.1,0.1,0.1,0.1,0.693264,0.0,0.00043
4,6,0,100,1.46,0.6,0.0,0.4,3.35,0.1,0.1,0.1,0.1,0.41996999999999995,0.0,0.013996000000000001
4,3,2,100,1.46,0.57,0.0,0.32,3.49,0.1,0.1,0.1,0.1,0.823976,0.0,0.0017280000000000002
4,9,2,100,1.46,0.57,0.0,0.32,3.49,0.1,0.1,0.1,0.1,0.588112,0.0,0.0024920000000000003
4,4,0,100,1.46,0.6,0.0,0.4,3.35,0.1,0.1,0.1,0.1,1.432277,0.0,0.00048600000000000005
4,3,4,100,1.77,0.62,0.0,0.14,3.1,0.1,0.1,0.1,0.1,0.9909969999999999,0.0,0.007456
4,7,0,100,1.46,0.6,0.0,0.4,3.35,0.1,0.1,0.1,0.1,0.480433,0.0,0.001139
4,2,0,100,1.46,0.6,0.0,0.4,3.35,0.1,0.1,0.1,0.1,0.657325,0.0,0.014695
4,5,3,100,1.57,0.57,0.0,0.34,3.22,0.1,0.1,0.1,0.1,0.7478640000000001,0.0,0.0066430000000000005
4,8,2,100,1.46,0.57,0.0,0.32,3.49,0.1,0.1,0.1,0.1,0.763999,0.0,0.018954
4,2,3,100,1.57,0.57,0.0,0.34,3.22,0.1,0.1,0.1,0.1,0.586512,0.0,0.0135
4,0,3,100,1.57,0.57,0.0,0.34,3.22,0.1,0.1,0.1,0.1,0.6791149999999999,0.0,0.000301
4,6,3,100,1.57,0.57,0.0,0.34,3.22,0.1,0.1,0.1,0.1,0.43458,0.0,0.0034170000000000003
4,2,4,100,1.77,0.62,0.0,0.14,3.1,0.1,0.1,0.1,0.1,1.075159,0.0,0.000735
4,7,1,100,1.51,0.62,0.0,0.38,3.44,0.1,0.1,0.1,0.1,0.651435,0.0,0.000492
4,3,1,100,1.51,0.62,0.0,0.38,3.44,0.1,0.1,0.1,0.1,0.690276,0.0,0.004778
4,0,4,100,1.77,0.62,0.0,0.14,3.1,0.1,0.1,0.1,0.1,1.115054,0.0,0.009656
4,0,0,100,1.46,0.6,0.0,0.4,3.35,0.1,0.1,0.1,0.1,0.426803,0.0,0.019967
4,1,2,100,1.46,0.57,0.0,0.32,3.49,0.1,0.1,0.1,0.1,0.496105,0.0,0.006135
4,9,0,100,1.46,0.6,0.0,0.4,3.35,0.1,0.1,0.1,0.1,0.41756400000000005,0.0,0.013987000000000001
4,9,3,100,1.57,0.57,0.0,0.34,3.22,0.1,0.1,0.1,0.1,0.456056,0.0,0.00836
4,1,4,100,1.77,0.62,0.0,0.14,3.1,0.1,0.1,0.1,0.1,1.28934,0.0,0.014202000000000001
4,6,2,100,1.46,0.57,0.0,0.32,3.49,0.1,0.1,0.1,0.1,0.521245,0.0,0.005873
4,4,4,100,1.77,0.62,0.0,0.14,3.1,0.1,0.1,0.1,0.1,1.4406430000000001,0.0,0.00968
4,7,3,100,1.57,0.57,0.0,0.34,3.22,0.1,0.1,0.1,0.1,0.731599,0.0,0.000103
4,6,4,100,1.77,0.62,0.0,0.14,3.1,0.1,0.1,0.1,0.1,0.939484,0.0,0.001381
4,3,5,100,1.78,0.6,0.0,0.0,3.15,0.1,0.1,0.1,0.1,1.434655,0.0,0.0021850000000000003
4,9,8,100,1.45,0.69,0.0,0.12,3.54,0.1,0.1,0.1,0.1,1.165834,0.0,0.002559
4,9,6,100,1.63,0.55,0.0,0.02,2.88,0.1,0.1,0.1,0.1,1.001124,0.0,0.008947
4,9,5,100,1.78,0.6,0.0,0.0,3.15,0.1,0.1,0.1,0.1,1.396321,0.0,0.00024300000000000002
4,0,5,100,1.78,0.6,0.0,0.0,3.15,0.1,0.1,0.1,0.1,1.4492459999999998,0.0,0.008392
4,7,6,100,1.63,0.55,0.0,0.02,2.88,0.1,0.1,0.1,0.1,0.961414,0.0,0.001389
4,9,4,100,1.77,0.62,0.0,0.14,3.1,0.1,0.1,0.1,0.1,1.018629,0.0,0.005135
4,7,4,100,1.77,0.62,0.0,0.14,3.1,0.1,0.1,0.1,0.1,1.07978,0.0,0.008431000000000001
4,5,5,100,1.78,0.6,0.0,0.0,3.15,0.1,0.1,0.1,0.1,1.275978,0.0,0.030749000000000002
4,5,6,100,1.63,0.55,0.0,0.02,2.88,0.1,0.1,0.1,0.1,0.718683,0.0,0.005684000000000001
4,7,8,100,1.45,0.69,0.0,0.12,3.54,0.1,0.1,0.1,0.1,1.189282,0.0,0.005444
4,2,8,100,1.45,0.69,0.0,0.12,3.54,0.1,0.1,0.1,0.1,1.0971819999999999,0.0,0.006736
4,1,6,100,1.63,0.55,0.0,0.02,2.88,0.1,0.1,0.1,0.1,0.7047329999999999,0.0,0.005878
4,1,5,100,1.78,0.6,0.0,0.0,3.15,0.1,0.1,0.1,0.1,0.720719,0.0,0.0082
4,7,7,100,1.78,0.69,0.0,0.21,2.73,0.1,0.1,0.1,0.1,1.0683280000000002,0.0,0.000727
4,9,7,100,1.78,0.69,0.0,0.21,2.73,0.1,0.1,0.1,0.1,1.047077,0.0,0.000178
4,3,7,100,1.78,0.69,0.0,0.21,2.73,0.1,0.1,0.1,0.1,1.06685,0.0,0.009824
4,5,7,100,1.78,0.69,0.0,0.21,2.73,0.1,0.1,0.1,0.1,1.12452,0.0,0.020248
4,4,8,100,1.45,0.69,0.0,0.12,3.54,0.1,0.1,0.1,0.1,1.360354,0.0,0.0003
4,3,8,100,1.45,0.69,0.0,0.12,3.54,0.1,0.1,0.1,0.1,1.206537,0.0,0.005097
4,1,9,100,0.85,0.55,0.0,0.72,3.88,0.1,0.1,0.1,0.1,0.38936,0.0,0.018261000000000003
4,5,9,100,0.85,0.55,0.0,0.72,3.88,0.1,0.1,0.1,0.1,0.388777,0.0,0.006072
4,6,9,100,0.85,0.55,0.0,0.72,3.88,0.1,0.1,0.1,0.1,0.395602,0.0,0.024303
4,3,9,100,0.85,0.55,0.0,0.72,3.88,0.1,0.1,0.1,0.1,0.388493,0.0,0.009631
4,9,1,100,1.5,0.58,0.0,0.3,3.4,0.1,0.1,0.1,0.1,0.654759,0.0,0.010931
4,0,1,100,1.5,0.58,0.0,0.3,3.4,0.1,0.1,0.1,0.1,1.054877,0.0,0.002892
4,4,1,100,1.5,0.58,0.0,0.3,3.4,0.1,0.1,0.1,0.1,1.161349,0.0,0.000826
4,9,3,100,1.66,0.61,0.0,0.22,3.2,0.1,0.1,0.1,0.1,1.290059,0.0,0.0033689999999999996
4,9,0,100,1.52,0.61,0.0,0.34,3.37,0.1,0.1,0.1,0.1,0.5748880000000001,0.0,0.003919
4,1,0,100,1.52,0.61,0.0,0.34,3.37,0.1,0.1,0.1,0.1,0.523115,0.0,0.001093
4,8,3,100,1.66,0.61,0.0,0.22,3.2,0.1,0.1,0.1,0.1,0.987082,0.0,0.001186
4,3,0,100,1.52,0.61,0.0,0.34,3.37,0.1,0.1,0.1,0.1,0.8039270000000001,0.0,0.044814
4,6,0,100,1.52,0.61,0.0,0.34,3.37,0.1,0.1,0.1,0.1,0.475303,0.0,0.004809000000000001
4,7,0,100,1.52,0.61,0.0,0.34,3.37,0.1,0.1,0.1,0.1,0.829132,0.0,0.004520000000000001
4,0,3,100,1.66,0.61,0.0,0.22,3.2,0.1,0.1,0.1,0.1,1.192184,0.0,0.018324
4,8,2,100,1.56,0.58,0.0,0.32,3.26,0.1,0.1,0.1,0.1,0.6946100000000001,0.0,0.000714
4,1,3,100,1.66,0.61,0.0,0.22,3.2,0.1,0.1,0.1,0.1,1.1725809999999999,0.0,0.009031
4,5,2,100,1.56,0.58,0.0,0.32,3.26,0.1,0.1,0.1,0.1,0.738639,0.0,0.000386
4,3,2,100,1.56,0.58,0.0,0.32,3.26,0.1,0.1,0.1,0.1,1.010921,0.0,0.013244
4,6,2,100,1.56,0.58,0.0,0.32,3.26,0.1,0.1,0.1,0.1,0.487525,0.0,0.006522
4,8,5,100,1.58,0.57,0.0,0.15,3.09,0.1,0.1,0.1,0.1,1.246652,0.0,0.000704
4,2,6,100,1.66,0.64,0.0,0.24,3.01,0.1,0.1,0.1,0.1,1.05094,0.0,0.005197
4,8,4,100,1.66,0.6,0.0,0.14,3.22,0.1,0.1,0.1,0.1,1.159066,0.0,0.001344
4,1,5,100,1.58,0.57,0.0,0.15,3.09,0.1,0.1,0.1,0.1,1.2106350000000001,0.0,0.004959000000000001
4,7,5,100,1.58,0.57,0.0,0.15,3.09,0.1,0.1,0.1,0.1,1.369901,0.0,0.002346
4,3,8,100,1.2,0.57,0.0,0.51,3.6,0.1,0.1,0.1,0.1,0.38998299999999997,0.0,0.000598
4,0,6,100,1.66,0.64,0.0,0.24,3.01,0.1,0.1,0.1,0.1,1.1596309999999999,0.0,0.001196
4,6,7,100,1.5,0.64,0.0,0.21,3.42,0.1,0.1,0.1,0.1,0.727107,0.0,0.021015
4,5,4,100,1.66,0.6,0.0,0.14,3.22,0.1,0.1,0.1,0.1,1.004667,0.0,0.034494
4,9,7,100,1.5,0.64,0.0,0.21,3.42,0.1,0.1,0.1,0.1,1.0429680000000001,0.0,0.000412
4,6,8,100,1.2,0.57,0.0,0.51,3.6,0.1,0.1,0.1,0.1,0.398289,0.0,0.000291
4,5,7,100,1.5,0.64,0.0,0.21,3.42,0.1,0.1,0.1,0.1,1.262741,0.0,0.011769
4,3,7,100,1.5,0.64,0.0,0.21,3.42,0.1,0.1,0.1,0.1,1.0303790000000002,0.0,0.0035369999999999998
4,1,8,100,1.2,0.57,0.0,0.51,3.6,0.1,0.1,0.1,0.1,0.386917,0.0,0.001891
4,9,5,100,1.58,0.57,0.0,0.15,3.09,0.1,0.1,0.1,0.1,1.110696,0.0,0.005581
4,6,4,100,1.66,0.6,0.0,0.14,3.22,0.1,0.1,0.1,0.1,1.136585,0.0,0.004323
4,8,6,100,1.66,0.64,0.0,0.24,3.01,0.1,0.1,0.1,0.1,0.990347,0.0,0.007391
4,0,8,100,1.2,0.57,0.0,0.51,3.6,0.1,0.1,0.1,0.1,0.391036,0.0,0.006494
4,1,6,100,1.66,0.64,0.0,0.24,3.01,0.1,0.1,0.1,0.1,1.07461,0.0,0.008712000000000001
4,2,8,100,1.2,0.57,0.0,0.51,3.6,0.1,0.1,0.1,0.1,0.385678,0.0,0.038513
4,0,9,100,1.18,0.6,0.0,0.72,3.52,0.1,0.1,0.1,0.1,0.382317,0.0,0.01644
4,5,9,100,1.18,0.6,0.0,0.72,3.52,0.1,0.1,0.1,0.1,0.387448,0.0,0.0013210000000000001
4,7,9,100,1.18,0.6,0.0,0.72,3.52,0.1,0.1,0.1,0.1,0.39245399999999997,0.0,0.004983
4,9,9,100,1.18,0.6,0.0,0.72,3.52,0.1,0.1,0.1,0.1,0.38367199999999996,0.0,0.003746
4,3,9,100,1.18,0.6,0.0,0.72,3.52,0.1,0.1,0.1,0.1,0.388508,0.0,0.009864
4,4,9,100,1.18,0.6,0.0,0.72,3.52,0.1,0.1,0.1,0.1,0.388692,0.0,0.003635
4,6,1,100,1.55,0.59,0.0,0.3,3.28,0.1,0.1,0.1,0.1,0.602065,0.0,0.017103999999999998
4,9,1,100,1.55,0.59,0.0,0.3,3.28,0.1,0.1,0.1,0.1,0.624496,0.0,0.005164
4,3,1,100,1.55,0.59,0.0,0.3,3.28,0.1,0.1,0.1,0.1,0.849714,0.0,0.026716000000000004
4,8,0,100,1.52,0.59,0.0,0.3,3.35,0.1,0.1,0.1,0.1,0.9244190000000001,0.0,0.000408
4,7,2,100,1.6,0.6,0.0,0.26,3.25,0.1,0.1,0.1,0.1,0.940508,0.0,0.00018
4,1,0,100,1.52,0.59,0.0,0.3,3.35,0.1,0.1,0.1,0.1,0.539903,0.0,0.009461
4,6,0,100,1.52,0.59,0.0,0.3,3.35,0.1,0.1,0.1,0.1,0.5806319999999999,0.0,0.015516
4,2,2,100,1.6,0.6,0.0,0.26,3.25,0.1,0.1,0.1,0.1,1.1558110000000001,0.0,7.3e-05
4,5,0,100,1.52,0.59,0.0,0.3,3.35,0.1,0.1,0.1,0.1,1.059761,0.0,0.041151
4,2,1,100,1.55,0.59,0.0,0.3,3.28,0.1,0.1,0.1,0.1,1.1571040000000001,0.0,0.027675
4,3,2,100,1.6,0.6,0.0,0.26,3.25,0.1,0.1,0.1,0.1,1.083016,0.0,0.000178
4,8,3,100,1.6,0.6,0.0,0.22,3.26,0.1,0.1,0.1,0.1,1.010458,0.0,0.002782
4,0,3,100,1.6,0.6,0.0,0.22,3.26,0.1,0.1,0.1,0.1,1.1757309999999999,0.0,0.000484
4,4,2,100,1.6,0.6,0.0,0.26,3.25,0.1,0.1,0.1,0.1,1.1196959999999998,0.0,0.004229
4,2,0,100,1.52,0.59,0.0,0.3,3.35,0.1,0.1,0.1,0.1,1.060192,0.0,0.007670999999999999
4,3,3,100,1.6,0.6,0.0,0.22,3.26,0.1,0.1,0.1,0.1,1.1521,0.0,0.001285
4,5,2,100,1.6,0.6,0.0,0.26,3.25,0.1,0.1,0.1,0.1,0.8786120000000001,0.0,0.007765
4,9,3,100,1.6,0.6,0.0,0.22,3.26,0.1,0.1,0.1,0.1,1.181677,0.0,0.001737
4,1,2,100,1.6,0.6,0.0,0.26,3.25,0.1,0.1,0.1,0.1,0.694654,0.0,0.002428
4,1,3,100,1.6,0.6,0.0,0.22,3.26,0.1,0.1,0.1,0.1,0.973892,0.0,0.007451999999999999
4,4,0,100,1.52,0.59,0.0,0.3,3.35,0.1,0.1,0.1,0.1,1.230208,0.0,0.000195
4,1,4,100,1.56,0.58,0.0,0.22,3.2,0.1,0.1,0.1,0.1,1.165031,0.0,0.007552
4,7,1,100,1.55,0.59,0.0,0.3,3.28,0.1,0.1,0.1,0.1,0.781012,0.0,0.0037450000000000005
4,8,2,100,1.6,0.6,0.0,0.26,3.25,0.1,0.1,0.1,0.1,1.015426,0.0,0.005894
4,4,5,100,1.6,0.63,0.0,0.27,3.15,0.1,0.1,0.1,0.1,1.067134,0.0,0.010264
4,1,6,100,1.51,0.63,0.0,0.24,3.36,0.1,0.1,0.1,0.1,1.081493,0.0,0.0052049999999999996
4,3,8,100,1.36,0.6,0.0,0.51,3.42,0.1,0.1,0.1,0.1,0.392013,0.0,0.001312
4,1,7,100,1.36,0.58,0.0,0.39,3.45,0.1,0.1,0.1,0.1,0.440925,0.0,0.00454
4,2,7,100,1.36,0.58,0.0,0.39,3.45,0.1,0.1,0.1,0.1,0.635185,0.0,0.002803
4,7,4,100,1.56,0.58,0.0,0.22,3.2,0.1,0.1,0.1,0.1,0.981381,0.0,0.002045
4,4,6,100,1.51,0.63,0.0,0.24,3.36,0.1,0.1,0.1,0.1,1.10448,0.0,0.0063490000000000005
4,0,8,100,1.36,0.6,0.0,0.51,3.42,0.1,0.1,0.1,0.1,0.397396,0.0,0.0046
4,2,8,100,1.36,0.6,0.0,0.51,3.42,0.1,0.1,0.1,0.1,0.38966,0.0,0.032855
4,3,5,100,1.6,0.63,0.0,0.27,3.15,0.1,0.1,0.1,0.1,1.148965,0.0,0.010865999999999999
4,5,7,100,1.36,0.58,0.0,0.39,3.45,0.1,0.1,0.1,0.1,0.5632590000000001,0.0,0.00475
4,6,4,100,1.56,0.58,0.0,0.22,3.2,0.1,0.1,0.1,0.1,0.91609,0.0,0.00704
4,9,7,100,1.36,0.58,0.0,0.39,3.45,0.1,0.1,0.1,0.1,0.407574,0.0,0.003629
4,6,6,100,1.51,0.63,0.0,0.24,3.36,0.1,0.1,0.1,0.1,0.946782,0.0,0.003072
4,8,6,100,1.51,0.63,0.0,0.24,3.36,0.1,0.1,0.1,0.1,1.0628600000000001,0.0,0.0008320000000000001
4,4,8,100,1.36,0.6,0.0,0.51,3.42,0.1,0.1,0.1,0.1,0.411301,0.0,0.000231
4,3,7,100,1.36,0.58,0.0,0.39,3.45,0.1,0.1,0.1,0.1,0.456987,0.0,0.0008289999999999999
4,0,7,100,1.36,0.58,0.0,0.39,3.45,0.1,0.1,0.1,0.1,0.604214,0.0,0.005595
4,0,9,100,1.48,0.64,0.0,0.5,3.62,0.1,0.1,0.1,0.1,0.41942399999999996,0.0,0.003168
4,6,9,100,1.48,0.64,0.0,0.5,3.62,0.1,0.1,0.1,0.1,0.404636,0.0,0.0019440000000000002
4,7,9,100,1.48,0.64,0.0,0.5,3.62,0.1,0.1,0.1,0.1,0.413285,0.0,0.000259
4,1,9,100,1.48,0.64,0.0,0.5,3.62,0.1,0.1,0.1,0.1,0.40171599999999996,0.0,0.002595
4,9,9,100,1.48,0.64,0.0,0.5,3.62,0.1,0.1,0.1,0.1,0.39886900000000003,0.0,0.0036520000000000003
4,8,0,100,1.54,0.6,0.0,0.3,3.29,0.1,0.1,0.1,0.1,0.8323950000000001,0.0,0.017343
4,7,0,100,1.54,0.6,0.0,0.3,3.29,0.1,0.1,0.1,0.1,0.977657,0.0,0.002078
4,6,1,100,1.57,0.6,0.0,0.28,3.28,0.1,0.1,0.1,0.1,0.5681229999999999,0.0,0.024919
4,8,1,100,1.57,0.6,0.0,0.28,3.28,0.1,0.1,0.1,0.1,0.931602,0.0,0.02708
4,4,0,100,1.54,0.6,0.0,0.3,3.29,0.1,0.1,0.1,0.1,1.19913,0.0,0.0045520000000000005
4,5,0,100,1.54,0.6,0.0,0.3,3.29,0.1,0.1,0.1,0.1,1.072057,0.0,0.002463
4,1,3,100,1.55,0.59,0.0,0.26,3.25,0.1,0.1,0.1,0.1,0.684289,0.0,0.001371
4,0,3,100,1.55,0.59,0.0,0.26,3.25,0.1,0.1,0.1,0.1,1.024413,0.0,0.000331
4,5,3,100,1.55,0.59,0.0,0.26,3.25,0.1,0.1,0.1,0.1,1.047469,0.0,0.002885
4,8,2,100,1.57,0.6,0.0,0.26,3.28,0.1,0.1,0.1,0.1,0.991333,0.0,0.014163
4,1,0,100,1.54,0.6,0.0,0.3,3.29,0.1,0.1,0.1,0.1,0.534455,0.0,0.006803
4,2,1,100,1.57,0.6,0.0,0.28,3.28,0.1,0.1,0.1,0.1,1.132658,0.0,0.005665
4,4,4,100,1.57,0.62,0.0,0.28,3.22,0.1,0.1,0.1,0.1,1.1054059999999999,0.0,0.006503
4,7,1,100,1.57,0.6,0.0,0.28,3.28,0.1,0.1,0.1,0.1,0.8574579999999999,0.0,0.009298
4,9,1,100,1.57,0.6,0.0,0.28,3.28,0.1,0.1,0.1,0.1,0.715039,0.0,0.004582
4,3,2,100,1.57,0.6,0.0,0.26,3.28,0.1,0.1,0.1,0.1,0.9320700000000001,0.0,0.020006
4,4,1,100,1.57,0.6,0.0,0.28,3.28,0.1,0.1,0.1,0.1,1.042399,0.0,0.011755
4,1,2,100,1.57,0.6,0.0,0.26,3.28,0.1,0.1,0.1,0.1,0.697182,0.0,0.0027429999999999998
4,0,4,100,1.57,0.62,0.0,0.28,3.22,0.1,0.1,0.1,0.1,1.1405,0.0,0.034647000000000004
4,3,0,100,1.54,0.6,0.0,0.3,3.29,0.1,0.1,0.1,0.1,0.87344,0.0,0.014547999999999998
4,6,3,100,1.55,0.59,0.0,0.26,3.25,0.1,0.1,0.1,0.1,0.7505189999999999,0.0,0.008867
4,3,1,100,1.57,0.6,0.0,0.28,3.28,0.1,0.1,0.1,0.1,0.981727,0.0,0.01637
4,6,2,100,1.57,0.6,0.0,0.26,3.28,0.1,0.1,0.1,0.1,0.679189,0.0,0.004788000000000001
4,1,4,100,1.57,0.62,0.0,0.28,3.22,0.1,0.1,0.1,0.1,0.546913,0.0,0.004953
4,3,3,100,1.55,0.59,0.0,0.26,3.25,0.1,0.1,0.1,0.1,1.012019,0.0,0.00044500000000000003
4,4,6,100,1.45,0.6,0.0,0.34,3.37,0.1,0.1,0.1,0.1,0.747708,0.0,0.002221
4,4,5,100,1.52,0.62,0.0,0.27,3.33,0.1,0.1,0.1,0.1,1.112762,0.0,0.004415
4,2,5,100,1.52,0.62,0.0,0.27,3.33,0.1,0.1,0.1,0.1,1.192909,0.0,0.00548
4,5,6,100,1.45,0.6,0.0,0.34,3.37,0.1,0.1,0.1,0.1,0.9992719999999999,0.0,0.004716
4,0,5,100,1.52,0.62,0.0,0.27,3.33,0.1,0.1,0.1,0.1,1.129902,0.0,0.002881
4,7,4,100,1.57,0.62,0.0,0.28,3.22,0.1,0.1,0.1,0.1,0.8998809999999999,0.0,0.016663
4,7,6,100,1.45,0.6,0.0,0.34,3.37,0.1,0.1,0.1,0.1,0.706753,0.0,0.0017809999999999998
4,6,6,100,1.45,0.6,0.0,0.34,3.37,0.1,0.1,0.1,0.1,0.467081,0.0,0.004842
4,8,7,100,1.45,0.6,0.0,0.39,3.36,0.1,0.1,0.1,0.1,0.417371,0.0,0.010608
4,7,5,100,1.52,0.62,0.0,0.27,3.33,0.1,0.1,0.1,0.1,0.7754409999999999,0.0,0.000921
4,1,6,100,1.45,0.6,0.0,0.34,3.37,0.1,0.1,0.1,0.1,0.523727,0.0,0.001239
4,0,6,100,1.45,0.6,0.0,0.34,3.37,0.1,0.1,0.1,0.1,0.835449,0.0,0.004445
4,8,8,100,1.51,0.63,0.0,0.39,3.45,0.1,0.1,0.1,0.1,0.5138659999999999,0.0,0.000599
4,1,7,100,1.45,0.6,0.0,0.39,3.36,0.1,0.1,0.1,0.1,0.44328,0.0,0.010631999999999999
4,5,4,100,1.57,0.62,0.0,0.28,3.22,0.1,0.1,0.1,0.1,1.201766,0.0,0.018126
4,4,8,100,1.51,0.63,0.0,0.39,3.45,0.1,0.1,0.1,0.1,0.882617,0.0,0.001381
4,7,8,100,1.51,0.63,0.0,0.39,3.45,0.1,0.1,0.1,0.1,0.5848,0.0,0.001031
4,3,8,100,1.51,0.63,0.0,0.39,3.45,0.1,0.1,0.1,0.1,0.815501,0.0,0.004256
4,1,9,100,1.45,0.55,0.0,0.32,3.52,0.1,0.1,0.1,0.1,0.47926199999999997,0.0,0.002223
4,6,9,100,1.45,0.55,0.0,0.32,3.52,0.1,0.1,0.1,0.1,0.448589,0.0,0.005692
4,2,9,100,1.45,0.55,0.0,0.32,3.52,0.1,0.1,0.1,0.1,0.882201,0.0,0.000521
4,9,9,100,1.45,0.55,0.0,0.32,3.52,0.1,0.1,0.1,0.1,0.506657,0.0,0.005409000000000001
4,4,9,100,1.45,0.55,0.0,0.32,3.52,0.1,0.1,0.1,0.1,0.7318899999999999,0.0,0.002326
