4,0,16,100,0.800000,0.640000,0.000000,0.700000,2.000000,0.100000,0.100000,0.100000,0.100000,0.000000,0.000000,9.485618
4,0,0,100,0.800000,0.000000,0.000000,0.700000,2.000000,0.100000,0.100000,0.100000,0.100000,0.000000,0.000000,1.010035
4,0,18,100,0.800000,0.720000,0.000000,0.700000,2.000000,0.100000,0.100000,0.100000,0.100000,0.000000,0.000000,11.144696
4,0,28,100,0.800000,1.120000,0.000000,0.700000,2.000000,0.100000,0.100000,0.100000,0.100000,0.000000,0.000000,19.219567
4,0,8,100,0.800000,0.320000,0.000000,0.700000,2.000000,0.100000,0.100000,0.100000,0.100000,0.000000,0.000000,5.100546
4,0,31,100,0.800000,1.240000,0.000000,0.700000,2.000000,0.100000,0.100000,0.100000,0.100000,0.000000,0.000000,16.578609
4,0,33,100,0.800000,1.320000,0.000000,0.700000,2.000000,0.100000,0.100000,0.100000,0.100000,0.000000,0.000000,14.438650
4,0,20,100,0.800000,0.800000,0.000000,0.700000,2.000000,0.100000,0.100000,0.100000,0.100000,0.000000,0.000000,13.310985
4,0,29,100,0.800000,1.160000,0.000000,0.700000,2.000000,0.100000,0.100000,0.100000,0.100000,0.000000,0.000000,18.326593
4,0,3,100,0.800000,0.120000,0.000000,0.700000,2.000000,0.100000,0.100000,0.100000,0.100000,0.000000,0.000000,3.067747
4,0,36,100,0.800000,1.440000,0.000000,0.700000,2.000000,0.100000,0.100000,0.100000,0.100000,0.000000,0.000000,9.974461
4,0,14,100,0.800000,0.560000,0.000000,0.700000,2.000000,0.100000,0.100000,0.100000,0.100000,0.000000,0.000000,8.138643
4,0,44,100,0.800000,1.760000,0.000000,0.700000,2.000000,0.100000,0.100000,0.100000,0.100000,0.000000,0.000000,3.484279
4,0,15,100,0.800000,0.600000,0.000000,0.700000,2.000000,0.100000,0.100000,0.100000,0.100000,0.000000,0.000000,8.797945
4,0,22,100,0.800000,0.880000,0.000000,0.700000,2.000000,0.100000,0.100000,0.100000,0.100000,0.000000,0.000000,16.067136
4,0,12,100,0.800000,0.480000,0.000000,0.700000,2.000000,0.100000,0.100000,0.100000,0.100000,0.000000,0.000000,6.953508
4,0,41,100,0.800000,1.640000,0.000000,0.700000,2.000000,0.100000,0.100000,0.100000,0.100000,0.000000,0.000000,4.680650
4,0,25,100,0.800000,1.000000,0.000000,0.700000,2.000000,0.100000,0.100000,0.100000,0.100000,0.000000,0.000000,20.532567
4,0,42,100,0.800000,1.680000,0.000000,0.700000,2.000000,0.100000,0.100000,0.100000,0.100000,0.000000,0.000000,4.237044
4,0,13,100,0.800000,0.520000,0.000000,0.700000,2.000000,0.100000,0.100000,0.100000,0.100000,0.000000,0.000000,7.530575
4,0,10,100,0.800000,0.400000,0.000000,0.700000,2.000000,0.100000,0.100000,0.100000,0.100000,0.000000,0.000000,6.028410
4,0,32,100,0.800000,1.280000,0.000000,0.700000,2.000000,0.100000,0.100000,0.100000,0.100000,0.000000,0.000000,15.609320
4,0,7,100,0.800000,0.280000,0.000000,0.700000,2.000000,0.100000,0.100000,0.100000,0.100000,0.000000,0.000000,4.844999
4,0,6,100,0.800000,0.240000,0.000000,0.700000,2.000000,0.100000,0.100000,0.100000,0.100000,0.000000,0.000000,4.383198
4,0,37,100,0.800000,1.480000,0.000000,0.700000,2.000000,0.100000,0.100000,0.100000,0.100000,0.000000,0.000000,8.602164
4,0,26,100,0.800000,1.040000,0.000000,0.700000,2.000000,0.100000,0.100000,0.100000,0.100000,0.000000,0.000000,21.362386
4,0,19,100,0.800000,0.760000,0.000000,0.700000,2.000000,0.100000,0.100000,0.100000,0.100000,0.000000,0.000000,12.141427
4,0,21,100,0.800000,0.840000,0.000000,0.700000,2.000000,0.100000,0.100000,0.100000,0.100000,0.000000,0.000000,14.636219
4,0,23,100,0.800000,0.920000,0.000000,0.700000,2.000000,0.100000,0.100000,0.100000,0.100000,0.000000,0.000000,17.605701
4,0,27,100,0.800000,1.080000,0.000000,0.700000,2.000000,0.100000,0.100000,0.100000,0.100000,0.000000,0.000000,20.294854
4,0,4,100,0.800000,0.160000,0.000000,0.700000,2.000000,0.100000,0.100000,0.100000,0.100000,0.000000,0.000000,3.679593
4,0,1,100,0.800000,0.040000,0.000000,0.700000,2.000000,0.100000,0.100000,0.100000,0.100000,0.000000,0.000000,2.181380
4,0,38,100,0.800000,1.520000,0.000000,0.700000,2.000000,0.100000,0.100000,0.100000,0.100000,0.000000,0.000000,7.317548
4,0,17,100,0.800000,0.680000,0.000000,0.700000,2.000000,0.100000,0.100000,0.100000,0.100000,0.000000,0.000000,10.272127
4,0,43,100,0.800000,1.720000,0.000000,0.700000,2.000000,0.100000,0.100000,0.100000,0.100000,0.000000,0.000000,3.813875
4,0,11,100,0.800000,0.440000,0.000000,0.700000,2.000000,0.100000,0.100000,0.100000,0.100000,0.000000,0.000000,6.452390
4,0,30,100,0.800000,1.200000,0.000000,0.700000,2.000000,0.100000,0.100000,0.100000,0.100000,0.000000,0.000000,17.438022
4,0,24,100,0.800000,0.960000,0.000000,0.700000,2.000000,0.100000,0.100000,0.100000,0.100000,0.000000,0.000000,19.159149
4,0,9,100,0.800000,0.360000,0.000000,0.700000,2.000000,0.100000,0.100000,0.100000,0.100000,0.000000,0.000000,5.592179
4,0,39,100,0.800000,1.560000,0.000000,0.700000,2.000000,0.100000,0.100000,0.100000,0.100000,0.000000,0.000000,6.179929
4,0,40,100,0.800000,1.600000,0.000000,0.700000,2.000000,0.100000,0.100000,0.100000,0.100000,0.000000,0.000000,5.327047
4,0,35,100,0.800000,1.400000,0.000000,0.700000,2.000000,0.100000,0.100000,0.100000,0.100000,0.000000,0.000000,11.564188
4,0,5,100,0.800000,0.200000,0.000000,0.700000,2.000000,0.100000,0.100000,0.100000,0.100000,0.000000,0.000000,3.990707
4,0,34,100,0.800000,1.360000,0.000000,0.700000,2.000000,0.100000,0.100000,0.100000,0.100000,0.000000,0.000000,13.108455
4,0,2,100,0.800000,0.080000,0.000000,0.700000,2.000000,0.100000,0.100000,0.100000,0.100000,0.000000,0.000000,2.966242
4,1,5,100,0.800000,0.200000,0.000000,0.700000,2.000000,0.100000,0.100000,0.100000,0.100000,0.000000,0.000000,4.324935
4,1,19,100,0.800000,0.760000,0.000000,0.700000,2.000000,0.100000,0.100000,0.100000,0.100000,0.000000,0.000000,14.476841
4,1,13,100,0.800000,0.520000,0.000000,0.700000,2.000000,0.100000,0.100000,0.100000,0.100000,0.000000,0.000000,8.195904
4,0,47,100,0.800000,1.880000,0.000000,0.700000,2.000000,0.100000,0.100000,0.100000,0.100000,0.000000,0.000000,2.720048
4,1,29,100,0.800000,1.160000,0.000000,0.700000,2.000000,0.100000,0.100000,0.100000,0.100000,0.000000,0.000000,16.825667
4,1,15,100,0.800000,0.600000,0.000000,0.700000,2.000000,0.100000,0.100000,0.100000,0.100000,0.000000,0.000000,9.679641
4,1,36,100,0.800000,1.440000,0.000000,0.700000,2.000000,0.100000,0.100000,0.100000,0.100000,0.000000,0.000000,7.131542
4,1,8,100,0.800000,0.320000,0.000000,0.700000,2.000000,0.100000,0.100000,0.100000,0.100000,0.000000,0.000000,5.584372
4,1,28,100,0.800000,1.120000,0.000000,0.700000,2.000000,0.100000,0.100000,0.100000,0.100000,0.000000,0.000000,18.189982
4,1,34,100,0.800000,1.360000,0.000000,0.700000,2.000000,0.100000,0.100000,0.100000,0.100000,0.000000,0.000000,9.239113
4,1,32,100,0.800000,1.280000,0.000000,0.700000,2.000000,0.100000,0.100000,0.100000,0.100000,0.000000,0.000000,11.966960
4,1,9,100,0.800000,0.360000,0.000000,0.700000,2.000000,0.100000,0.100000,0.100000,0.100000,0.000000,0.000000,6.140113
4,1,27,100,0.800000,1.080000,0.000000,0.700000,2.000000,0.100000,0.100000,0.100000,0.100000,0.000000,0.000000,19.387986
4,1,21,100,0.800000,0.840000,0.000000,0.700000,2.000000,0.100000,0.100000,0.100000,0.100000,0.000000,0.000000,17.389625
4,1,35,100,0.800000,1.400000,0.000000,0.700000,2.000000,0.100000,0.100000,0.100000,0.100000,0.000000,0.000000,8.094097
4,1,6,100,0.800000,0.240000,0.000000,0.700000,2.000000,0.100000,0.100000,0.100000,0.100000,0.000000,0.000000,4.845339
4,1,4,100,0.800000,0.160000,0.000000,0.700000,2.000000,0.100000,0.100000,0.100000,0.100000,0.000000,0.000000,3.962876
4,0,45,100,0.800000,1.800000,0.000000,0.700000,2.000000,0.100000,0.100000,0.100000,0.100000,0.000000,0.000000,3.230558
4,1,16,100,0.800000,0.640000,0.000000,0.700000,2.000000,0.100000,0.100000,0.100000,0.100000,0.000000,0.000000,10.534067
4,1,1,100,0.800000,0.040000,0.000000,0.700000,2.000000,0.100000,0.100000,0.100000,0.100000,0.000000,0.000000,2.423536
4,1,2,100,0.800000,0.080000,0.000000,0.700000,2.000000,0.100000,0.100000,0.100000,0.100000,0.000000,0.000000,2.991344
4,1,0,100,0.800000,0.000000,0.000000,0.700000,2.000000,0.100000,0.100000,0.100000,0.100000,0.000000,0.000000,1.012544
4,1,18,100,0.800000,0.720000,0.000000,0.700000,2.000000,0.100000,0.100000,0.100000,0.100000,0.000000,0.000000,13.014208
4,1,24,100,0.800000,0.960000,0.000000,0.700000,2.000000,0.100000,0.100000,0.100000,0.100000,0.000000,0.000000,20.551561
4,1,37,100,0.800000,1.480000,0.000000,0.700000,2.000000,0.100000,0.100000,0.100000,0.100000,0.000000,0.000000,6.252345
4,1,12,100,0.800000,0.480000,0.000000,0.700000,2.000000,0.100000,0.100000,0.100000,0.100000,0.000000,0.000000,7.677914
4,1,7,100,0.800000,0.280000,0.000000,0.700000,2.000000,0.100000,0.100000,0.100000,0.100000,0.000000,0.000000,5.113728
4,1,30,100,0.800000,1.200000,0.000000,0.700000,2.000000,0.100000,0.100000,0.100000,0.100000,0.000000,0.000000,15.296960
4,1,38,100,0.800000,1.520000,0.000000,0.700000,2.000000,0.100000,0.100000,0.100000,0.100000,0.000000,0.000000,5.595772
4,1,25,100,0.800000,1.000000,0.000000,0.700000,2.000000,0.100000,0.100000,0.100000,0.100000,0.000000,0.000000,20.723232
4,0,49,100,0.800000,1.960000,0.000000,0.700000,2.000000,0.100000,0.100000,0.100000,0.100000,0.000000,0.000000,2.297012
4,1,26,100,0.800000,1.040000,0.000000,0.700000,2.000000,0.100000,0.100000,0.100000,0.100000,0.000000,0.000000,20.294276
4,1,20,100,0.800000,0.800000,0.000000,0.700000,2.000000,0.100000,0.100000,0.100000,0.100000,0.000000,0.000000,15.942516
4,1,3,100,0.800000,0.120000,0.000000,0.700000,2.000000,0.100000,0.100000,0.100000,0.100000,0.000000,0.000000,3.502074
4,1,31,100,0.800000,1.240000,0.000000,0.700000,2.000000,0.100000,0.100000,0.100000,0.100000,0.000000,0.000000,13.543484
4,1,10,100,0.800000,0.400000,0.000000,0.700000,2.000000,0.100000,0.100000,0.100000,0.100000,0.000000,0.000000,6.738432
4,1,17,100,0.800000,0.680000,0.000000,0.700000,2.000000,0.100000,0.100000,0.100000,0.100000,0.000000,0.000000,11.631746
4,0,48,100,0.800000,1.920000,0.000000,0.700000,2.000000,0.100000,0.100000,0.100000,0.100000,0.000000,0.000000,2.447686
4,0,46,100,0.800000,1.840000,0.000000,0.700000,2.000000,0.100000,0.100000,0.100000,0.100000,0.000000,0.000000,2.947282
4,1,11,100,0.800000,0.440000,0.000000,0.700000,2.000000,0.100000,0.100000,0.100000,0.100000,0.000000,0.000000,7.221776
4,1,23,100,0.800000,0.920000,0.000000,0.700000,2.000000,0.100000,0.100000,0.100000,0.100000,0.000000,0.000000,19.830555
4,1,22,100,0.800000,0.880000,0.000000,0.700000,2.000000,0.100000,0.100000,0.100000,0.100000,0.000000,0.000000,18.725964
4,1,14,100,0.800000,0.560000,0.000000,0.700000,2.000000,0.100000,0.100000,0.100000,0.100000,0.000000,0.000000,8.888549
4,1,33,100,0.800000,1.320000,0.000000,0.700000,2.000000,0.100000,0.100000,0.100000,0.100000,0.000000,0.000000,10.667916
4,0,50,100,0.800000,2.000000,0.000000,0.700000,2.000000,0.100000,0.100000,0.100000,0.100000,0.000000,0.000000,2.110942
4,2,7,100,0.800000,0.280000,0.000000,0.700000,2.000000,0.100000,0.100000,0.100000,0.100000,0.000000,0.000000,5.000139
4,2,5,100,0.800000,0.200000,0.000000,0.700000,2.000000,0.100000,0.100000,0.100000,0.100000,0.000000,0.000000,4.083717
4,2,31,100,0.800000,1.240000,0.000000,0.700000,2.000000,0.100000,0.100000,0.100000,0.100000,0.000000,0.000000,13.842604
4,2,14,100,0.800000,0.560000,0.000000,0.700000,2.000000,0.100000,0.100000,0.100000,0.100000,0.000000,0.000000,9.010261
4,1,42,100,0.800000,1.680000,0.000000,0.700000,2.000000,0.100000,0.100000,0.100000,0.100000,0.000000,0.000000,3.755539
4,2,24,100,0.800000,0.960000,0.000000,0.700000,2.000000,0.100000,0.100000,0.100000,0.100000,0.000000,0.000000,20.019887
4,2,21,100,0.800000,0.840000,0.000000,0.700000,2.000000,0.100000,0.100000,0.100000,0.100000,0.000000,0.000000,16.458951
4,2,11,100,0.800000,0.440000,0.000000,0.700000,2.000000,0.100000,0.100000,0.100000,0.100000,0.000000,0.000000,7.072135
4,1,48,100,0.800000,1.920000,0.000000,0.700000,2.000000,0.100000,0.100000,0.100000,0.100000,0.000000,0.000000,2.397098
4,1,47,100,0.800000,1.880000,0.000000,0.700000,2.000000,0.100000,0.100000,0.100000,0.100000,0.000000,0.000000,2.567590
4,2,0,100,0.800000,0.000000,0.000000,0.700000,2.000000,0.100000,0.100000,0.100000,0.100000,0.000000,0.000000,1.010996
4,1,49,100,0.800000,1.960000,0.000000,0.700000,2.000000,0.100000,0.100000,0.100000,0.100000,0.000000,0.000000,2.276369
4,1,46,100,0.800000,1.840000,0.000000,0.700000,2.000000,0.100000,0.100000,0.100000,0.100000,0.000000,0.000000,2.625686
4,2,15,100,0.800000,0.600000,0.000000,0.700000,2.000000,0.100000,0.100000,0.100000,0.100000,0.000000,0.000000,9.884979
4,2,25,100,0.800000,1.000000,0.000000,0.700000,2.000000,0.100000,0.100000,0.100000,0.100000,0.000000,0.000000,20.573208
4,2,28,100,0.800000,1.120000,0.000000,0.700000,2.000000,0.100000,0.100000,0.100000,0.100000,0.000000,0.000000,18.002155
4,2,13,100,0.800000,0.520000,0.000000,0.700000,2.000000,0.100000,0.100000,0.100000,0.100000,0.000000,0.000000,8.236575
4,2,4,100,0.800000,0.160000,0.000000,0.700000,2.000000,0.100000,0.100000,0.100000,0.100000,0.000000,0.000000,3.828125
4,2,6,100,0.800000,0.240000,0.000000,0.700000,2.000000,0.100000,0.100000,0.100000,0.100000,0.000000,0.000000,4.636500
4,2,1,100,0.800000,0.040000,0.000000,0.700000,2.000000,0.100000,0.100000,0.100000,0.100000,0.000000,0.000000,2.358609
4,1,41,100,0.800000,1.640000,0.000000,0.700000,2.000000,0.100000,0.100000,0.100000,0.100000,0.000000,0.000000,4.102078
4,2,26,100,0.800000,1.040000,0.000000,0.700000,2.000000,0.100000,0.100000,0.100000,0.100000,0.000000,0.000000,20.456806
4,2,3,100,0.800000,0.120000,0.000000,0.700000,2.000000,0.100000,0.100000,0.100000,0.100000,0.000000,0.000000,3.229750
4,2,8,100,0.800000,0.320000,0.000000,0.700000,2.000000,0.100000,0.100000,0.100000,0.100000,0.000000,0.000000,5.507158
4,2,12,100,0.800000,0.480000,0.000000,0.700000,2.000000,0.100000,0.100000,0.100000,0.100000,0.000000,0.000000,7.660760
4,1,43,100,0.800000,1.720000,0.000000,0.700000,2.000000,0.100000,0.100000,0.100000,0.100000,0.000000,0.000000,3.442923
4,2,30,100,0.800000,1.200000,0.000000,0.700000,2.000000,0.100000,0.100000,0.100000,0.100000,0.000000,0.000000,15.130735
4,1,44,100,0.800000,1.760000,0.000000,0.700000,2.000000,0.100000,0.100000,0.100000,0.100000,0.000000,0.000000,3.291354
4,2,18,100,0.800000,0.720000,0.000000,0.700000,2.000000,0.100000,0.100000,0.100000,0.100000,0.000000,0.000000,12.695310
4,2,23,100,0.800000,0.920000,0.000000,0.700000,2.000000,0.100000,0.100000,0.100000,0.100000,0.000000,0.000000,18.986290
4,2,17,100,0.800000,0.680000,0.000000,0.700000,2.000000,0.100000,0.100000,0.100000,0.100000,0.000000,0.000000,11.623203
4,2,2,100,0.800000,0.080000,0.000000,0.700000,2.000000,0.100000,0.100000,0.100000,0.100000,0.000000,0.000000,2.984994
4,2,10,100,0.800000,0.400000,0.000000,0.700000,2.000000,0.100000,0.100000,0.100000,0.100000,0.000000,0.000000,6.498746
4,1,39,100,0.800000,1.560000,0.000000,0.700000,2.000000,0.100000,0.100000,0.100000,0.100000,0.000000,0.000000,5.175846
4,2,19,100,0.800000,0.760000,0.000000,0.700000,2.000000,0.100000,0.100000,0.100000,0.100000,0.000000,0.000000,13.939865
4,1,50,100,0.800000,2.000000,0.000000,0.700000,2.000000,0.100000,0.100000,0.100000,0.100000,0.000000,0.000000,2.072744
4,2,32,100,0.800000,1.280000,0.000000,0.700000,2.000000,0.100000,0.100000,0.100000,0.100000,0.000000,0.000000,12.768703
4,2,20,100,0.800000,0.800000,0.000000,0.700000,2.000000,0.100000,0.100000,0.100000,0.100000,0.000000,0.000000,15.190711
4,2,16,100,0.800000,0.640000,0.000000,0.700000,2.000000,0.100000,0.100000,0.100000,0.100000,0.000000,0.000000,10.766292
4,2,22,100,0.800000,0.880000,0.000000,0.700000,2.000000,0.100000,0.100000,0.100000,0.100000,0.000000,0.000000,17.740812
4,2,27,100,0.800000,1.080000,0.000000,0.700000,2.000000,0.100000,0.100000,0.100000,0.100000,0.000000,0.000000,19.565804
4,2,9,100,0.800000,0.360000,0.000000,0.700000,2.000000,0.100000,0.100000,0.100000,0.100000,0.000000,0.000000,6.009749
4,1,40,100,0.800000,1.600000,0.000000,0.700000,2.000000,0.100000,0.100000,0.100000,0.100000,0.000000,0.000000,4.660954
4,1,45,100,0.800000,1.800000,0.000000,0.700000,2.000000,0.100000,0.100000,0.100000,0.100000,0.000000,0.000000,3.000719
4,2,29,100,0.800000,1.160000,0.000000,0.700000,2.000000,0.100000,0.100000,0.100000,0.100000,0.000000,0.000000,16.640408
4,3,0,100,0.800000,0.000000,0.000000,0.700000,2.000000,0.100000,0.100000,0.100000,0.100000,0.000000,0.000000,1.015575
4,2,34,100,0.800000,1.360000,0.000000,0.700000,2.000000,0.100000,0.100000,0.100000,0.100000,0.000000,0.000000,10.320990
4,2,42,100,0.800000,1.680000,0.000000,0.700000,2.000000,0.100000,0.100000,0.100000,0.100000,0.000000,0.000000,4.484269
4,3,17,100,0.800000,0.680000,0.000000,0.700000,2.000000,0.100000,0.100000,0.100000,0.100000,0.000000,0.000000,11.959327
4,3,1,100,0.800000,0.040000,0.000000,0.700000,2.000000,0.100000,0.100000,0.100000,0.100000,0.000000,0.000000,2.546728
4,2,50,100,0.800000,2.000000,0.000000,0.700000,2.000000,0.100000,0.100000,0.100000,0.100000,0.000000,0.000000,2.033496
4,3,6,100,0.800000,0.240000,0.000000,0.700000,2.000000,0.100000,0.100000,0.100000,0.100000,0.000000,0.000000,4.634678
4,3,22,100,0.800000,0.880000,0.000000,0.700000,2.000000,0.100000,0.100000,0.100000,0.100000,0.000000,0.000000,17.685221
4,3,12,100,0.800000,0.480000,0.000000,0.700000,2.000000,0.100000,0.100000,0.100000,0.100000,0.000000,0.000000,7.788381
4,3,23,100,0.800000,0.920000,0.000000,0.700000,2.000000,0.100000,0.100000,0.100000,0.100000,0.000000,0.000000,18.594463
4,2,43,100,0.800000,1.720000,0.000000,0.700000,2.000000,0.100000,0.100000,0.100000,0.100000,0.000000,0.000000,4.015035
4,2,47,100,0.800000,1.880000,0.000000,0.700000,2.000000,0.100000,0.100000,0.100000,0.100000,0.000000,0.000000,2.701824
4,3,21,100,0.800000,0.840000,0.000000,0.700000,2.000000,0.100000,0.100000,0.100000,0.100000,0.000000,0.000000,16.608998
4,2,35,100,0.800000,1.400000,0.000000,0.700000,2.000000,0.100000,0.100000,0.100000,0.100000,0.000000,0.000000,9.127613
4,3,4,100,0.800000,0.160000,0.000000,0.700000,2.000000,0.100000,0.100000,0.100000,0.100000,0.000000,0.000000,3.895193
4,2,45,100,0.800000,1.800000,0.000000,0.700000,2.000000,0.100000,0.100000,0.100000,0.100000,0.000000,0.000000,3.300310
4,2,37,100,0.800000,1.480000,0.000000,0.700000,2.000000,0.100000,0.100000,0.100000,0.100000,0.000000,0.000000,7.448706
4,2,41,100,0.800000,1.640000,0.000000,0.700000,2.000000,0.100000,0.100000,0.100000,0.100000,0.000000,0.000000,5.108526
4,3,7,100,0.800000,0.280000,0.000000,0.700000,2.000000,0.100000,0.100000,0.100000,0.100000,0.000000,0.000000,5.084718
4,3,16,100,0.800000,0.640000,0.000000,0.700000,2.000000,0.100000,0.100000,0.100000,0.100000,0.000000,0.000000,10.941836
4,3,20,100,0.800000,0.800000,0.000000,0.700000,2.000000,0.100000,0.100000,0.100000,0.100000,0.000000,0.000000,15.433027
4,3,8,100,0.800000,0.320000,0.000000,0.700000,2.000000,0.100000,0.100000,0.100000,0.100000,0.000000,0.000000,5.580250
4,3,14,100,0.800000,0.560000,0.000000,0.700000,2.000000,0.100000,0.100000,0.100000,0.100000,0.000000,0.000000,9.186623
4,2,36,100,0.800000,1.440000,0.000000,0.700000,2.000000,0.100000,0.100000,0.100000,0.100000,0.000000,0.000000,8.272316
4,2,40,100,0.800000,1.600000,0.000000,0.700000,2.000000,0.100000,0.100000,0.100000,0.100000,0.000000,0.000000,5.498228
4,2,48,100,0.800000,1.920000,0.000000,0.700000,2.000000,0.100000,0.100000,0.100000,0.100000,0.000000,0.000000,2.419280
4,2,38,100,0.800000,1.520000,0.000000,0.700000,2.000000,0.100000,0.100000,0.100000,0.100000,0.000000,0.000000,6.855537
4,3,26,100,0.800000,1.040000,0.000000,0.700000,2.000000,0.100000,0.100000,0.100000,0.100000,0.000000,0.000000,18.815931
4,2,33,100,0.800000,1.320000,0.000000,0.700000,2.000000,0.100000,0.100000,0.100000,0.100000,0.000000,0.000000,11.684839
4,3,13,100,0.800000,0.520000,0.000000,0.700000,2.000000,0.100000,0.100000,0.100000,0.100000,0.000000,0.000000,8.439397
4,3,11,100,0.800000,0.440000,0.000000,0.700000,2.000000,0.100000,0.100000,0.100000,0.100000,0.000000,0.000000,7.152593
4,3,3,100,0.800000,0.120000,0.000000,0.700000,2.000000,0.100000,0.100000,0.100000,0.100000,0.000000,0.000000,3.301967
4,3,5,100,0.800000,0.200000,0.000000,0.700000,2.000000,0.100000,0.100000,0.100000,0.100000,0.000000,0.000000,4.141276
4,3,24,100,0.800000,0.960000,0.000000,0.700000,2.000000,0.100000,0.100000,0.100000,0.100000,0.000000,0.000000,19.151197
4,2,46,100,0.800000,1.840000,0.000000,0.700000,2.000000,0.100000,0.100000,0.100000,0.100000,0.000000,0.000000,2.850819
4,3,2,100,0.800000,0.080000,0.000000,0.700000,2.000000,0.100000,0.100000,0.100000,0.100000,0.000000,0.000000,3.000664
4,3,15,100,0.800000,0.600000,0.000000,0.700000,2.000000,0.100000,0.100000,0.100000,0.100000,0.000000,0.000000,10.016262
4,3,10,100,0.800000,0.400000,0.000000,0.700000,2.000000,0.100000,0.100000,0.100000,0.100000,0.000000,0.000000,6.526110
4,3,9,100,0.800000,0.360000,0.000000,0.700000,2.000000,0.100000,0.100000,0.100000,0.100000,0.000000,0.000000,6.035493
4,2,39,100,0.800000,1.560000,0.000000,0.700000,2.000000,0.100000,0.100000,0.100000,0.100000,0.000000,0.000000,6.146232
4,3,19,100,0.800000,0.760000,0.000000,0.700000,2.000000,0.100000,0.100000,0.100000,0.100000,0.000000,0.000000,14.224626
4,3,18,100,0.800000,0.720000,0.000000,0.700000,2.000000,0.100000,0.100000,0.100000,0.100000,0.000000,0.000000,13.082399
4,2,44,100,0.800000,1.760000,0.000000,0.700000,2.000000,0.100000,0.100000,0.100000,0.100000,0.000000,0.000000,3.748200
4,3,25,100,0.800000,1.000000,0.000000,0.700000,2.000000,0.100000,0.100000,0.100000,0.100000,0.000000,0.000000,19.228586
4,2,49,100,0.800000,1.960000,0.000000,0.700000,2.000000,0.100000,0.100000,0.100000,0.100000,0.000000,0.000000,2.250704
4,3,27,100,0.800000,1.080000,0.000000,0.700000,2.000000,0.100000,0.100000,0.100000,0.100000,0.000000,0.000000,17.941656
4,3,30,100,0.800000,1.200000,0.000000,0.700000,2.000000,0.100000,0.100000,0.100000,0.100000,0.000000,0.000000,13.652898
4,3,34,100,0.800000,1.360000,0.000000,0.700000,2.000000,0.100000,0.100000,0.100000,0.100000,0.000000,0.000000,8.583882
4,4,2,100,0.800000,0.080000,0.000000,0.700000,2.000000,0.100000,0.100000,0.100000,0.100000,0.000000,0.000000,2.984318
4,3,43,100,0.800000,1.720000,0.000000,0.700000,2.000000,0.100000,0.100000,0.100000,0.100000,0.000000,0.000000,3.216374
4,4,10,100,0.800000,0.400000,0.000000,0.700000,2.000000,0.100000,0.100000,0.100000,0.100000,0.000000,0.000000,6.077416
4,3,39,100,0.800000,1.560000,0.000000,0.700000,2.000000,0.100000,0.100000,0.100000,0.100000,0.000000,0.000000,4.850510
4,3,47,100,0.800000,1.880000,0.000000,0.700000,2.000000,0.100000,0.100000,0.100000,0.100000,0.000000,0.000000,2.249088
4,4,6,100,0.800000,0.240000,0.000000,0.700000,2.000000,0.100000,0.100000,0.100000,0.100000,0.000000,0.000000,4.360974
4,3,42,100,0.800000,1.680000,0.000000,0.700000,2.000000,0.100000,0.100000,0.100000,0.100000,0.000000,0.000000,3.450189
4,4,8,100,0.800000,0.320000,0.000000,0.700000,2.000000,0.100000,0.100000,0.100000,0.100000,0.000000,0.000000,5.268749
4,4,3,100,0.800000,0.120000,0.000000,0.700000,2.000000,0.100000,0.100000,0.100000,0.100000,0.000000,0.000000,3.174579
4,4,7,100,0.800000,0.280000,0.000000,0.700000,2.000000,0.100000,0.100000,0.100000,0.100000,0.000000,0.000000,4.835297
4,3,28,100,0.800000,1.120000,0.000000,0.700000,2.000000,0.100000,0.100000,0.100000,0.100000,0.000000,0.000000,16.643822
4,3,31,100,0.800000,1.240000,0.000000,0.700000,2.000000,0.100000,0.100000,0.100000,0.100000,0.000000,0.000000,12.219153
4,3,40,100,0.800000,1.600000,0.000000,0.700000,2.000000,0.100000,0.100000,0.100000,0.100000,0.000000,0.000000,4.275412
4,3,37,100,0.800000,1.480000,0.000000,0.700000,2.000000,0.100000,0.100000,0.100000,0.100000,0.000000,0.000000,6.061842
4,4,16,100,0.800000,0.640000,0.000000,0.700000,2.000000,0.100000,0.100000,0.100000,0.100000,0.000000,0.000000,9.512754
4,3,38,100,0.800000,1.520000,0.000000,0.700000,2.000000,0.100000,0.100000,0.100000,0.100000,0.000000,0.000000,5.392186
4,4,5,100,0.800000,0.200000,0.000000,0.700000,2.000000,0.100000,0.100000,0.100000,0.100000,0.000000,0.000000,3.970279
4,4,19,100,0.800000,0.760000,0.000000,0.700000,2.000000,0.100000,0.100000,0.100000,0.100000,0.000000,0.000000,11.847792
4,4,12,100,0.800000,0.480000,0.000000,0.700000,2.000000,0.100000,0.100000,0.100000,0.100000,0.000000,0.000000,6.964994
4,4,14,100,0.800000,0.560000,0.000000,0.700000,2.000000,0.100000,0.100000,0.100000,0.100000,0.000000,0.000000,8.328270
4,4,1,100,0.800000,0.040000,0.000000,0.700000,2.000000,0.100000,0.100000,0.100000,0.100000,0.000000,0.000000,2.293023
4,4,13,100,0.800000,0.520000,0.000000,0.700000,2.000000,0.100000,0.100000,0.100000,0.100000,0.000000,0.000000,7.583746
4,4,17,100,0.800000,0.680000,0.000000,0.700000,2.000000,0.100000,0.100000,0.100000,0.100000,0.000000,0.000000,10.115911
4,4,20,100,0.800000,0.800000,0.000000,0.700000,2.000000,0.100000,0.100000,0.100000,0.100000,0.000000,0.000000,12.946605
4,4,15,100,0.800000,0.600000,0.000000,0.700000,2.000000,0.100000,0.100000,0.100000,0.100000,0.000000,0.000000,8.942679
4,3,32,100,0.800000,1.280000,0.000000,0.700000,2.000000,0.100000,0.100000,0.100000,0.100000,0.000000,0.000000,10.807665
4,3,46,100,0.800000,1.840000,0.000000,0.700000,2.000000,0.100000,0.100000,0.100000,0.100000,0.000000,0.000000,2.445376
4,3,44,100,0.800000,1.760000,0.000000,0.700000,2.000000,0.100000,0.100000,0.100000,0.100000,0.000000,0.000000,3.004623
4,4,9,100,0.800000,0.360000,0.000000,0.700000,2.000000,0.100000,0.100000,0.100000,0.100000,0.000000,0.000000,5.752589
4,4,11,100,0.800000,0.440000,0.000000,0.700000,2.000000,0.100000,0.100000,0.100000,0.100000,0.000000,0.000000,6.527799
4,3,29,100,0.800000,1.160000,0.000000,0.700000,2.000000,0.100000,0.100000,0.100000,0.100000,0.000000,0.000000,15.117230
4,4,0,100,0.800000,0.000000,0.000000,0.700000,2.000000,0.100000,0.100000,0.100000,0.100000,0.000000,0.000000,1.009693
4,3,48,100,0.800000,1.920000,0.000000,0.700000,2.000000,0.100000,0.100000,0.100000,0.100000,0.000000,0.000000,2.131222
4,3,45,100,0.800000,1.800000,0.000000,0.700000,2.000000,0.100000,0.100000,0.100000,0.100000,0.000000,0.000000,2.675747
4,3,50,100,0.800000,2.000000,0.000000,0.700000,2.000000,0.100000,0.100000,0.100000,0.100000,0.000000,0.000000,1.855509
4,3,41,100,0.800000,1.640000,0.000000,0.700000,2.000000,0.100000,0.100000,0.100000,0.100000,0.000000,0.000000,3.840465
4,3,36,100,0.800000,1.440000,0.000000,0.700000,2.000000,0.100000,0.100000,0.100000,0.100000,0.000000,0.000000,6.732302
4,3,35,100,0.800000,1.400000,0.000000,0.700000,2.000000,0.100000,0.100000,0.100000,0.100000,0.000000,0.000000,7.634367
4,4,4,100,0.800000,0.160000,0.000000,0.700000,2.000000,0.100000,0.100000,0.100000,0.100000,0.000000,0.000000,3.754313
4,4,18,100,0.800000,0.720000,0.000000,0.700000,2.000000,0.100000,0.100000,0.100000,0.100000,0.000000,0.000000,10.898192
4,3,49,100,0.800000,1.960000,0.000000,0.700000,2.000000,0.100000,0.100000,0.100000,0.100000,0.000000,0.000000,2.006078
4,3,33,100,0.800000,1.320000,0.000000,0.700000,2.000000,0.100000,0.100000,0.100000,0.100000,0.000000,0.000000,9.599005
4,4,50,100,0.800000,2.000000,0.000000,0.700000,2.000000,0.100000,0.100000,0.100000,0.100000,0.000000,0.000000,2.487118
4,4,25,100,0.800000,1.000000,0.000000,0.700000,2.000000,0.100000,0.100000,0.100000,0.100000,0.000000,0.000000,19.025190
4,5,2,100,0.800000,0.080000,0.000000,0.700000,2.000000,0.100000,0.100000,0.100000,0.100000,0.000000,0.000000,2.988160
4,4,42,100,0.800000,1.680000,0.000000,0.700000,2.000000,0.100000,0.100000,0.100000,0.100000,0.000000,0.000000,6.706912
4,4,24,100,0.800000,0.960000,0.000000,0.700000,2.000000,0.100000,0.100000,0.100000,0.100000,0.000000,0.000000,17.963646
4,5,8,100,0.800000,0.320000,0.000000,0.700000,2.000000,0.100000,0.100000,0.100000,0.100000,0.000000,0.000000,5.468123
4,5,6,100,0.800000,0.240000,0.000000,0.700000,2.000000,0.100000,0.100000,0.100000,0.100000,0.000000,0.000000,4.664620
4,4,23,100,0.800000,0.920000,0.000000,0.700000,2.000000,0.100000,0.100000,0.100000,0.100000,0.000000,0.000000,16.745079
4,5,3,100,0.800000,0.120000,0.000000,0.700000,2.000000,0.100000,0.100000,0.100000,0.100000,0.000000,0.000000,3.249834
4,4,32,100,0.800000,1.280000,0.000000,0.700000,2.000000,0.100000,0.100000,0.100000,0.100000,0.000000,0.000000,12.677345
4,4,31,100,0.800000,1.240000,0.000000,0.700000,2.000000,0.100000,0.100000,0.100000,0.100000,0.000000,0.000000,14.817051
4,4,36,100,0.800000,1.440000,0.000000,0.700000,2.000000,0.100000,0.100000,0.100000,0.100000,0.000000,0.000000,11.811875
4,5,12,100,0.800000,0.480000,0.000000,0.700000,2.000000,0.100000,0.100000,0.100000,0.100000,0.000000,0.000000,7.315774
4,4,33,100,0.800000,1.320000,0.000000,0.700000,2.000000,0.100000,0.100000,0.100000,0.100000,0.000000,0.000000,11.596918
4,4,39,100,0.800000,1.560000,0.000000,0.700000,2.000000,0.100000,0.100000,0.100000,0.100000,0.000000,0.000000,10.291997
4,4,27,100,0.800000,1.080000,0.000000,0.700000,2.000000,0.100000,0.100000,0.100000,0.100000,0.000000,0.000000,19.354952
4,5,5,100,0.800000,0.200000,0.000000,0.700000,2.000000,0.100000,0.100000,0.100000,0.100000,0.000000,0.000000,4.089451
4,4,41,100,0.800000,1.640000,0.000000,0.700000,2.000000,0.100000,0.100000,0.100000,0.100000,0.000000,0.000000,7.910157
4,4,26,100,0.800000,1.040000,0.000000,0.700000,2.000000,0.100000,0.100000,0.100000,0.100000,0.000000,0.000000,19.594279
4,4,48,100,0.800000,1.920000,0.000000,0.700000,2.000000,0.100000,0.100000,0.100000,0.100000,0.000000,0.000000,3.016525
4,5,1,100,0.800000,0.040000,0.000000,0.700000,2.000000,0.100000,0.100000,0.100000,0.100000,0.000000,0.000000,2.309540
4,5,0,100,0.800000,0.000000,0.000000,0.700000,2.000000,0.100000,0.100000,0.100000,0.100000,0.000000,0.000000,1.013072
4,5,9,100,0.800000,0.360000,0.000000,0.700000,2.000000,0.100000,0.100000,0.100000,0.100000,0.000000,0.000000,5.926773
4,4,46,100,0.800000,1.840000,0.000000,0.700000,2.000000,0.100000,0.100000,0.100000,0.100000,0.000000,0.000000,3.594660
4,4,29,100,0.800000,1.160000,0.000000,0.700000,2.000000,0.100000,0.100000,0.100000,0.100000,0.000000,0.000000,17.270921
4,4,34,100,0.800000,1.360000,0.000000,0.700000,2.000000,0.100000,0.100000,0.100000,0.100000,0.000000,0.000000,10.533974
4,4,49,100,0.800000,1.960000,0.000000,0.700000,2.000000,0.100000,0.100000,0.100000,0.100000,0.000000,0.000000,2.728506
4,4,47,100,0.800000,1.880000,0.000000,0.700000,2.000000,0.100000,0.100000,0.100000,0.100000,0.000000,0.000000,3.323084
4,4,43,100,0.800000,1.720000,0.000000,0.700000,2.000000,0.100000,0.100000,0.100000,0.100000,0.000000,0.000000,5.538931
4,4,45,100,0.800000,1.800000,0.000000,0.700000,2.000000,0.100000,0.100000,0.100000,0.100000,0.000000,0.000000,4.084531
4,4,22,100,0.800000,0.880000,0.000000,0.700000,2.000000,0.100000,0.100000,0.100000,0.100000,0.000000,0.000000,15.472557
4,4,44,100,0.800000,1.760000,0.000000,0.700000,2.000000,0.100000,0.100000,0.100000,0.100000,0.000000,0.000000,4.667313
4,4,28,100,0.800000,1.120000,0.000000,0.700000,2.000000,0.100000,0.100000,0.100000,0.100000,0.000000,0.000000,18.654567
4,5,13,100,0.800000,0.520000,0.000000,0.700000,2.000000,0.100000,0.100000,0.100000,0.100000,0.000000,0.000000,7.938938
4,5,7,100,0.800000,0.280000,0.000000,0.700000,2.000000,0.100000,0.100000,0.100000,0.100000,0.000000,0.000000,4.997777
4,4,37,100,0.800000,1.480000,0.000000,0.700000,2.000000,0.100000,0.100000,0.100000,0.100000,0.000000,0.000000,12.034281
4,4,35,100,0.800000,1.400000,0.000000,0.700000,2.000000,0.100000,0.100000,0.100000,0.100000,0.000000,0.000000,10.743108
4,5,11,100,0.800000,0.440000,0.000000,0.700000,2.000000,0.100000,0.100000,0.100000,0.100000,0.000000,0.000000,6.796720
4,5,4,100,0.800000,0.160000,0.000000,0.700000,2.000000,0.100000,0.100000,0.100000,0.100000,0.000000,0.000000,3.887530
4,4,40,100,0.800000,1.600000,0.000000,0.700000,2.000000,0.100000,0.100000,0.100000,0.100000,0.000000,0.000000,9.044700
4,5,14,100,0.800000,0.560000,0.000000,0.700000,2.000000,0.100000,0.100000,0.100000,0.100000,0.000000,0.000000,8.574126
4,5,10,100,0.800000,0.400000,0.000000,0.700000,2.000000,0.100000,0.100000,0.100000,0.100000,0.000000,0.000000,6.376761
4,4,38,100,0.800000,1.520000,0.000000,0.700000,2.000000,0.100000,0.100000,0.100000,0.100000,0.000000,0.000000,11.612345
4,4,30,100,0.800000,1.200000,0.000000,0.700000,2.000000,0.100000,0.100000,0.100000,0.100000,0.000000,0.000000,15.803465
4,4,21,100,0.800000,0.840000,0.000000,0.700000,2.000000,0.100000,0.100000,0.100000,0.100000,0.000000,0.000000,14.183507
4,5,50,100,0.800000,2.000000,0.000000,0.700000,2.000000,0.100000,0.100000,0.100000,0.100000,0.000000,0.000000,2.353504
4,5,40,100,0.800000,1.600000,0.000000,0.700000,2.000000,0.100000,0.100000,0.100000,0.100000,0.000000,0.000000,5.074948
4,6,0,100,0.800000,0.000000,0.000000,0.700000,2.000000,0.100000,0.100000,0.100000,0.100000,0.000000,0.000000,1.013041
4,5,17,100,0.800000,0.680000,0.000000,0.700000,2.000000,0.100000,0.100000,0.100000,0.100000,0.000000,0.000000,11.062990
4,6,2,100,0.800000,0.080000,0.000000,0.700000,2.000000,0.100000,0.100000,0.100000,0.100000,0.000000,0.000000,3.001394
4,5,36,100,0.800000,1.440000,0.000000,0.700000,2.000000,0.100000,0.100000,0.100000,0.100000,0.000000,0.000000,7.272447
4,5,16,100,0.800000,0.640000,0.000000,0.700000,2.000000,0.100000,0.100000,0.100000,0.100000,0.000000,0.000000,10.100199
4,5,25,100,0.800000,1.000000,0.000000,0.700000,2.000000,0.100000,0.100000,0.100000,0.100000,0.000000,0.000000,20.403870
4,5,22,100,0.800000,0.880000,0.000000,0.700000,2.000000,0.100000,0.100000,0.100000,0.100000,0.000000,0.000000,17.170677
4,5,31,100,0.800000,1.240000,0.000000,0.700000,2.000000,0.100000,0.100000,0.100000,0.100000,0.000000,0.000000,11.784215
4,6,6,100,0.800000,0.240000,0.000000,0.700000,2.000000,0.100000,0.100000,0.100000,0.100000,0.000000,0.000000,4.787311
4,5,32,100,0.800000,1.280000,0.000000,0.700000,2.000000,0.100000,0.100000,0.100000,0.100000,0.000000,0.000000,10.815334
4,5,21,100,0.800000,0.840000,0.000000,0.700000,2.000000,0.100000,0.100000,0.100000,0.100000,0.000000,0.000000,15.837785
4,5,39,100,0.800000,1.560000,0.000000,0.700000,2.000000,0.100000,0.100000,0.100000,0.100000,0.000000,0.000000,5.537974
4,5,43,100,0.800000,1.720000,0.000000,0.700000,2.000000,0.100000,0.100000,0.100000,0.100000,0.000000,0.000000,3.927275
4,6,1,100,0.800000,0.040000,0.000000,0.700000,2.000000,0.100000,0.100000,0.100000,0.100000,0.000000,0.000000,2.506249
4,5,37,100,0.800000,1.480000,0.000000,0.700000,2.000000,0.100000,0.100000,0.100000,0.100000,0.000000,0.000000,6.632796
4,5,45,100,0.800000,1.800000,0.000000,0.700000,2.000000,0.100000,0.100000,0.100000,0.100000,0.000000,0.000000,3.332270
4,5,34,100,0.800000,1.360000,0.000000,0.700000,2.000000,0.100000,0.100000,0.100000,0.100000,0.000000,0.000000,8.939061
4,5,46,100,0.800000,1.840000,0.000000,0.700000,2.000000,0.100000,0.100000,0.100000,0.100000,0.000000,0.000000,3.124421
4,5,49,100,0.800000,1.960000,0.000000,0.700000,2.000000,0.100000,0.100000,0.100000,0.100000,0.000000,0.000000,2.515962
4,5,15,100,0.800000,0.600000,0.000000,0.700000,2.000000,0.100000,0.100000,0.100000,0.100000,0.000000,0.000000,9.283913
4,5,27,100,0.800000,1.080000,0.000000,0.700000,2.000000,0.100000,0.100000,0.100000,0.100000,0.000000,0.000000,18.026077
4,5,42,100,0.800000,1.680000,0.000000,0.700000,2.000000,0.100000,0.100000,0.100000,0.100000,0.000000,0.000000,4.220539
4,5,48,100,0.800000,1.920000,0.000000,0.700000,2.000000,0.100000,0.100000,0.100000,0.100000,0.000000,0.000000,2.705560
4,6,8,100,0.800000,0.320000,0.000000,0.700000,2.000000,0.100000,0.100000,0.100000,0.100000,0.000000,0.000000,5.577965
4,5,44,100,0.800000,1.760000,0.000000,0.700000,2.000000,0.100000,0.100000,0.100000,0.100000,0.000000,0.000000,3.562732
4,6,3,100,0.800000,0.120000,0.000000,0.700000,2.000000,0.100000,0.100000,0.100000,0.100000,0.000000,0.000000,3.377702
4,5,28,100,0.800000,1.120000,0.000000,0.700000,2.000000,0.100000,0.100000,0.100000,0.100000,0.000000,0.000000,16.010423
4,5,38,100,0.800000,1.520000,0.000000,0.700000,2.000000,0.100000,0.100000,0.100000,0.100000,0.000000,0.000000,5.978853
4,6,5,100,0.800000,0.200000,0.000000,0.700000,2.000000,0.100000,0.100000,0.100000,0.100000,0.000000,0.000000,4.246627
4,5,23,100,0.800000,0.920000,0.000000,0.700000,2.000000,0.100000,0.100000,0.100000,0.100000,0.000000,0.000000,18.531963
4,5,35,100,0.800000,1.400000,0.000000,0.700000,2.000000,0.100000,0.100000,0.100000,0.100000,0.000000,0.000000,8.149294
4,5,24,100,0.800000,0.960000,0.000000,0.700000,2.000000,0.100000,0.100000,0.100000,0.100000,0.000000,0.000000,19.744220
4,5,33,100,0.800000,1.320000,0.000000,0.700000,2.000000,0.100000,0.100000,0.100000,0.100000,0.000000,0.000000,9.760749
4,6,4,100,0.800000,0.160000,0.000000,0.700000,2.000000,0.100000,0.100000,0.100000,0.100000,0.000000,0.000000,3.852852
4,5,26,100,0.800000,1.040000,0.000000,0.700000,2.000000,0.100000,0.100000,0.100000,0.100000,0.000000,0.000000,19.958256
4,5,41,100,0.800000,1.640000,0.000000,0.700000,2.000000,0.100000,0.100000,0.100000,0.100000,0.000000,0.000000,4.540914
4,5,18,100,0.800000,0.720000,0.000000,0.700000,2.000000,0.100000,0.100000,0.100000,0.100000,0.000000,0.000000,12.146350
4,5,29,100,0.800000,1.160000,0.000000,0.700000,2.000000,0.100000,0.100000,0.100000,0.100000,0.000000,0.000000,14.035710
4,5,30,100,0.800000,1.200000,0.000000,0.700000,2.000000,0.100000,0.100000,0.100000,0.100000,0.000000,0.000000,12.631384
4,5,47,100,0.800000,1.880000,0.000000,0.700000,2.000000,0.100000,0.100000,0.100000,0.100000,0.000000,0.000000,2.795889
4,6,7,100,0.800000,0.280000,0.000000,0.700000,2.000000,0.100000,0.100000,0.100000,0.100000,0.000000,0.000000,5.187192
4,5,20,100,0.800000,0.800000,0.000000,0.700000,2.000000,0.100000,0.100000,0.100000,0.100000,0.000000,0.000000,14.559885
4,5,19,100,0.800000,0.760000,0.000000,0.700000,2.000000,0.100000,0.100000,0.100000,0.100000,0.000000,0.000000,13.316653
4,7,1,100,0.800000,0.040000,0.000000,0.700000,2.000000,0.100000,0.100000,0.100000,0.100000,0.000000,0.000000,2.597713
4,6,32,100,0.800000,1.280000,0.000000,0.700000,2.000000,0.100000,0.100000,0.100000,0.100000,0.000000,0.000000,15.503344
4,6,36,100,0.800000,1.440000,0.000000,0.700000,2.000000,0.100000,0.100000,0.100000,0.100000,0.000000,0.000000,11.877250
4,6,42,100,0.800000,1.680000,0.000000,0.700000,2.000000,0.100000,0.100000,0.100000,0.100000,0.000000,0.000000,5.257294
4,6,11,100,0.800000,0.440000,0.000000,0.700000,2.000000,0.100000,0.100000,0.100000,0.100000,0.000000,0.000000,7.017512
4,6,14,100,0.800000,0.560000,0.000000,0.700000,2.000000,0.100000,0.100000,0.100000,0.100000,0.000000,0.000000,9.210273
4,6,44,100,0.800000,1.760000,0.000000,0.700000,2.000000,0.100000,0.100000,0.100000,0.100000,0.000000,0.000000,4.021077
4,6,38,100,0.800000,1.520000,0.000000,0.700000,2.000000,0.100000,0.100000,0.100000,0.100000,0.000000,0.000000,9.440675
4,6,28,100,0.800000,1.120000,0.000000,0.700000,2.000000,0.100000,0.100000,0.100000,0.100000,0.000000,0.000000,17.431467
4,6,34,100,0.800000,1.360000,0.000000,0.700000,2.000000,0.100000,0.100000,0.100000,0.100000,0.000000,0.000000,13.881478
4,6,39,100,0.800000,1.560000,0.000000,0.700000,2.000000,0.100000,0.100000,0.100000,0.100000,0.000000,0.000000,8.292333
4,6,27,100,0.800000,1.080000,0.000000,0.700000,2.000000,0.100000,0.100000,0.100000,0.100000,0.000000,0.000000,17.560570
4,6,41,100,0.800000,1.640000,0.000000,0.700000,2.000000,0.100000,0.100000,0.100000,0.100000,0.000000,0.000000,6.111321
4,7,0,100,0.800000,0.000000,0.000000,0.700000,2.000000,0.100000,0.100000,0.100000,0.100000,0.000000,0.000000,1.011123
4,6,20,100,0.800000,0.800000,0.000000,0.700000,2.000000,0.100000,0.100000,0.100000,0.100000,0.000000,0.000000,14.508937
4,6,43,100,0.800000,1.720000,0.000000,0.700000,2.000000,0.100000,0.100000,0.100000,0.100000,0.000000,0.000000,4.613847
4,6,18,100,0.800000,0.720000,0.000000,0.700000,2.000000,0.100000,0.100000,0.100000,0.100000,0.000000,0.000000,12.615991
4,6,40,100,0.800000,1.600000,0.000000,0.700000,2.000000,0.100000,0.100000,0.100000,0.100000,0.000000,0.000000,7.088018
4,7,2,100,0.800000,0.080000,0.000000,0.700000,2.000000,0.100000,0.100000,0.100000,0.100000,0.000000,0.000000,3.002282
4,6,50,100,0.800000,2.000000,0.000000,0.700000,2.000000,0.100000,0.100000,0.100000,0.100000,0.000000,0.000000,2.164707
4,6,46,100,0.800000,1.840000,0.000000,0.700000,2.000000,0.100000,0.100000,0.100000,0.100000,0.000000,0.000000,3.239204
4,6,37,100,0.800000,1.480000,0.000000,0.700000,2.000000,0.100000,0.100000,0.100000,0.100000,0.000000,0.000000,10.722286
4,6,47,100,0.800000,1.880000,0.000000,0.700000,2.000000,0.100000,0.100000,0.100000,0.100000,0.000000,0.000000,2.877262
4,6,15,100,0.800000,0.600000,0.000000,0.700000,2.000000,0.100000,0.100000,0.100000,0.100000,0.000000,0.000000,10.041554
4,6,17,100,0.800000,0.680000,0.000000,0.700000,2.000000,0.100000,0.100000,0.100000,0.100000,0.000000,0.000000,11.663767
4,6,25,100,0.800000,1.000000,0.000000,0.700000,2.000000,0.100000,0.100000,0.100000,0.100000,0.000000,0.000000,17.320826
4,6,12,100,0.800000,0.480000,0.000000,0.700000,2.000000,0.100000,0.100000,0.100000,0.100000,0.000000,0.000000,7.639310
4,6,30,100,0.800000,1.200000,0.000000,0.700000,2.000000,0.100000,0.100000,0.100000,0.100000,0.000000,0.000000,16.736218
4,6,19,100,0.800000,0.760000,0.000000,0.700000,2.000000,0.100000,0.100000,0.100000,0.100000,0.000000,0.000000,13.584959
4,6,13,100,0.800000,0.520000,0.000000,0.700000,2.000000,0.100000,0.100000,0.100000,0.100000,0.000000,0.000000,8.357167
4,6,31,100,0.800000,1.240000,0.000000,0.700000,2.000000,0.100000,0.100000,0.100000,0.100000,0.000000,0.000000,16.178653
4,6,24,100,0.800000,0.960000,0.000000,0.700000,2.000000,0.100000,0.100000,0.100000,0.100000,0.000000,0.000000,16.985073
4,6,49,100,0.800000,1.960000,0.000000,0.700000,2.000000,0.100000,0.100000,0.100000,0.100000,0.000000,0.000000,2.462668
4,6,29,100,0.800000,1.160000,0.000000,0.700000,2.000000,0.100000,0.100000,0.100000,0.100000,0.000000,0.000000,17.155486
4,6,35,100,0.800000,1.400000,0.000000,0.700000,2.000000,0.100000,0.100000,0.100000,0.100000,0.000000,0.000000,12.901503
4,6,33,100,0.800000,1.320000,0.000000,0.700000,2.000000,0.100000,0.100000,0.100000,0.100000,0.000000,0.000000,14.736910
4,6,21,100,0.800000,0.840000,0.000000,0.700000,2.000000,0.100000,0.100000,0.100000,0.100000,0.000000,0.000000,15.330845
4,6,45,100,0.800000,1.800000,0.000000,0.700000,2.000000,0.100000,0.100000,0.100000,0.100000,0.000000,0.000000,3.615461
4,6,9,100,0.800000,0.360000,0.000000,0.700000,2.000000,0.100000,0.100000,0.100000,0.100000,0.000000,0.000000,6.012190
4,6,26,100,0.800000,1.040000,0.000000,0.700000,2.000000,0.100000,0.100000,0.100000,0.100000,0.000000,0.000000,17.527649
4,6,48,100,0.800000,1.920000,0.000000,0.700000,2.000000,0.100000,0.100000,0.100000,0.100000,0.000000,0.000000,2.612275
4,6,23,100,0.800000,0.920000,0.000000,0.700000,2.000000,0.100000,0.100000,0.100000,0.100000,0.000000,0.000000,16.581071
4,6,16,100,0.800000,0.640000,0.000000,0.700000,2.000000,0.100000,0.100000,0.100000,0.100000,0.000000,0.000000,10.813781
4,6,22,100,0.800000,0.880000,0.000000,0.700000,2.000000,0.100000,0.100000,0.100000,0.100000,0.000000,0.000000,16.046606
4,6,10,100,0.800000,0.400000,0.000000,0.700000,2.000000,0.100000,0.100000,0.100000,0.100000,0.000000,0.000000,6.448759
4,7,9,100,0.800000,0.360000,0.000000,0.700000,2.000000,0.100000,0.100000,0.100000,0.100000,0.000000,0.000000,6.107598
4,7,23,100,0.800000,0.920000,0.000000,0.700000,2.000000,0.100000,0.100000,0.100000,0.100000,0.000000,0.000000,19.471200
4,7,6,100,0.800000,0.240000,0.000000,0.700000,2.000000,0.100000,0.100000,0.100000,0.100000,0.000000,0.000000,4.658711
4,7,4,100,0.800000,0.160000,0.000000,0.700000,2.000000,0.100000,0.100000,0.100000,0.100000,0.000000,0.000000,3.855520
4,7,16,100,0.800000,0.640000,0.000000,0.700000,2.000000,0.100000,0.100000,0.100000,0.100000,0.000000,0.000000,10.778745
4,7,28,100,0.800000,1.120000,0.000000,0.700000,2.000000,0.100000,0.100000,0.100000,0.100000,0.000000,0.000000,18.173204
4,7,22,100,0.800000,0.880000,0.000000,0.700000,2.000000,0.100000,0.100000,0.100000,0.100000,0.000000,0.000000,18.150964
4,7,10,100,0.800000,0.400000,0.000000,0.700000,2.000000,0.100000,0.100000,0.100000,0.100000,0.000000,0.000000,6.649192
4,7,45,100,0.800000,1.800000,0.000000,0.700000,2.000000,0.100000,0.100000,0.100000,0.100000,0.000000,0.000000,3.149913
4,7,44,100,0.800000,1.760000,0.000000,0.700000,2.000000,0.100000,0.100000,0.100000,0.100000,0.000000,0.000000,3.464552
4,7,21,100,0.800000,0.840000,0.000000,0.700000,2.000000,0.100000,0.100000,0.100000,0.100000,0.000000,0.000000,16.711771
4,7,39,100,0.800000,1.560000,0.000000,0.700000,2.000000,0.100000,0.100000,0.100000,0.100000,0.000000,0.000000,5.476613
4,7,20,100,0.800000,0.800000,0.000000,0.700000,2.000000,0.100000,0.100000,0.100000,0.100000,0.000000,0.000000,15.361376
4,7,11,100,0.800000,0.440000,0.000000,0.700000,2.000000,0.100000,0.100000,0.100000,0.100000,0.000000,0.000000,7.145728
4,7,47,100,0.800000,1.880000,0.000000,0.700000,2.000000,0.100000,0.100000,0.100000,0.100000,0.000000,0.000000,2.690685
4,7,40,100,0.800000,1.600000,0.000000,0.700000,2.000000,0.100000,0.100000,0.100000,0.100000,0.000000,0.000000,5.007528
4,7,26,100,0.800000,1.040000,0.000000,0.700000,2.000000,0.100000,0.100000,0.100000,0.100000,0.000000,0.000000,20.322203
4,7,5,100,0.800000,0.200000,0.000000,0.700000,2.000000,0.100000,0.100000,0.100000,0.100000,0.000000,0.000000,4.094503
4,7,37,100,0.800000,1.480000,0.000000,0.700000,2.000000,0.100000,0.100000,0.100000,0.100000,0.000000,0.000000,6.823094
4,7,41,100,0.800000,1.640000,0.000000,0.700000,2.000000,0.100000,0.100000,0.100000,0.100000,0.000000,0.000000,4.546282
4,7,34,100,0.800000,1.360000,0.000000,0.700000,2.000000,0.100000,0.100000,0.100000,0.100000,0.000000,0.000000,9.644232
4,7,17,100,0.800000,0.680000,0.000000,0.700000,2.000000,0.100000,0.100000,0.100000,0.100000,0.000000,0.000000,11.782419
4,7,43,100,0.800000,1.720000,0.000000,0.700000,2.000000,0.100000,0.100000,0.100000,0.100000,0.000000,0.000000,3.745482
4,7,33,100,0.800000,1.320000,0.000000,0.700000,2.000000,0.100000,0.100000,0.100000,0.100000,0.000000,0.000000,10.827149
4,7,35,100,0.800000,1.400000,0.000000,0.700000,2.000000,0.100000,0.100000,0.100000,0.100000,0.000000,0.000000,8.501743
4,7,18,100,0.800000,0.720000,0.000000,0.700000,2.000000,0.100000,0.100000,0.100000,0.100000,0.000000,0.000000,12.907349
4,7,14,100,0.800000,0.560000,0.000000,0.700000,2.000000,0.100000,0.100000,0.100000,0.100000,0.000000,0.000000,9.168494
4,7,15,100,0.800000,0.600000,0.000000,0.700000,2.000000,0.100000,0.100000,0.100000,0.100000,0.000000,0.000000,9.929089
4,7,12,100,0.800000,0.480000,0.000000,0.700000,2.000000,0.100000,0.100000,0.100000,0.100000,0.000000,0.000000,7.749135
4,7,46,100,0.800000,1.840000,0.000000,0.700000,2.000000,0.100000,0.100000,0.100000,0.100000,0.000000,0.000000,2.894623
4,7,30,100,0.800000,1.200000,0.000000,0.700000,2.000000,0.100000,0.100000,0.100000,0.100000,0.000000,0.000000,15.380307
4,7,7,100,0.800000,0.280000,0.000000,0.700000,2.000000,0.100000,0.100000,0.100000,0.100000,0.000000,0.000000,5.095054
4,7,36,100,0.800000,1.440000,0.000000,0.700000,2.000000,0.100000,0.100000,0.100000,0.100000,0.000000,0.000000,7.626085
4,7,42,100,0.800000,1.680000,0.000000,0.700000,2.000000,0.100000,0.100000,0.100000,0.100000,0.000000,0.000000,4.108358
4,7,3,100,0.800000,0.120000,0.000000,0.700000,2.000000,0.100000,0.100000,0.100000,0.100000,0.000000,0.000000,3.220797
4,7,8,100,0.800000,0.320000,0.000000,0.700000,2.000000,0.100000,0.100000,0.100000,0.100000,0.000000,0.000000,5.640008
4,7,13,100,0.800000,0.520000,0.000000,0.700000,2.000000,0.100000,0.100000,0.100000,0.100000,0.000000,0.000000,8.473945
4,7,27,100,0.800000,1.080000,0.000000,0.700000,2.000000,0.100000,0.100000,0.100000,0.100000,0.000000,0.000000,19.429942
4,7,25,100,0.800000,1.000000,0.000000,0.700000,2.000000,0.100000,0.100000,0.100000,0.100000,0.000000,0.000000,20.680239
4,7,29,100,0.800000,1.160000,0.000000,0.700000,2.000000,0.100000,0.100000,0.100000,0.100000,0.000000,0.000000,16.783860
4,7,32,100,0.800000,1.280000,0.000000,0.700000,2.000000,0.100000,0.100000,0.100000,0.100000,0.000000,0.000000,12.301201
4,7,38,100,0.800000,1.520000,0.000000,0.700000,2.000000,0.100000,0.100000,0.100000,0.100000,0.000000,0.000000,6.000183
4,7,19,100,0.800000,0.760000,0.000000,0.700000,2.000000,0.100000,0.100000,0.100000,0.100000,0.000000,0.000000,14.124419
4,7,31,100,0.800000,1.240000,0.000000,0.700000,2.000000,0.100000,0.100000,0.100000,0.100000,0.000000,0.000000,13.877939
4,7,24,100,0.800000,0.960000,0.000000,0.700000,2.000000,0.100000,0.100000,0.100000,0.100000,0.000000,0.000000,20.388500
4,8,21,100,0.800000,0.840000,0.000000,0.700000,2.000000,0.100000,0.100000,0.100000,0.100000,0.000000,0.000000,13.426133
4,8,30,100,0.800000,1.200000,0.000000,0.700000,2.000000,0.100000,0.100000,0.100000,0.100000,0.000000,0.000000,15.916592
4,8,37,100,0.800000,1.480000,0.000000,0.700000,2.000000,0.100000,0.100000,0.100000,0.100000,0.000000,0.000000,13.487237
4,8,33,100,0.800000,1.320000,0.000000,0.700000,2.000000,0.100000,0.100000,0.100000,0.100000,0.000000,0.000000,14.656394
4,8,7,100,0.800000,0.280000,0.000000,0.700000,2.000000,0.100000,0.100000,0.100000,0.100000,0.000000,0.000000,4.670171
4,8,9,100,0.800000,0.360000,0.000000,0.700000,2.000000,0.100000,0.100000,0.100000,0.100000,0.000000,0.000000,5.315307
4,8,4,100,0.800000,0.160000,0.000000,0.700000,2.000000,0.100000,0.100000,0.100000,0.100000,0.000000,0.000000,3.408589
4,8,32,100,0.800000,1.280000,0.000000,0.700000,2.000000,0.100000,0.100000,0.100000,0.100000,0.000000,0.000000,15.067684
4,8,12,100,0.800000,0.480000,0.000000,0.700000,2.000000,0.100000,0.100000,0.100000,0.100000,0.000000,0.000000,6.589852
4,8,29,100,0.800000,1.160000,0.000000,0.700000,2.000000,0.100000,0.100000,0.100000,0.100000,0.000000,0.000000,16.405513
4,8,11,100,0.800000,0.440000,0.000000,0.700000,2.000000,0.100000,0.100000,0.100000,0.100000,0.000000,0.000000,6.135631
4,8,6,100,0.800000,0.240000,0.000000,0.700000,2.000000,0.100000,0.100000,0.100000,0.100000,0.000000,0.000000,4.178374
4,8,28,100,0.800000,1.120000,0.000000,0.700000,2.000000,0.100000,0.100000,0.100000,0.100000,0.000000,0.000000,16.894666
4,8,23,100,0.800000,0.920000,0.000000,0.700000,2.000000,0.100000,0.100000,0.100000,0.100000,0.000000,0.000000,15.959649
4,8,41,100,0.800000,1.640000,0.000000,0.700000,2.000000,0.100000,0.100000,0.100000,0.100000,0.000000,0.000000,12.287687
4,8,10,100,0.800000,0.400000,0.000000,0.700000,2.000000,0.100000,0.100000,0.100000,0.100000,0.000000,0.000000,5.739678
4,8,17,100,0.800000,0.680000,0.000000,0.700000,2.000000,0.100000,0.100000,0.100000,0.100000,0.000000,0.000000,9.575127
4,8,15,100,0.800000,0.600000,0.000000,0.700000,2.000000,0.100000,0.100000,0.100000,0.100000,0.000000,0.000000,8.195029
4,8,3,100,0.800000,0.120000,0.000000,0.700000,2.000000,0.100000,0.100000,0.100000,0.100000,0.000000,0.000000,3.034259
4,8,14,100,0.800000,0.560000,0.000000,0.700000,2.000000,0.100000,0.100000,0.100000,0.100000,0.000000,0.000000,7.654110
4,8,0,100,0.800000,0.000000,0.000000,0.700000,2.000000,0.100000,0.100000,0.100000,0.100000,0.000000,0.000000,1.015425
4,7,50,100,0.800000,2.000000,0.000000,0.700000,2.000000,0.100000,0.100000,0.100000,0.100000,0.000000,0.000000,2.056954
4,8,26,100,0.800000,1.040000,0.000000,0.700000,2.000000,0.100000,0.100000,0.100000,0.100000,0.000000,0.000000,18.319797
4,8,5,100,0.800000,0.200000,0.000000,0.700000,2.000000,0.100000,0.100000,0.100000,0.100000,0.000000,0.000000,3.924568
4,8,40,100,0.800000,1.600000,0.000000,0.700000,2.000000,0.100000,0.100000,0.100000,0.100000,0.000000,0.000000,12.576139
4,8,18,100,0.800000,0.720000,0.000000,0.700000,2.000000,0.100000,0.100000,0.100000,0.100000,0.000000,0.000000,10.491344
4,8,39,100,0.800000,1.560000,0.000000,0.700000,2.000000,0.100000,0.100000,0.100000,0.100000,0.000000,0.000000,12.910249
4,8,38,100,0.800000,1.520000,0.000000,0.700000,2.000000,0.100000,0.100000,0.100000,0.100000,0.000000,0.000000,13.210368
4,8,31,100,0.800000,1.240000,0.000000,0.700000,2.000000,0.100000,0.100000,0.100000,0.100000,0.000000,0.000000,15.497103
4,8,25,100,0.800000,1.000000,0.000000,0.700000,2.000000,0.100000,0.100000,0.100000,0.100000,0.000000,0.000000,18.419487
4,8,1,100,0.800000,0.040000,0.000000,0.700000,2.000000,0.100000,0.100000,0.100000,0.100000,0.000000,0.000000,2.080840
4,8,27,100,0.800000,1.080000,0.000000,0.700000,2.000000,0.100000,0.100000,0.100000,0.100000,0.000000,0.000000,17.476041
4,8,36,100,0.800000,1.440000,0.000000,0.700000,2.000000,0.100000,0.100000,0.100000,0.100000,0.000000,0.000000,13.739892
4,8,16,100,0.800000,0.640000,0.000000,0.700000,2.000000,0.100000,0.100000,0.100000,0.100000,0.000000,0.000000,8.824541
4,7,48,100,0.800000,1.920000,0.000000,0.700000,2.000000,0.100000,0.100000,0.100000,0.100000,0.000000,0.000000,2.431077
4,8,35,100,0.800000,1.400000,0.000000,0.700000,2.000000,0.100000,0.100000,0.100000,0.100000,0.000000,0.000000,14.001473
4,8,20,100,0.800000,0.800000,0.000000,0.700000,2.000000,0.100000,0.100000,0.100000,0.100000,0.000000,0.000000,12.331850
4,8,24,100,0.800000,0.960000,0.000000,0.700000,2.000000,0.100000,0.100000,0.100000,0.100000,0.000000,0.000000,17.280940
4,8,22,100,0.800000,0.880000,0.000000,0.700000,2.000000,0.100000,0.100000,0.100000,0.100000,0.000000,0.000000,14.662289
4,7,49,100,0.800000,1.960000,0.000000,0.700000,2.000000,0.100000,0.100000,0.100000,0.100000,0.000000,0.000000,2.180714
4,8,13,100,0.800000,0.520000,0.000000,0.700000,2.000000,0.100000,0.100000,0.100000,0.100000,0.000000,0.000000,7.111154
4,8,2,100,0.800000,0.080000,0.000000,0.700000,2.000000,0.100000,0.100000,0.100000,0.100000,0.000000,0.000000,2.945809
4,8,8,100,0.800000,0.320000,0.000000,0.700000,2.000000,0.100000,0.100000,0.100000,0.100000,0.000000,0.000000,4.987532
4,8,34,100,0.800000,1.360000,0.000000,0.700000,2.000000,0.100000,0.100000,0.100000,0.100000,0.000000,0.000000,14.294360
4,8,19,100,0.800000,0.760000,0.000000,0.700000,2.000000,0.100000,0.100000,0.100000,0.100000,0.000000,0.000000,11.404426
4,9,22,100,0.800000,0.880000,0.000000,0.700000,2.000000,0.100000,0.100000,0.100000,0.100000,0.000000,0.000000,18.027968
4,8,47,100,0.800000,1.880000,0.000000,0.700000,2.000000,0.100000,0.100000,0.100000,0.100000,0.000000,0.000000,10.559707
4,9,10,100,0.800000,0.400000,0.000000,0.700000,2.000000,0.100000,0.100000,0.100000,0.100000,0.000000,0.000000,6.517353
4,8,49,100,0.800000,1.960000,0.000000,0.700000,2.000000,0.100000,0.100000,0.100000,0.100000,0.000000,0.000000,9.689570
4,9,28,100,0.800000,1.120000,0.000000,0.700000,2.000000,0.100000,0.100000,0.100000,0.100000,0.000000,0.000000,18.708684
4,9,25,100,0.800000,1.000000,0.000000,0.700000,2.000000,0.100000,0.100000,0.100000,0.100000,0.000000,0.000000,20.334139
4,9,32,100,0.800000,1.280000,0.000000,0.700000,2.000000,0.100000,0.100000,0.100000,0.100000,0.000000,0.000000,14.627387
4,9,8,100,0.800000,0.320000,0.000000,0.700000,2.000000,0.100000,0.100000,0.100000,0.100000,0.000000,0.000000,5.506572
4,8,46,100,0.800000,1.840000,0.000000,0.700000,2.000000,0.100000,0.100000,0.100000,0.100000,0.000000,0.000000,10.919063
4,9,18,100,0.800000,0.720000,0.000000,0.700000,2.000000,0.100000,0.100000,0.100000,0.100000,0.000000,0.000000,12.736993
4,9,4,100,0.800000,0.160000,0.000000,0.700000,2.000000,0.100000,0.100000,0.100000,0.100000,0.000000,0.000000,3.942294
4,8,45,100,0.800000,1.800000,0.000000,0.700000,2.000000,0.100000,0.100000,0.100000,0.100000,0.000000,0.000000,11.209365
4,8,50,100,0.800000,2.000000,0.000000,0.700000,2.000000,0.100000,0.100000,0.100000,0.100000,0.000000,0.000000,9.314247
4,9,26,100,0.800000,1.040000,0.000000,0.700000,2.000000,0.100000,0.100000,0.100000,0.100000,0.000000,0.000000,20.112217
4,8,44,100,0.800000,1.760000,0.000000,0.700000,2.000000,0.100000,0.100000,0.100000,0.100000,0.000000,0.000000,11.501839
4,9,5,100,0.800000,0.200000,0.000000,0.700000,2.000000,0.100000,0.100000,0.100000,0.100000,0.000000,0.000000,4.145710
4,9,30,100,0.800000,1.200000,0.000000,0.700000,2.000000,0.100000,0.100000,0.100000,0.100000,0.000000,0.000000,16.748062
4,9,17,100,0.800000,0.680000,0.000000,0.700000,2.000000,0.100000,0.100000,0.100000,0.100000,0.000000,0.000000,11.662785
4,9,13,100,0.800000,0.520000,0.000000,0.700000,2.000000,0.100000,0.100000,0.100000,0.100000,0.000000,0.000000,8.330147
4,9,1,100,0.800000,0.040000,0.000000,0.700000,2.000000,0.100000,0.100000,0.100000,0.100000,0.000000,0.000000,2.447989
4,8,42,100,0.800000,1.680000,0.000000,0.700000,2.000000,0.100000,0.100000,0.100000,0.100000,0.000000,0.000000,12.018635
4,9,34,100,0.800000,1.360000,0.000000,0.700000,2.000000,0.100000,0.100000,0.100000,0.100000,0.000000,0.000000,12.390258
4,9,24,100,0.800000,0.960000,0.000000,0.700000,2.000000,0.100000,0.100000,0.100000,0.100000,0.000000,0.000000,20.085934
4,9,23,100,0.800000,0.920000,0.000000,0.700000,2.000000,0.100000,0.100000,0.100000,0.100000,0.000000,0.000000,19.262708
4,9,21,100,0.800000,0.840000,0.000000,0.700000,2.000000,0.100000,0.100000,0.100000,0.100000,0.000000,0.000000,16.645479
4,9,15,100,0.800000,0.600000,0.000000,0.700000,2.000000,0.100000,0.100000,0.100000,0.100000,0.000000,0.000000,9.793257
4,9,16,100,0.800000,0.640000,0.000000,0.700000,2.000000,0.100000,0.100000,0.100000,0.100000,0.000000,0.000000,10.663755
4,9,31,100,0.800000,1.240000,0.000000,0.700000,2.000000,0.100000,0.100000,0.100000,0.100000,0.000000,0.000000,15.711726
4,9,29,100,0.800000,1.160000,0.000000,0.700000,2.000000,0.100000,0.100000,0.100000,0.100000,0.000000,0.000000,17.753449
4,9,11,100,0.800000,0.440000,0.000000,0.700000,2.000000,0.100000,0.100000,0.100000,0.100000,0.000000,0.000000,7.074488
4,9,12,100,0.800000,0.480000,0.000000,0.700000,2.000000,0.100000,0.100000,0.100000,0.100000,0.000000,0.000000,7.677415
4,9,2,100,0.800000,0.080000,0.000000,0.700000,2.000000,0.100000,0.100000,0.100000,0.100000,0.000000,0.000000,2.979648
4,9,14,100,0.800000,0.560000,0.000000,0.700000,2.000000,0.100000,0.100000,0.100000,0.100000,0.000000,0.000000,9.086417
4,9,0,100,0.800000,0.000000,0.000000,0.700000,2.000000,0.100000,0.100000,0.100000,0.100000,0.000000,0.000000,1.007869
4,9,35,100,0.800000,1.400000,0.000000,0.700000,2.000000,0.100000,0.100000,0.100000,0.100000,0.000000,0.000000,11.316074
4,9,20,100,0.800000,0.800000,0.000000,0.700000,2.000000,0.100000,0.100000,0.100000,0.100000,0.000000,0.000000,15.284822
4,9,3,100,0.800000,0.120000,0.000000,0.700000,2.000000,0.100000,0.100000,0.100000,0.100000,0.000000,0.000000,3.467544
4,8,48,100,0.800000,1.920000,0.000000,0.700000,2.000000,0.100000,0.100000,0.100000,0.100000,0.000000,0.000000,10.094521
4,9,19,100,0.800000,0.760000,0.000000,0.700000,2.000000,0.100000,0.100000,0.100000,0.100000,0.000000,0.000000,13.987030
4,9,9,100,0.800000,0.360000,0.000000,0.700000,2.000000,0.100000,0.100000,0.100000,0.100000,0.000000,0.000000,5.968625
4,9,6,100,0.800000,0.240000,0.000000,0.700000,2.000000,0.100000,0.100000,0.100000,0.100000,0.000000,0.000000,4.600650
4,8,43,100,0.800000,1.720000,0.000000,0.700000,2.000000,0.100000,0.100000,0.100000,0.100000,0.000000,0.000000,11.704986
4,9,27,100,0.800000,1.080000,0.000000,0.700000,2.000000,0.100000,0.100000,0.100000,0.100000,0.000000,0.000000,19.530946
4,9,33,100,0.800000,1.320000,0.000000,0.700000,2.000000,0.100000,0.100000,0.100000,0.100000,0.000000,0.000000,13.504363
4,9,7,100,0.800000,0.280000,0.000000,0.700000,2.000000,0.100000,0.100000,0.100000,0.100000,0.000000,0.000000,5.000867
4,9,45,100,0.800000,1.800000,0.000000,0.700000,2.000000,0.100000,0.100000,0.100000,0.100000,0.000000,0.000000,3.876933
4,9,37,100,0.800000,1.480000,0.000000,0.700000,2.000000,0.100000,0.100000,0.100000,0.100000,0.000000,0.000000,9.249348
4,9,42,100,0.800000,1.680000,0.000000,0.700000,2.000000,0.100000,0.100000,0.100000,0.100000,0.000000,0.000000,5.267201
4,9,44,100,0.800000,1.760000,0.000000,0.700000,2.000000,0.100000,0.100000,0.100000,0.100000,0.000000,0.000000,4.172587
4,9,40,100,0.800000,1.600000,0.000000,0.700000,2.000000,0.100000,0.100000,0.100000,0.100000,0.000000,0.000000,6.510679
4,9,46,100,0.800000,1.840000,0.000000,0.700000,2.000000,0.100000,0.100000,0.100000,0.100000,0.000000,0.000000,3.439480
4,9,47,100,0.800000,1.880000,0.000000,0.700000,2.000000,0.100000,0.100000,0.100000,0.100000,0.000000,0.000000,3.318617
4,9,48,100,0.800000,1.920000,0.000000,0.700000,2.000000,0.100000,0.100000,0.100000,0.100000,0.000000,0.000000,2.978700
4,9,43,100,0.800000,1.720000,0.000000,0.700000,2.000000,0.100000,0.100000,0.100000,0.100000,0.000000,0.000000,4.628949
4,9,36,100,0.800000,1.440000,0.000000,0.700000,2.000000,0.100000,0.100000,0.100000,0.100000,0.000000,0.000000,10.138848
4,9,50,100,0.800000,2.000000,0.000000,0.700000,2.000000,0.100000,0.100000,0.100000,0.100000,0.000000,0.000000,2.537599
4,9,38,100,0.800000,1.520000,0.000000,0.700000,2.000000,0.100000,0.100000,0.100000,0.100000,0.000000,0.000000,8.202251
4,9,41,100,0.800000,1.640000,0.000000,0.700000,2.000000,0.100000,0.100000,0.100000,0.100000,0.000000,0.000000,5.773693
4,9,39,100,0.800000,1.560000,0.000000,0.700000,2.000000,0.100000,0.100000,0.100000,0.100000,0.000000,0.000000,7.292399
4,9,49,100,0.800000,1.960000,0.000000,0.700000,2.000000,0.100000,0.100000,0.100000,0.100000,0.000000,0.000000,2.632682
